2026-03-17 18:08:59,574 DEBUG bleak.backends.corebluetooth.CentralManagerDelegate Discovered device F3058A40-DEA7-2576-8EBB-ECDA75DBD105: None @ RSSI: -101 (kCBAdvData <nsdict_keys(['kCBAdvDataIsConnectable', 'kCBAdvDataTimestamp', 'kCBAdvDataManufacturerData', 'kCBAdvDataRxSecondaryPHY', 'kCBAdvDataTxPowerLevel', 'kCBAdvDataRxPrimaryPHY'])>) and Central: <CBCentralManager: 0x13e064e40>
2026-03-17 18:08:59,914 DEBUG bleak.backends.corebluetooth.CentralManagerDelegate centralManager_didDiscoverPeripheral_advertisementData_RSSI_
2026-03-17 18:08:59,915 DEBUG bleak.backends.corebluetooth.CentralManagerDelegate Discovered device 70CB68AD-A245-EE0B-56C9-B7499E7919C6: None @ RSSI: -99 (kCBAdvData <nsdict_keys(['kCBAdvDataIsConnectable', 'kCBAdvDataManufacturerData', 'kCBAdvDataRxSecondaryPHY', 'kCBAdvDataTimestamp', 'kCBAdvDataRxPrimaryPHY'])>) and Central: <CBCentralManager: 0x13e064e40>
2026-03-17 18:09:00,214 DEBUG bleak.backends.corebluetooth.CentralManagerDelegate centralManager_didDiscoverPeripheral_advertisementData_RSSI_
2026-03-17 18:09:00,216 DEBUG bleak.backends.corebluetooth.CentralManagerDelegate Discovered device 794FD30C-C48D-B15B-332C-1C1A31B019EF: None @ RSSI: -49 (kCBAdvData <nsdict_keys(['kCBAdvDataIsConnectable', 'kCBAdvDataManufacturerData', 'kCBAdvDataRxSecondaryPHY', 'kCBAdvDataTimestamp', 'kCBAdvDataRxPrimaryPHY'])>) and Central: <CBCentralManager: 0x13e064e40>
2026-03-17 18:09:00,492 DEBUG bleak.backends.corebluetooth.CentralManagerDelegate centralManager_didDiscoverPeripheral_advertisementData_RSSI_
2026-03-17 18:09:00,494 DEBUG bleak.backends.corebluetooth.CentralManagerDelegate Discovered device B44727D0-ACE2-3F36-1D3A-2B3B1C02B00C: None @ RSSI: -66 (kCBAdvData <nsdict_keys(['kCBAdvDataIsConnectable', 'kCBAdvDataManufacturerData', 'kCBAdvDataRxSecondaryPHY', 'kCBAdvDataTimestamp', 'kCBAdvDataRxPrimaryPHY'])>) and Central: <CBCentralManager: 0x13e064e40>
2026-03-17 18:09:00,767 DEBUG bleak.backends.corebluetooth.CentralManagerDelegate centralManager_didDiscoverPeripheral_advertisementData_RSSI_
2026-03-17 18:09:00,768 DEBUG bleak.backends.corebluetooth.CentralManagerDelegate Discovered device 91500ADB-F357-BE00-E5E0-1DC52A29C89F: ELK-BLEDOM  0 @ RSSI: -69 (kCBAdvData <nsdict_keys(['kCBAdvDataLocalName', 'kCBAdvDataRxPrimaryPHY', 'kCBAdvDataRxSecondaryPHY', 'kCBAdvDataTimestamp', 'kCBAdvDataIsConnectable'])>) and Central: <CBCentralManager: 0x13e064e40>
2026-03-17 18:09:00,768 DEBUG bleak.backends.corebluetooth.CentralManagerDelegate centralManager_didDiscoverPeripheral_advertisementData_RSSI_
2026-03-17 18:09:00,769 DEBUG bleak.backends.corebluetooth.CentralManagerDelegate Discovered device 91500ADB-F357-BE00-E5E0-1DC52A29C89F: ELK-BLEDOM  0 @ RSSI: -69 (kCBAdvData <nsdict_keys(['kCBAdvDataLocalName', 'kCBAdvDataRxPrimaryPHY', 'kCBAdvDataRxSecondaryPHY', 'kCBAdvDataTimestamp', 'kCBAdvDataIsConnectable'])>) and Central: <CBCentralManager: 0x13e064e40>
2026-03-17 18:09:00,778 DEBUG bleak.backends.corebluetooth.CentralManagerDelegate centralManager_didDiscoverPeripheral_advertisementData_RSSI_
2026-03-17 18:09:00,781 DEBUG bleak.backends.corebluetooth.CentralManagerDelegate Discovered device 794FD30C-C48D-B15B-332C-1C1A31B019EF: None @ RSSI: -47 (kCBAdvData <nsdict_keys(['kCBAdvDataIsConnectable', 'kCBAdvDataManufacturerData', 'kCBAdvDataRxSecondaryPHY', 'kCBAdvDataTimestamp', 'kCBAdvDataRxPrimaryPHY'])>) and Central: <CBCentralManager: 0x13e064e40>
2026-03-17 18:09:00,802 DEBUG bleak.backends.corebluetooth.CentralManagerDelegate centralManager_didDiscoverPeripheral_advertisementData_RSSI_
2026-03-17 18:09:00,802 DEBUG bleak.backends.corebluetooth.CentralManagerDelegate Discovered device 97A9D8BE-4298-0A28-80C1-6F7213FE0D96: Noah’s iPhone @ RSSI: -35 (kCBAdvData <nsdict_keys(['kCBAdvDataIsConnectable', 'kCBAdvDataTimestamp', 'kCBAdvDataManufacturerData', 'kCBAdvDataRxSecondaryPHY', 'kCBAdvDataTxPowerLevel', 'kCBAdvDataRxPrimaryPHY'])>) and Central: <CBCentralManager: 0x13e064e40>
2026-03-17 18:09:00,802 DEBUG bleak.backends.corebluetooth.CentralManagerDelegate centralManager_didDiscoverPeripheral_advertisementData_RSSI_
2026-03-17 18:09:00,803 DEBUG bleak.backends.corebluetooth.CentralManagerDelegate Discovered device 97A9D8BE-4298-0A28-80C1-6F7213FE0D96: Noah’s iPhone @ RSSI: -35 (kCBAdvData <nsdict_keys(['kCBAdvDataIsConnectable', 'kCBAdvDataTimestamp', 'kCBAdvDataManufacturerData', 'kCBAdvDataRxSecondaryPHY', 'kCBAdvDataTxPowerLevel', 'kCBAdvDataRxPrimaryPHY'])>) and Central: <CBCentralManager: 0x13e064e40>
2026-03-17 18:09:00,806 DEBUG bleak.backends.corebluetooth.CentralManagerDelegate centralManager_didDiscoverPeripheral_advertisementData_RSSI_
2026-03-17 18:09:00,806 DEBUG bleak.backends.corebluetooth.CentralManagerDelegate Discovered device B44727D0-ACE2-3F36-1D3A-2B3B1C02B00C: None @ RSSI: -65 (kCBAdvData <nsdict_keys(['kCBAdvDataIsConnectable', 'kCBAdvDataManufacturerData', 'kCBAdvDataRxSecondaryPHY', 'kCBAdvDataTimestamp', 'kCBAdvDataRxPrimaryPHY'])>) and Central: <CBCentralManager: 0x13e064e40>
2026-03-17 18:09:01,075 DEBUG bleak.backends.corebluetooth.CentralManagerDelegate centralManager_didDiscoverPeripheral_advertisementData_RSSI_
2026-03-17 18:09:01,076 DEBUG bleak.backends.corebluetooth.CentralManagerDelegate Discovered device 97A9D8BE-4298-0A28-80C1-6F7213FE0D96: Noah’s iPhone @ RSSI: -39 (kCBAdvData <nsdict_keys(['kCBAdvDataIsConnectable', 'kCBAdvDataTimestamp', 'kCBAdvDataManufacturerData', 'kCBAdvDataRxSecondaryPHY', 'kCBAdvDataTxPowerLevel', 'kCBAdvDataRxPrimaryPHY'])>) and Central: <CBCentralManager: 0x13e064e40>
2026-03-17 18:09:01,078 DEBUG bleak.backends.corebluetooth.CentralManagerDelegate centralManager_didDiscoverPeripheral_advertisementData_RSSI_
2026-03-17 18:09:01,078 DEBUG bleak.backends.corebluetooth.CentralManagerDelegate Discovered device 97A9D8BE-4298-0A28-80C1-6F7213FE0D96: Noah’s iPhone @ RSSI: -39 (kCBAdvData <nsdict_keys(['kCBAdvDataIsConnectable', 'kCBAdvDataTimestamp', 'kCBAdvDataManufacturerData', 'kCBAdvDataRxSecondaryPHY', 'kCBAdvDataTxPowerLevel', 'kCBAdvDataRxPrimaryPHY'])>) and Central: <CBCentralManager: 0x13e064e40>
2026-03-17 18:09:01,103 DEBUG bleak.backends.corebluetooth.CentralManagerDelegate centralManager_didDiscoverPeripheral_advertisementData_RSSI_
2026-03-17 18:09:01,104 DEBUG bleak.backends.corebluetooth.CentralManagerDelegate Discovered device 493ABAA2-42A0-11C9-D28F-907C67F13792: None @ RSSI: -47 (kCBAdvData <nsdict_keys(['kCBAdvDataIsConnectable', 'kCBAdvDataTimestamp', 'kCBAdvDataManufacturerData', 'kCBAdvDataRxSecondaryPHY', 'kCBAdvDataTxPowerLevel', 'kCBAdvDataRxPrimaryPHY'])>) and Central: <CBCentralManager: 0x13e064e40>
2026-03-17 18:09:01,105 DEBUG bleak.backends.corebluetooth.CentralManagerDelegate centralManager_didDiscoverPeripheral_advertisementData_RSSI_
2026-03-17 18:09:01,105 DEBUG bleak.backends.corebluetooth.CentralManagerDelegate Discovered device 493ABAA2-42A0-11C9-D28F-907C67F13792: None @ RSSI: -47 (kCBAdvData <nsdict_keys(['kCBAdvDataIsConnectable', 'kCBAdvDataTimestamp', 'kCBAdvDataManufacturerData', 'kCBAdvDataRxSecondaryPHY', 'kCBAdvDataTxPowerLevel', 'kCBAdvDataRxPrimaryPHY'])>) and Central: <CBCentralManager: 0x13e064e40>
2026-03-17 18:09:01,383 DEBUG bleak.backends.corebluetooth.CentralManagerDelegate centralManager_didDiscoverPeripheral_advertisementData_RSSI_
2026-03-17 18:09:01,384 DEBUG bleak.backends.corebluetooth.CentralManagerDelegate centralManager_didDiscoverPeripheral_advertisementData_RSSI_
2026-03-17 18:09:01,385 DEBUG bleak.backends.corebluetooth.CentralManagerDelegate Discovered device 493ABAA2-42A0-11C9-D28F-907C67F13792: None @ RSSI: -45 (kCBAdvData <nsdict_keys(['kCBAdvDataIsConnectable', 'kCBAdvDataTimestamp', 'kCBAdvDataManufacturerData', 'kCBAdvDataRxSecondaryPHY', 'kCBAdvDataTxPowerLevel', 'kCBAdvDataRxPrimaryPHY'])>) and Central: <CBCentralManager: 0x13e064e40>
2026-03-17 18:09:01,386 DEBUG bleak.backends.corebluetooth.CentralManagerDelegate Discovered device 493ABAA2-42A0-11C9-D28F-907C67F13792: None @ RSSI: -45 (kCBAdvData <nsdict_keys(['kCBAdvDataIsConnectable', 'kCBAdvDataTimestamp', 'kCBAdvDataManufacturerData', 'kCBAdvDataRxSecondaryPHY', 'kCBAdvDataTxPowerLevel', 'kCBAdvDataRxPrimaryPHY'])>) and Central: <CBCentralManager: 0x13e064e40>
2026-03-17 18:09:01,396 DEBUG bleak.backends.corebluetooth.CentralManagerDelegate centralManager_didDiscoverPeripheral_advertisementData_RSSI_
2026-03-17 18:09:01,396 DEBUG bleak.backends.corebluetooth.CentralManagerDelegate centralManager_didDiscoverPeripheral_advertisementData_RSSI_
2026-03-17 18:09:01,397 DEBUG bleak.backends.corebluetooth.CentralManagerDelegate Discovered device E1419538-AEB1-6449-3E06-52F432D4D9B1: None @ RSSI: -45 (kCBAdvData <nsdict_keys(['kCBAdvDataIsConnectable', 'kCBAdvDataTimestamp', 'kCBAdvDataManufacturerData', 'kCBAdvDataRxSecondaryPHY', 'kCBAdvDataTxPowerLevel', 'kCBAdvDataRxPrimaryPHY'])>) and Central: <CBCentralManager: 0x13e064e40>
2026-03-17 18:09:01,397 DEBUG bleak.backends.corebluetooth.CentralManagerDelegate Discovered device E1419538-AEB1-6449-3E06-52F432D4D9B1: None @ RSSI: -45 (kCBAdvData <nsdict_keys(['kCBAdvDataIsConnectable', 'kCBAdvDataTimestamp', 'kCBAdvDataManufacturerData', 'kCBAdvDataRxSecondaryPHY', 'kCBAdvDataTxPowerLevel', 'kCBAdvDataRxPrimaryPHY'])>) and Central: <CBCentralManager: 0x13e064e40>
2026-03-17 18:09:01,407 DEBUG bleak.backends.corebluetooth.CentralManagerDelegate centralManager_didDiscoverPeripheral_advertisementData_RSSI_
2026-03-17 18:09:01,408 DEBUG bleak.backends.corebluetooth.CentralManagerDelegate Discovered device 91500ADB-F357-BE00-E5E0-1DC52A29C89F: ELK-BLEDOM  0 @ RSSI: -68 (kCBAdvData <nsdict_keys(['kCBAdvDataLocalName', 'kCBAdvDataRxPrimaryPHY', 'kCBAdvDataRxSecondaryPHY', 'kCBAdvDataTimestamp', 'kCBAdvDataIsConnectable'])>) and Central: <CBCentralManager: 0x13e064e40>
2026-03-17 18:09:01,409 DEBUG bleak.backends.corebluetooth.CentralManagerDelegate centralManager_didDiscoverPeripheral_advertisementData_RSSI_
2026-03-17 18:09:01,409 DEBUG bleak.backends.corebluetooth.CentralManagerDelegate Discovered device 91500ADB-F357-BE00-E5E0-1DC52A29C89F: ELK-BLEDOM  0 @ RSSI: -68 (kCBAdvData <nsdict_keys(['kCBAdvDataLocalName', 'kCBAdvDataRxPrimaryPHY', 'kCBAdvDataRxSecondaryPHY', 'kCBAdvDataTimestamp', 'kCBAdvDataIsConnectable'])>) and Central: <CBCentralManager: 0x13e064e40>
2026-03-17 18:09:01,424 DEBUG bleak.backends.corebluetooth.CentralManagerDelegate centralManager_didDiscoverPeripheral_advertisementData_RSSI_
2026-03-17 18:09:01,424 DEBUG bleak.backends.corebluetooth.CentralManagerDelegate Discovered device 78180ED1-70B7-E345-0F16-9F49620B11A2: None @ RSSI: -80 (kCBAdvData <nsdict_keys(['kCBAdvDataIsConnectable', 'kCBAdvDataTimestamp', 'kCBAdvDataManufacturerData', 'kCBAdvDataRxSecondaryPHY', 'kCBAdvDataTxPowerLevel', 'kCBAdvDataRxPrimaryPHY'])>) and Central: <CBCentralManager: 0x13e064e40>
2026-03-17 18:09:01,425 DEBUG bleak.backends.corebluetooth.CentralManagerDelegate centralManager_didDiscoverPeripheral_advertisementData_RSSI_
2026-03-17 18:09:01,426 DEBUG bleak.backends.corebluetooth.CentralManagerDelegate Discovered device 78180ED1-70B7-E345-0F16-9F49620B11A2: None @ RSSI: -81 (kCBAdvData <nsdict_keys(['kCBAdvDataIsConnectable', 'kCBAdvDataTimestamp', 'kCBAdvDataManufacturerData', 'kCBAdvDataRxSecondaryPHY', 'kCBAdvDataTxPowerLevel', 'kCBAdvDataRxPrimaryPHY'])>) and Central: <CBCentralManager: 0x13e064e40>
2026-03-17 18:09:01,678 DEBUG bleak.backends.corebluetooth.CentralManagerDelegate centralManager_didDiscoverPeripheral_advertisementData_RSSI_
2026-03-17 18:09:01,679 DEBUG bleak.backends.corebluetooth.CentralManagerDelegate centralManager_didDiscoverPeripheral_advertisementData_RSSI_
2026-03-17 18:09:01,680 DEBUG bleak.backends.corebluetooth.CentralManagerDelegate Discovered device E1419538-AEB1-6449-3E06-52F432D4D9B1: None @ RSSI: -46 (kCBAdvData <nsdict_keys(['kCBAdvDataIsConnectable', 'kCBAdvDataTimestamp', 'kCBAdvDataManufacturerData', 'kCBAdvDataRxSecondaryPHY', 'kCBAdvDataTxPowerLevel', 'kCBAdvDataRxPrimaryPHY'])>) and Central: <CBCentralManager: 0x13e064e40>
2026-03-17 18:09:01,681 DEBUG bleak.backends.corebluetooth.CentralManagerDelegate Discovered device E1419538-AEB1-6449-3E06-52F432D4D9B1: None @ RSSI: -46 (kCBAdvData <nsdict_keys(['kCBAdvDataIsConnectable', 'kCBAdvDataTimestamp', 'kCBAdvDataManufacturerData', 'kCBAdvDataRxSecondaryPHY', 'kCBAdvDataTxPowerLevel', 'kCBAdvDataRxPrimaryPHY'])>) and Central: <CBCentralManager: 0x13e064e40>
2026-03-17 18:09:01,970 DEBUG bleak.backends.corebluetooth.CentralManagerDelegate centralManager_didDiscoverPeripheral_advertisementData_RSSI_
2026-03-17 18:09:01,971 DEBUG bleak.backends.corebluetooth.CentralManagerDelegate Discovered device 86DDA426-B077-D1DA-4A2D-66DB6A8A9755: [TV] Samsung 7 Series (49) @ RSSI: -93 (kCBAdvData <nsdict_keys(['kCBAdvDataIsConnectable', 'kCBAdvDataManufacturerData', 'kCBAdvDataRxSecondaryPHY', 'kCBAdvDataTimestamp', 'kCBAdvDataRxPrimaryPHY'])>) and Central: <CBCentralManager: 0x13e064e40>
2026-03-17 18:09:02,270 DEBUG bleak.backends.corebluetooth.CentralManagerDelegate centralManager_didDiscoverPeripheral_advertisementData_RSSI_
2026-03-17 18:09:02,272 DEBUG bleak.backends.corebluetooth.CentralManagerDelegate Discovered device 794FD30C-C48D-B15B-332C-1C1A31B019EF: None @ RSSI: -44 (kCBAdvData <nsdict_keys(['kCBAdvDataIsConnectable', 'kCBAdvDataManufacturerData', 'kCBAdvDataRxSecondaryPHY', 'kCBAdvDataTimestamp', 'kCBAdvDataRxPrimaryPHY'])>) and Central: <CBCentralManager: 0x13e064e40>
2026-03-17 18:09:02,276 DEBUG bleak.backends.corebluetooth.CentralManagerDelegate centralManager_didDiscoverPeripheral_advertisementData_RSSI_
2026-03-17 18:09:02,278 DEBUG bleak.backends.corebluetooth.CentralManagerDelegate Discovered device 86DDA426-B077-D1DA-4A2D-66DB6A8A9755: [TV] Samsung 7 Series (49) @ RSSI: -87 (kCBAdvData <nsdict_keys(['kCBAdvDataIsConnectable', 'kCBAdvDataManufacturerData', 'kCBAdvDataRxSecondaryPHY', 'kCBAdvDataTimestamp', 'kCBAdvDataRxPrimaryPHY'])>) and Central: <CBCentralManager: 0x13e064e40>
2026-03-17 18:09:02,299 DEBUG bleak.backends.corebluetooth.CentralManagerDelegate centralManager_didDiscoverPeripheral_advertisementData_RSSI_
2026-03-17 18:09:02,300 DEBUG bleak.backends.corebluetooth.CentralManagerDelegate centralManager_didDiscoverPeripheral_advertisementData_RSSI_
2026-03-17 18:09:02,300 DEBUG bleak.backends.corebluetooth.CentralManagerDelegate Discovered device 9927D8C7-CD57-F01E-4EF0-0F04EA874916: None @ RSSI: -88 (kCBAdvData <nsdict_keys(['kCBAdvDataIsConnectable', 'kCBAdvDataTimestamp', 'kCBAdvDataManufacturerData', 'kCBAdvDataRxSecondaryPHY', 'kCBAdvDataTxPowerLevel', 'kCBAdvDataRxPrimaryPHY'])>) and Central: <CBCentralManager: 0x13e064e40>
2026-03-17 18:09:02,301 DEBUG bleak.backends.corebluetooth.CentralManagerDelegate Discovered device 9927D8C7-CD57-F01E-4EF0-0F04EA874916: None @ RSSI: -88 (kCBAdvData <nsdict_keys(['kCBAdvDataIsConnectable', 'kCBAdvDataTimestamp', 'kCBAdvDataManufacturerData', 'kCBAdvDataRxSecondaryPHY', 'kCBAdvDataTxPowerLevel', 'kCBAdvDataRxPrimaryPHY'])>) and Central: <CBCentralManager: 0x13e064e40>
2026-03-17 18:09:02,571 DEBUG bleak.backends.corebluetooth.CentralManagerDelegate centralManager_didDiscoverPeripheral_advertisementData_RSSI_
2026-03-17 18:09:02,572 DEBUG bleak.backends.corebluetooth.CentralManagerDelegate centralManager_didDiscoverPeripheral_advertisementData_RSSI_
2026-03-17 18:09:02,573 DEBUG bleak.backends.corebluetooth.CentralManagerDelegate Discovered device 9927D8C7-CD57-F01E-4EF0-0F04EA874916: None @ RSSI: -79 (kCBAdvData <nsdict_keys(['kCBAdvDataIsConnectable', 'kCBAdvDataTimestamp', 'kCBAdvDataManufacturerData', 'kCBAdvDataRxSecondaryPHY', 'kCBAdvDataTxPowerLevel', 'kCBAdvDataRxPrimaryPHY'])>) and Central: <CBCentralManager: 0x13e064e40>
2026-03-17 18:09:02,574 DEBUG bleak.backends.corebluetooth.CentralManagerDelegate Discovered device 9927D8C7-CD57-F01E-4EF0-0F04EA874916: None @ RSSI: -79 (kCBAdvData <nsdict_keys(['kCBAdvDataIsConnectable', 'kCBAdvDataTimestamp', 'kCBAdvDataManufacturerData', 'kCBAdvDataRxSecondaryPHY', 'kCBAdvDataTxPowerLevel', 'kCBAdvDataRxPrimaryPHY'])>) and Central: <CBCentralManager: 0x13e064e40>
2026-03-17 18:09:02,587 DEBUG bleak.backends.corebluetooth.CentralManagerDelegate centralManager_didDiscoverPeripheral_advertisementData_RSSI_
2026-03-17 18:09:02,587 DEBUG bleak.backends.corebluetooth.CentralManagerDelegate Discovered device B44727D0-ACE2-3F36-1D3A-2B3B1C02B00C: None @ RSSI: -64 (kCBAdvData <nsdict_keys(['kCBAdvDataIsConnectable', 'kCBAdvDataManufacturerData', 'kCBAdvDataRxSecondaryPHY', 'kCBAdvDataTimestamp', 'kCBAdvDataRxPrimaryPHY'])>) and Central: <CBCentralManager: 0x13e064e40>
2026-03-17 18:09:02,906 DEBUG bleak.backends.corebluetooth.CentralManagerDelegate centralManager_didDiscoverPeripheral_advertisementData_RSSI_
2026-03-17 18:09:02,906 DEBUG bleak.backends.corebluetooth.CentralManagerDelegate Discovered device B44727D0-ACE2-3F36-1D3A-2B3B1C02B00C: None @ RSSI: -64 (kCBAdvData <nsdict_keys(['kCBAdvDataIsConnectable', 'kCBAdvDataManufacturerData', 'kCBAdvDataRxSecondaryPHY', 'kCBAdvDataTimestamp', 'kCBAdvDataRxPrimaryPHY'])>) and Central: <CBCentralManager: 0x13e064e40>
2026-03-17 18:09:03,220 DEBUG bleak.backends.corebluetooth.CentralManagerDelegate centralManager_didDiscoverPeripheral_advertisementData_RSSI_
2026-03-17 18:09:03,221 DEBUG bleak.backends.corebluetooth.CentralManagerDelegate Discovered device B44727D0-ACE2-3F36-1D3A-2B3B1C02B00C: None @ RSSI: -66 (kCBAdvData <nsdict_keys(['kCBAdvDataIsConnectable', 'kCBAdvDataManufacturerData', 'kCBAdvDataRxSecondaryPHY', 'kCBAdvDataTimestamp', 'kCBAdvDataRxPrimaryPHY'])>) and Central: <CBCentralManager: 0x13e064e40>
2026-03-17 18:09:03,231 DEBUG bleak.backends.corebluetooth.CentralManagerDelegate centralManager_didDiscoverPeripheral_advertisementData_RSSI_
2026-03-17 18:09:03,232 DEBUG bleak.backends.corebluetooth.CentralManagerDelegate Discovered device 12268CD3-B6ED-69C4-0DBD-2F05796F3E05: [TV] TV @ RSSI: -58 (kCBAdvData <nsdict_keys(['kCBAdvDataIsConnectable', 'kCBAdvDataManufacturerData', 'kCBAdvDataRxSecondaryPHY', 'kCBAdvDataTimestamp', 'kCBAdvDataRxPrimaryPHY'])>) and Central: <CBCentralManager: 0x13e064e40>
2026-03-17 18:09:03,232 DEBUG bleak.backends.corebluetooth.CentralManagerDelegate centralManager_didDiscoverPeripheral_advertisementData_RSSI_
2026-03-17 18:09:03,233 DEBUG bleak.backends.corebluetooth.CentralManagerDelegate Discovered device 09AD2A89-0D8D-A1E6-76B7-924F6E2A1F51: None @ RSSI: -58 (kCBAdvData <nsdict_keys(['kCBAdvDataIsConnectable', 'kCBAdvDataManufacturerData', 'kCBAdvDataRxSecondaryPHY', 'kCBAdvDataTimestamp', 'kCBAdvDataRxPrimaryPHY'])>) and Central: <CBCentralManager: 0x13e064e40>
2026-03-17 18:09:04,410 DEBUG bleak.backends.corebluetooth.CentralManagerDelegate centralManager_didDiscoverPeripheral_advertisementData_RSSI_
2026-03-17 18:09:04,412 DEBUG bleak.backends.corebluetooth.CentralManagerDelegate Discovered device 86DDA426-B077-D1DA-4A2D-66DB6A8A9755: [TV] Samsung 7 Series (49) @ RSSI: -86 (kCBAdvData <nsdict_keys(['kCBAdvDataIsConnectable', 'kCBAdvDataManufacturerData', 'kCBAdvDataRxSecondaryPHY', 'kCBAdvDataTimestamp', 'kCBAdvDataRxPrimaryPHY'])>) and Central: <CBCentralManager: 0x13e064e40>
2026-03-17 18:09:04,423 DEBUG bleak.backends.corebluetooth.CentralManagerDelegate centralManager_didDiscoverPeripheral_advertisementData_RSSI_
2026-03-17 18:09:04,423 DEBUG bleak.backends.corebluetooth.CentralManagerDelegate centralManager_didDiscoverPeripheral_advertisementData_RSSI_
2026-03-17 18:09:04,424 DEBUG bleak.backends.corebluetooth.CentralManagerDelegate Discovered device 493ABAA2-42A0-11C9-D28F-907C67F13792: None @ RSSI: -45 (kCBAdvData <nsdict_keys(['kCBAdvDataIsConnectable', 'kCBAdvDataTimestamp', 'kCBAdvDataManufacturerData', 'kCBAdvDataRxSecondaryPHY', 'kCBAdvDataTxPowerLevel', 'kCBAdvDataRxPrimaryPHY'])>) and Central: <CBCentralManager: 0x13e064e40>
2026-03-17 18:09:04,425 DEBUG bleak.backends.corebluetooth.CentralManagerDelegate Discovered device 493ABAA2-42A0-11C9-D28F-907C67F13792: None @ RSSI: -45 (kCBAdvData <nsdict_keys(['kCBAdvDataIsConnectable', 'kCBAdvDataTimestamp', 'kCBAdvDataManufacturerData', 'kCBAdvDataRxSecondaryPHY', 'kCBAdvDataTxPowerLevel', 'kCBAdvDataRxPrimaryPHY'])>) and Central: <CBCentralManager: 0x13e064e40>
2026-03-17 18:09:04,695 DEBUG bleak.backends.corebluetooth.CentralManagerDelegate centralManager_didDiscoverPeripheral_advertisementData_RSSI_
2026-03-17 18:09:04,697 DEBUG bleak.backends.corebluetooth.CentralManagerDelegate centralManager_didDiscoverPeripheral_advertisementData_RSSI_
2026-03-17 18:09:04,698 DEBUG bleak.backends.corebluetooth.CentralManagerDelegate Discovered device 794FD30C-C48D-B15B-332C-1C1A31B019EF: None @ RSSI: -46 (kCBAdvData <nsdict_keys(['kCBAdvDataIsConnectable', 'kCBAdvDataManufacturerData', 'kCBAdvDataRxSecondaryPHY', 'kCBAdvDataTimestamp', 'kCBAdvDataRxPrimaryPHY'])>) and Central: <CBCentralManager: 0x13e064e40>
2026-03-17 18:09:04,698 DEBUG bleak.backends.corebluetooth.CentralManagerDelegate centralManager_didDiscoverPeripheral_advertisementData_RSSI_
2026-03-17 18:09:04,699 DEBUG bleak.backends.corebluetooth.CentralManagerDelegate Discovered device E1419538-AEB1-6449-3E06-52F432D4D9B1: None @ RSSI: -46 (kCBAdvData <nsdict_keys(['kCBAdvDataIsConnectable', 'kCBAdvDataTimestamp', 'kCBAdvDataManufacturerData', 'kCBAdvDataRxSecondaryPHY', 'kCBAdvDataTxPowerLevel', 'kCBAdvDataRxPrimaryPHY'])>) and Central: <CBCentralManager: 0x13e064e40>
2026-03-17 18:09:04,701 DEBUG bleak.backends.corebluetooth.CentralManagerDelegate Discovered device E1419538-AEB1-6449-3E06-52F432D4D9B1: None @ RSSI: -47 (kCBAdvData <nsdict_keys(['kCBAdvDataIsConnectable', 'kCBAdvDataTimestamp', 'kCBAdvDataManufacturerData', 'kCBAdvDataRxSecondaryPHY', 'kCBAdvDataTxPowerLevel', 'kCBAdvDataRxPrimaryPHY'])>) and Central: <CBCentralManager: 0x13e064e40>
2026-03-17 18:09:04,701 DEBUG bleak.backends.corebluetooth.CentralManagerDelegate centralManager_didDiscoverPeripheral_advertisementData_RSSI_
2026-03-17 18:09:04,702 DEBUG bleak.backends.corebluetooth.CentralManagerDelegate centralManager_didDiscoverPeripheral_advertisementData_RSSI_
2026-03-17 18:09:04,703 DEBUG bleak.backends.corebluetooth.CentralManagerDelegate Discovered device 78180ED1-70B7-E345-0F16-9F49620B11A2: None @ RSSI: -77 (kCBAdvData <nsdict_keys(['kCBAdvDataIsConnectable', 'kCBAdvDataTimestamp', 'kCBAdvDataManufacturerData', 'kCBAdvDataRxSecondaryPHY', 'kCBAdvDataTxPowerLevel', 'kCBAdvDataRxPrimaryPHY'])>) and Central: <CBCentralManager: 0x13e064e40>
2026-03-17 18:09:04,704 DEBUG bleak.backends.corebluetooth.CentralManagerDelegate Discovered device 78180ED1-70B7-E345-0F16-9F49620B11A2: None @ RSSI: -77 (kCBAdvData <nsdict_keys(['kCBAdvDataIsConnectable', 'kCBAdvDataTimestamp', 'kCBAdvDataManufacturerData', 'kCBAdvDataRxSecondaryPHY', 'kCBAdvDataTxPowerLevel', 'kCBAdvDataRxPrimaryPHY'])>) and Central: <CBCentralManager: 0x13e064e40>
2026-03-17 18:09:04,737 DEBUG bleak.backends.corebluetooth.CentralManagerDelegate centralManager_didDiscoverPeripheral_advertisementData_RSSI_
2026-03-17 18:09:04,739 DEBUG bleak.backends.corebluetooth.CentralManagerDelegate centralManager_didDiscoverPeripheral_advertisementData_RSSI_
2026-03-17 18:09:04,740 DEBUG bleak.backends.corebluetooth.CentralManagerDelegate Discovered device 4BBD7E5E-BC3C-9E48-2670-2097317F356A: None @ RSSI: -73 (kCBAdvData <nsdict_keys(['kCBAdvDataIsConnectable', 'kCBAdvDataTimestamp', 'kCBAdvDataManufacturerData', 'kCBAdvDataRxSecondaryPHY', 'kCBAdvDataTxPowerLevel', 'kCBAdvDataRxPrimaryPHY'])>) and Central: <CBCentralManager: 0x13e064e40>
2026-03-17 18:09:04,741 DEBUG bleak.backends.corebluetooth.CentralManagerDelegate Discovered device 4BBD7E5E-BC3C-9E48-2670-2097317F356A: None @ RSSI: -73 (kCBAdvData <nsdict_keys(['kCBAdvDataIsConnectable', 'kCBAdvDataTimestamp', 'kCBAdvDataManufacturerData', 'kCBAdvDataRxSecondaryPHY', 'kCBAdvDataTxPowerLevel', 'kCBAdvDataRxPrimaryPHY'])>) and Central: <CBCentralManager: 0x13e064e40>
2026-03-17 18:09:05,002 DEBUG bleak.backends.corebluetooth.CentralManagerDelegate centralManager_didDiscoverPeripheral_advertisementData_RSSI_
2026-03-17 18:09:05,004 DEBUG bleak.backends.corebluetooth.CentralManagerDelegate centralManager_didDiscoverPeripheral_advertisementData_RSSI_
2026-03-17 18:09:05,005 DEBUG bleak.backends.corebluetooth.CentralManagerDelegate Discovered device 4BBD7E5E-BC3C-9E48-2670-2097317F356A: None @ RSSI: -65 (kCBAdvData <nsdict_keys(['kCBAdvDataIsConnectable', 'kCBAdvDataTimestamp', 'kCBAdvDataManufacturerData', 'kCBAdvDataRxSecondaryPHY', 'kCBAdvDataTxPowerLevel', 'kCBAdvDataRxPrimaryPHY'])>) and Central: <CBCentralManager: 0x13e064e40>
2026-03-17 18:09:05,006 DEBUG bleak.backends.corebluetooth.CentralManagerDelegate Discovered device 4BBD7E5E-BC3C-9E48-2670-2097317F356A: None @ RSSI: -65 (kCBAdvData <nsdict_keys(['kCBAdvDataIsConnectable', 'kCBAdvDataTimestamp', 'kCBAdvDataManufacturerData', 'kCBAdvDataRxSecondaryPHY', 'kCBAdvDataTxPowerLevel', 'kCBAdvDataRxPrimaryPHY'])>) and Central: <CBCentralManager: 0x13e064e40>
2026-03-17 18:09:05,008 DEBUG bleak.backends.corebluetooth.CentralManagerDelegate centralManager_didDiscoverPeripheral_advertisementData_RSSI_
2026-03-17 18:09:05,008 DEBUG bleak.backends.corebluetooth.CentralManagerDelegate Discovered device B44727D0-ACE2-3F36-1D3A-2B3B1C02B00C: None @ RSSI: -70 (kCBAdvData <nsdict_keys(['kCBAdvDataIsConnectable', 'kCBAdvDataManufacturerData', 'kCBAdvDataRxSecondaryPHY', 'kCBAdvDataTimestamp', 'kCBAdvDataRxPrimaryPHY'])>) and Central: <CBCentralManager: 0x13e064e40>
2026-03-17 18:09:05,180 DEBUG bleak.backends.corebluetooth.CentralManagerDelegate centralManager_didDiscoverPeripheral_advertisementData_RSSI_
2026-03-17 18:09:05,181 DEBUG bleak.backends.corebluetooth.CentralManagerDelegate Discovered device ABF72931-1971-06EF-881F-F374D36912C1: None @ RSSI: -57 (kCBAdvData <nsdict_keys(['kCBAdvDataIsConnectable', 'kCBAdvDataManufacturerData', 'kCBAdvDataRxSecondaryPHY', 'kCBAdvDataTimestamp', 'kCBAdvDataRxPrimaryPHY'])>) and Central: <CBCentralManager: 0x13e064e40>
2026-03-17 18:09:05,223 DEBUG bleak.backends.corebluetooth.CentralManagerDelegate centralManager_didDiscoverPeripheral_advertisementData_RSSI_
2026-03-17 18:09:05,224 DEBUG bleak.backends.corebluetooth.CentralManagerDelegate Discovered device B44727D0-ACE2-3F36-1D3A-2B3B1C02B00C: None @ RSSI: -70 (kCBAdvData <nsdict_keys(['kCBAdvDataIsConnectable', 'kCBAdvDataManufacturerData', 'kCBAdvDataRxSecondaryPHY', 'kCBAdvDataTimestamp', 'kCBAdvDataRxPrimaryPHY'])>) and Central: <CBCentralManager: 0x13e064e40>
2026-03-17 18:09:05,466 DEBUG bleak.backends.corebluetooth.CentralManagerDelegate centralManager_didDiscoverPeripheral_advertisementData_RSSI_
2026-03-17 18:09:05,468 DEBUG bleak.backends.corebluetooth.CentralManagerDelegate Discovered device 86DDA426-B077-D1DA-4A2D-66DB6A8A9755: [TV] Samsung 7 Series (49) @ RSSI: -86 (kCBAdvData <nsdict_keys(['kCBAdvDataIsConnectable', 'kCBAdvDataManufacturerData', 'kCBAdvDataRxSecondaryPHY', 'kCBAdvDataTimestamp', 'kCBAdvDataRxPrimaryPHY'])>) and Central: <CBCentralManager: 0x13e064e40>
2026-03-17 18:09:05,521 DEBUG bleak.backends.corebluetooth.CentralManagerDelegate centralManager_didDiscoverPeripheral_advertisementData_RSSI_
2026-03-17 18:09:05,522 DEBUG bleak.backends.corebluetooth.CentralManagerDelegate centralManager_didDiscoverPeripheral_advertisementData_RSSI_
2026-03-17 18:09:05,523 DEBUG bleak.backends.corebluetooth.CentralManagerDelegate Discovered device 493ABAA2-42A0-11C9-D28F-907C67F13792: None @ RSSI: -46 (kCBAdvData <nsdict_keys(['kCBAdvDataIsConnectable', 'kCBAdvDataTimestamp', 'kCBAdvDataManufacturerData', 'kCBAdvDataRxSecondaryPHY', 'kCBAdvDataTxPowerLevel', 'kCBAdvDataRxPrimaryPHY'])>) and Central: <CBCentralManager: 0x13e064e40>
2026-03-17 18:09:05,524 DEBUG bleak.backends.corebluetooth.CentralManagerDelegate Discovered device 493ABAA2-42A0-11C9-D28F-907C67F13792: None @ RSSI: -46 (kCBAdvData <nsdict_keys(['kCBAdvDataIsConnectable', 'kCBAdvDataTimestamp', 'kCBAdvDataManufacturerData', 'kCBAdvDataRxSecondaryPHY', 'kCBAdvDataTxPowerLevel', 'kCBAdvDataRxPrimaryPHY'])>) and Central: <CBCentralManager: 0x13e064e40>
2026-03-17 18:09:05,749 DEBUG bleak.backends.corebluetooth.CentralManagerDelegate 'isScanning' changed
2026-03-17 18:09:05,751 WARNING sleep_receiver scan: no matching device found
2026-03-17 18:09:08,753 INFO sleep_receiver scan: looking for name prefix 'Bangle'
2026-03-17 18:09:08,833 DEBUG bleak.backends.corebluetooth.CentralManagerDelegate centralManagerDidUpdateState_
2026-03-17 18:09:08,833 DEBUG bleak.backends.corebluetooth.CentralManagerDelegate Bluetooth powered on
2026-03-17 18:09:08,834 DEBUG bleak.backends.corebluetooth.CentralManagerDelegate 'isScanning' changed
2026-03-17 18:09:08,863 DEBUG bleak.backends.corebluetooth.CentralManagerDelegate centralManager_didDiscoverPeripheral_advertisementData_RSSI_
2026-03-17 18:09:08,864 DEBUG bleak.backends.corebluetooth.CentralManagerDelegate Discovered device 0B4F923E-74B9-0125-B040-018F0F316148: None @ RSSI: -64 (kCBAdvData <nsdict_keys(['kCBAdvDataIsConnectable', 'kCBAdvDataManufacturerData', 'kCBAdvDataRxSecondaryPHY', 'kCBAdvDataTimestamp', 'kCBAdvDataRxPrimaryPHY'])>) and Central: <CBCentralManager: 0x10cf0a430>
2026-03-17 18:09:08,900 DEBUG bleak.backends.corebluetooth.CentralManagerDelegate centralManager_didDiscoverPeripheral_advertisementData_RSSI_
2026-03-17 18:09:08,900 DEBUG bleak.backends.corebluetooth.CentralManagerDelegate Discovered device 9927D8C7-CD57-F01E-4EF0-0F04EA874916: None @ RSSI: -79 (kCBAdvData <nsdict_keys(['kCBAdvDataIsConnectable', 'kCBAdvDataTimestamp', 'kCBAdvDataManufacturerData', 'kCBAdvDataRxSecondaryPHY', 'kCBAdvDataTxPowerLevel', 'kCBAdvDataRxPrimaryPHY'])>) and Central: <CBCentralManager: 0x10cf0a430>
2026-03-17 18:09:08,901 DEBUG bleak.backends.corebluetooth.CentralManagerDelegate centralManager_didDiscoverPeripheral_advertisementData_RSSI_
2026-03-17 18:09:08,902 DEBUG bleak.backends.corebluetooth.CentralManagerDelegate Discovered device 9927D8C7-CD57-F01E-4EF0-0F04EA874916: None @ RSSI: -80 (kCBAdvData <nsdict_keys(['kCBAdvDataIsConnectable', 'kCBAdvDataTimestamp', 'kCBAdvDataManufacturerData', 'kCBAdvDataRxSecondaryPHY', 'kCBAdvDataTxPowerLevel', 'kCBAdvDataRxPrimaryPHY'])>) and Central: <CBCentralManager: 0x10cf0a430>
2026-03-17 18:09:09,164 DEBUG bleak.backends.corebluetooth.CentralManagerDelegate centralManager_didDiscoverPeripheral_advertisementData_RSSI_
2026-03-17 18:09:09,165 DEBUG bleak.backends.corebluetooth.CentralManagerDelegate Discovered device 3D1D92D1-8121-4002-09A2-000FBEA6E08E: None @ RSSI: -36 (kCBAdvData <nsdict_keys(['kCBAdvDataIsConnectable', 'kCBAdvDataManufacturerData', 'kCBAdvDataRxSecondaryPHY', 'kCBAdvDataTimestamp', 'kCBAdvDataRxPrimaryPHY'])>) and Central: <CBCentralManager: 0x10cf0a430>
2026-03-17 18:09:09,178 DEBUG bleak.backends.corebluetooth.CentralManagerDelegate centralManager_didDiscoverPeripheral_advertisementData_RSSI_
2026-03-17 18:09:09,179 DEBUG bleak.backends.corebluetooth.CentralManagerDelegate centralManager_didDiscoverPeripheral_advertisementData_RSSI_
2026-03-17 18:09:09,179 DEBUG bleak.backends.corebluetooth.CentralManagerDelegate Discovered device 9927D8C7-CD57-F01E-4EF0-0F04EA874916: None @ RSSI: -80 (kCBAdvData <nsdict_keys(['kCBAdvDataIsConnectable', 'kCBAdvDataTimestamp', 'kCBAdvDataManufacturerData', 'kCBAdvDataRxSecondaryPHY', 'kCBAdvDataTxPowerLevel', 'kCBAdvDataRxPrimaryPHY'])>) and Central: <CBCentralManager: 0x10cf0a430>
2026-03-17 18:09:09,181 DEBUG bleak.backends.corebluetooth.CentralManagerDelegate Discovered device 9927D8C7-CD57-F01E-4EF0-0F04EA874916: None @ RSSI: -80 (kCBAdvData <nsdict_keys(['kCBAdvDataIsConnectable', 'kCBAdvDataTimestamp', 'kCBAdvDataManufacturerData', 'kCBAdvDataRxSecondaryPHY', 'kCBAdvDataTxPowerLevel', 'kCBAdvDataRxPrimaryPHY'])>) and Central: <CBCentralManager: 0x10cf0a430>
2026-03-17 18:09:09,195 DEBUG bleak.backends.corebluetooth.CentralManagerDelegate centralManager_didDiscoverPeripheral_advertisementData_RSSI_
2026-03-17 18:09:09,196 DEBUG bleak.backends.corebluetooth.CentralManagerDelegate Discovered device E8DCE41A-F46D-D1BF-F09D-4EF0DDF5B35D: None @ RSSI: -36 (kCBAdvData <nsdict_keys(['kCBAdvDataIsConnectable', 'kCBAdvDataManufacturerData', 'kCBAdvDataRxSecondaryPHY', 'kCBAdvDataTimestamp', 'kCBAdvDataRxPrimaryPHY'])>) and Central: <CBCentralManager: 0x10cf0a430>
2026-03-17 18:09:09,197 DEBUG bleak.backends.corebluetooth.CentralManagerDelegate centralManager_didDiscoverPeripheral_advertisementData_RSSI_
2026-03-17 18:09:09,197 DEBUG bleak.backends.corebluetooth.CentralManagerDelegate Discovered device ABF72931-1971-06EF-881F-F374D36912C1: None @ RSSI: -53 (kCBAdvData <nsdict_keys(['kCBAdvDataIsConnectable', 'kCBAdvDataManufacturerData', 'kCBAdvDataRxSecondaryPHY', 'kCBAdvDataTimestamp', 'kCBAdvDataRxPrimaryPHY'])>) and Central: <CBCentralManager: 0x10cf0a430>
2026-03-17 18:09:09,208 DEBUG bleak.backends.corebluetooth.CentralManagerDelegate centralManager_didDiscoverPeripheral_advertisementData_RSSI_
2026-03-17 18:09:09,209 DEBUG bleak.backends.corebluetooth.CentralManagerDelegate Discovered device B44727D0-ACE2-3F36-1D3A-2B3B1C02B00C: None @ RSSI: -62 (kCBAdvData <nsdict_keys(['kCBAdvDataIsConnectable', 'kCBAdvDataManufacturerData', 'kCBAdvDataRxSecondaryPHY', 'kCBAdvDataTimestamp', 'kCBAdvDataRxPrimaryPHY'])>) and Central: <CBCentralManager: 0x10cf0a430>
2026-03-17 18:09:10,104 DEBUG bleak.backends.corebluetooth.CentralManagerDelegate centralManager_didDiscoverPeripheral_advertisementData_RSSI_
2026-03-17 18:09:10,105 DEBUG bleak.backends.corebluetooth.CentralManagerDelegate centralManager_didDiscoverPeripheral_advertisementData_RSSI_
2026-03-17 18:09:10,106 DEBUG bleak.backends.corebluetooth.CentralManagerDelegate Discovered device 493ABAA2-42A0-11C9-D28F-907C67F13792: None @ RSSI: -44 (kCBAdvData <nsdict_keys(['kCBAdvDataIsConnectable', 'kCBAdvDataTimestamp', 'kCBAdvDataManufacturerData', 'kCBAdvDataRxSecondaryPHY', 'kCBAdvDataTxPowerLevel', 'kCBAdvDataRxPrimaryPHY'])>) and Central: <CBCentralManager: 0x10cf0a430>
2026-03-17 18:09:10,106 DEBUG bleak.backends.corebluetooth.CentralManagerDelegate Discovered device 493ABAA2-42A0-11C9-D28F-907C67F13792: None @ RSSI: -44 (kCBAdvData <nsdict_keys(['kCBAdvDataIsConnectable', 'kCBAdvDataTimestamp', 'kCBAdvDataManufacturerData', 'kCBAdvDataRxSecondaryPHY', 'kCBAdvDataTxPowerLevel', 'kCBAdvDataRxPrimaryPHY'])>) and Central: <CBCentralManager: 0x10cf0a430>
2026-03-17 18:09:10,356 DEBUG bleak.backends.corebluetooth.CentralManagerDelegate centralManager_didDiscoverPeripheral_advertisementData_RSSI_
2026-03-17 18:09:10,357 DEBUG bleak.backends.corebluetooth.CentralManagerDelegate Discovered device B44727D0-ACE2-3F36-1D3A-2B3B1C02B00C: None @ RSSI: -66 (kCBAdvData <nsdict_keys(['kCBAdvDataIsConnectable', 'kCBAdvDataManufacturerData', 'kCBAdvDataRxSecondaryPHY', 'kCBAdvDataTimestamp', 'kCBAdvDataRxPrimaryPHY'])>) and Central: <CBCentralManager: 0x10cf0a430>
2026-03-17 18:09:10,659 DEBUG bleak.backends.corebluetooth.CentralManagerDelegate centralManager_didDiscoverPeripheral_advertisementData_RSSI_
2026-03-17 18:09:10,659 DEBUG bleak.backends.corebluetooth.CentralManagerDelegate centralManager_didDiscoverPeripheral_advertisementData_RSSI_
2026-03-17 18:09:10,660 DEBUG bleak.backends.corebluetooth.CentralManagerDelegate Discovered device 493ABAA2-42A0-11C9-D28F-907C67F13792: None @ RSSI: -44 (kCBAdvData <nsdict_keys(['kCBAdvDataIsConnectable', 'kCBAdvDataTimestamp', 'kCBAdvDataManufacturerData', 'kCBAdvDataRxSecondaryPHY', 'kCBAdvDataTxPowerLevel', 'kCBAdvDataRxPrimaryPHY'])>) and Central: <CBCentralManager: 0x10cf0a430>
2026-03-17 18:09:10,661 DEBUG bleak.backends.corebluetooth.CentralManagerDelegate Discovered device 493ABAA2-42A0-11C9-D28F-907C67F13792: None @ RSSI: -44 (kCBAdvData <nsdict_keys(['kCBAdvDataIsConnectable', 'kCBAdvDataTimestamp', 'kCBAdvDataManufacturerData', 'kCBAdvDataRxSecondaryPHY', 'kCBAdvDataTxPowerLevel', 'kCBAdvDataRxPrimaryPHY'])>) and Central: <CBCentralManager: 0x10cf0a430>
2026-03-17 18:09:10,664 DEBUG bleak.backends.corebluetooth.CentralManagerDelegate centralManager_didDiscoverPeripheral_advertisementData_RSSI_
2026-03-17 18:09:10,664 DEBUG bleak.backends.corebluetooth.CentralManagerDelegate Discovered device 91500ADB-F357-BE00-E5E0-1DC52A29C89F: ELK-BLEDOM  0 @ RSSI: -67 (kCBAdvData <nsdict_keys(['kCBAdvDataLocalName', 'kCBAdvDataRxPrimaryPHY', 'kCBAdvDataRxSecondaryPHY', 'kCBAdvDataTimestamp', 'kCBAdvDataIsConnectable'])>) and Central: <CBCentralManager: 0x10cf0a430>
2026-03-17 18:09:10,665 DEBUG bleak.backends.corebluetooth.CentralManagerDelegate centralManager_didDiscoverPeripheral_advertisementData_RSSI_
2026-03-17 18:09:10,666 DEBUG bleak.backends.corebluetooth.CentralManagerDelegate Discovered device 91500ADB-F357-BE00-E5E0-1DC52A29C89F: ELK-BLEDOM  0 @ RSSI: -67 (kCBAdvData <nsdict_keys(['kCBAdvDataLocalName', 'kCBAdvDataRxPrimaryPHY', 'kCBAdvDataRxSecondaryPHY', 'kCBAdvDataTimestamp', 'kCBAdvDataIsConnectable'])>) and Central: <CBCentralManager: 0x10cf0a430>
2026-03-17 18:09:10,966 DEBUG bleak.backends.corebluetooth.CentralManagerDelegate centralManager_didDiscoverPeripheral_advertisementData_RSSI_
2026-03-17 18:09:10,967 DEBUG bleak.backends.corebluetooth.CentralManagerDelegate centralManager_didDiscoverPeripheral_advertisementData_RSSI_
2026-03-17 18:09:10,968 DEBUG bleak.backends.corebluetooth.CentralManagerDelegate Discovered device 97A9D8BE-4298-0A28-80C1-6F7213FE0D96: Noah’s iPhone @ RSSI: -38 (kCBAdvData <nsdict_keys(['kCBAdvDataIsConnectable', 'kCBAdvDataTimestamp', 'kCBAdvDataManufacturerData', 'kCBAdvDataRxSecondaryPHY', 'kCBAdvDataTxPowerLevel', 'kCBAdvDataRxPrimaryPHY'])>) and Central: <CBCentralManager: 0x10cf0a430>
2026-03-17 18:09:10,969 DEBUG bleak.backends.corebluetooth.CentralManagerDelegate Discovered device 97A9D8BE-4298-0A28-80C1-6F7213FE0D96: Noah’s iPhone @ RSSI: -38 (kCBAdvData <nsdict_keys(['kCBAdvDataIsConnectable', 'kCBAdvDataTimestamp', 'kCBAdvDataManufacturerData', 'kCBAdvDataRxSecondaryPHY', 'kCBAdvDataTxPowerLevel', 'kCBAdvDataRxPrimaryPHY'])>) and Central: <CBCentralManager: 0x10cf0a430>
2026-03-17 18:09:10,984 DEBUG bleak.backends.corebluetooth.CentralManagerDelegate centralManager_didDiscoverPeripheral_advertisementData_RSSI_
2026-03-17 18:09:10,985 DEBUG bleak.backends.corebluetooth.CentralManagerDelegate Discovered device 91500ADB-F357-BE00-E5E0-1DC52A29C89F: ELK-BLEDOM  0 @ RSSI: -67 (kCBAdvData <nsdict_keys(['kCBAdvDataLocalName', 'kCBAdvDataRxPrimaryPHY', 'kCBAdvDataRxSecondaryPHY', 'kCBAdvDataTimestamp', 'kCBAdvDataIsConnectable'])>) and Central: <CBCentralManager: 0x10cf0a430>
2026-03-17 18:09:10,986 DEBUG bleak.backends.corebluetooth.CentralManagerDelegate centralManager_didDiscoverPeripheral_advertisementData_RSSI_
2026-03-17 18:09:10,986 DEBUG bleak.backends.corebluetooth.CentralManagerDelegate Discovered device 91500ADB-F357-BE00-E5E0-1DC52A29C89F: ELK-BLEDOM  0 @ RSSI: -67 (kCBAdvData <nsdict_keys(['kCBAdvDataLocalName', 'kCBAdvDataRxPrimaryPHY', 'kCBAdvDataRxSecondaryPHY', 'kCBAdvDataTimestamp', 'kCBAdvDataIsConnectable'])>) and Central: <CBCentralManager: 0x10cf0a430>
2026-03-17 18:09:10,994 DEBUG bleak.backends.corebluetooth.CentralManagerDelegate centralManager_didDiscoverPeripheral_advertisementData_RSSI_
2026-03-17 18:09:10,994 DEBUG bleak.backends.corebluetooth.CentralManagerDelegate Discovered device B44727D0-ACE2-3F36-1D3A-2B3B1C02B00C: None @ RSSI: -64 (kCBAdvData <nsdict_keys(['kCBAdvDataIsConnectable', 'kCBAdvDataManufacturerData', 'kCBAdvDataRxSecondaryPHY', 'kCBAdvDataTimestamp', 'kCBAdvDataRxPrimaryPHY'])>) and Central: <CBCentralManager: 0x10cf0a430>
2026-03-17 18:09:11,007 DEBUG bleak.backends.corebluetooth.CentralManagerDelegate centralManager_didDiscoverPeripheral_advertisementData_RSSI_
2026-03-17 18:09:11,007 DEBUG bleak.backends.corebluetooth.CentralManagerDelegate Discovered device 14ADD827-CA00-F4ED-A519-7CBE5AA2A1D7: None @ RSSI: -51 (kCBAdvData <nsdict_keys(['kCBAdvDataIsConnectable', 'kCBAdvDataTimestamp', 'kCBAdvDataManufacturerData', 'kCBAdvDataRxSecondaryPHY', 'kCBAdvDataTxPowerLevel', 'kCBAdvDataRxPrimaryPHY'])>) and Central: <CBCentralManager: 0x10cf0a430>
2026-03-17 18:09:11,008 DEBUG bleak.backends.corebluetooth.CentralManagerDelegate centralManager_didDiscoverPeripheral_advertisementData_RSSI_
2026-03-17 18:09:11,008 DEBUG bleak.backends.corebluetooth.CentralManagerDelegate Discovered device 14ADD827-CA00-F4ED-A519-7CBE5AA2A1D7: None @ RSSI: -51 (kCBAdvData <nsdict_keys(['kCBAdvDataIsConnectable', 'kCBAdvDataTimestamp', 'kCBAdvDataManufacturerData', 'kCBAdvDataRxSecondaryPHY', 'kCBAdvDataTxPowerLevel', 'kCBAdvDataRxPrimaryPHY'])>) and Central: <CBCentralManager: 0x10cf0a430>
2026-03-17 18:09:11,301 DEBUG bleak.backends.corebluetooth.CentralManagerDelegate centralManager_didDiscoverPeripheral_advertisementData_RSSI_
2026-03-17 18:09:11,302 DEBUG bleak.backends.corebluetooth.CentralManagerDelegate centralManager_didDiscoverPeripheral_advertisementData_RSSI_
2026-03-17 18:09:11,303 DEBUG bleak.backends.corebluetooth.CentralManagerDelegate Discovered device 78180ED1-70B7-E345-0F16-9F49620B11A2: None @ RSSI: -77 (kCBAdvData <nsdict_keys(['kCBAdvDataIsConnectable', 'kCBAdvDataTimestamp', 'kCBAdvDataManufacturerData', 'kCBAdvDataRxSecondaryPHY', 'kCBAdvDataTxPowerLevel', 'kCBAdvDataRxPrimaryPHY'])>) and Central: <CBCentralManager: 0x10cf0a430>
2026-03-17 18:09:11,304 DEBUG bleak.backends.corebluetooth.CentralManagerDelegate Discovered device 78180ED1-70B7-E345-0F16-9F49620B11A2: None @ RSSI: -77 (kCBAdvData <nsdict_keys(['kCBAdvDataIsConnectable', 'kCBAdvDataTimestamp', 'kCBAdvDataManufacturerData', 'kCBAdvDataRxSecondaryPHY', 'kCBAdvDataTxPowerLevel', 'kCBAdvDataRxPrimaryPHY'])>) and Central: <CBCentralManager: 0x10cf0a430>
2026-03-17 18:09:11,562 DEBUG bleak.backends.corebluetooth.CentralManagerDelegate centralManager_didDiscoverPeripheral_advertisementData_RSSI_
2026-03-17 18:09:11,564 DEBUG bleak.backends.corebluetooth.CentralManagerDelegate Discovered device 86DDA426-B077-D1DA-4A2D-66DB6A8A9755: [TV] Samsung 7 Series (49) @ RSSI: -86 (kCBAdvData <nsdict_keys(['kCBAdvDataIsConnectable', 'kCBAdvDataManufacturerData', 'kCBAdvDataRxSecondaryPHY', 'kCBAdvDataTimestamp', 'kCBAdvDataRxPrimaryPHY'])>) and Central: <CBCentralManager: 0x10cf0a430>
2026-03-17 18:09:11,881 DEBUG bleak.backends.corebluetooth.CentralManagerDelegate centralManager_didDiscoverPeripheral_advertisementData_RSSI_
2026-03-17 18:09:11,883 DEBUG bleak.backends.corebluetooth.CentralManagerDelegate Discovered device 12268CD3-B6ED-69C4-0DBD-2F05796F3E05: [TV] TV @ RSSI: -59 (kCBAdvData <nsdict_keys(['kCBAdvDataIsConnectable', 'kCBAdvDataManufacturerData', 'kCBAdvDataRxSecondaryPHY', 'kCBAdvDataTimestamp', 'kCBAdvDataRxPrimaryPHY'])>) and Central: <CBCentralManager: 0x10cf0a430>
2026-03-17 18:09:12,163 DEBUG bleak.backends.corebluetooth.CentralManagerDelegate centralManager_didDiscoverPeripheral_advertisementData_RSSI_
2026-03-17 18:09:12,165 DEBUG bleak.backends.corebluetooth.CentralManagerDelegate Discovered device B44727D0-ACE2-3F36-1D3A-2B3B1C02B00C: None @ RSSI: -66 (kCBAdvData <nsdict_keys(['kCBAdvDataIsConnectable', 'kCBAdvDataManufacturerData', 'kCBAdvDataRxSecondaryPHY', 'kCBAdvDataTimestamp', 'kCBAdvDataRxPrimaryPHY'])>) and Central: <CBCentralManager: 0x10cf0a430>
2026-03-17 18:09:12,175 DEBUG bleak.backends.corebluetooth.CentralManagerDelegate centralManager_didDiscoverPeripheral_advertisementData_RSSI_
2026-03-17 18:09:12,175 DEBUG bleak.backends.corebluetooth.CentralManagerDelegate Discovered device 86DDA426-B077-D1DA-4A2D-66DB6A8A9755: [TV] Samsung 7 Series (49) @ RSSI: -91 (kCBAdvData <nsdict_keys(['kCBAdvDataIsConnectable', 'kCBAdvDataManufacturerData', 'kCBAdvDataRxSecondaryPHY', 'kCBAdvDataTimestamp', 'kCBAdvDataRxPrimaryPHY'])>) and Central: <CBCentralManager: 0x10cf0a430>
2026-03-17 18:09:12,202 DEBUG bleak.backends.corebluetooth.CentralManagerDelegate centralManager_didDiscoverPeripheral_advertisementData_RSSI_
2026-03-17 18:09:12,203 DEBUG bleak.backends.corebluetooth.CentralManagerDelegate Discovered device 9927D8C7-CD57-F01E-4EF0-0F04EA874916: None @ RSSI: -90 (kCBAdvData <nsdict_keys(['kCBAdvDataIsConnectable', 'kCBAdvDataTimestamp', 'kCBAdvDataManufacturerData', 'kCBAdvDataRxSecondaryPHY', 'kCBAdvDataTxPowerLevel', 'kCBAdvDataRxPrimaryPHY'])>) and Central: <CBCentralManager: 0x10cf0a430>
2026-03-17 18:09:13,109 DEBUG bleak.backends.corebluetooth.CentralManagerDelegate centralManager_didDiscoverPeripheral_advertisementData_RSSI_
2026-03-17 18:09:13,110 DEBUG bleak.backends.corebluetooth.CentralManagerDelegate Discovered device B44727D0-ACE2-3F36-1D3A-2B3B1C02B00C: None @ RSSI: -66 (kCBAdvData <nsdict_keys(['kCBAdvDataIsConnectable', 'kCBAdvDataManufacturerData', 'kCBAdvDataRxSecondaryPHY', 'kCBAdvDataTimestamp', 'kCBAdvDataRxPrimaryPHY'])>) and Central: <CBCentralManager: 0x10cf0a430>
2026-03-17 18:09:13,403 DEBUG bleak.backends.corebluetooth.CentralManagerDelegate centralManager_didDiscoverPeripheral_advertisementData_RSSI_
2026-03-17 18:09:13,404 DEBUG bleak.backends.corebluetooth.CentralManagerDelegate centralManager_didDiscoverPeripheral_advertisementData_RSSI_
2026-03-17 18:09:13,405 DEBUG bleak.backends.corebluetooth.CentralManagerDelegate Discovered device 493ABAA2-42A0-11C9-D28F-907C67F13792: None @ RSSI: -47 (kCBAdvData <nsdict_keys(['kCBAdvDataIsConnectable', 'kCBAdvDataTimestamp', 'kCBAdvDataManufacturerData', 'kCBAdvDataRxSecondaryPHY', 'kCBAdvDataTxPowerLevel', 'kCBAdvDataRxPrimaryPHY'])>) and Central: <CBCentralManager: 0x10cf0a430>
2026-03-17 18:09:13,406 DEBUG bleak.backends.corebluetooth.CentralManagerDelegate Discovered device 493ABAA2-42A0-11C9-D28F-907C67F13792: None @ RSSI: -47 (kCBAdvData <nsdict_keys(['kCBAdvDataIsConnectable', 'kCBAdvDataTimestamp', 'kCBAdvDataManufacturerData', 'kCBAdvDataRxSecondaryPHY', 'kCBAdvDataTxPowerLevel', 'kCBAdvDataRxPrimaryPHY'])>) and Central: <CBCentralManager: 0x10cf0a430>
2026-03-17 18:09:13,985 DEBUG bleak.backends.corebluetooth.CentralManagerDelegate centralManager_didDiscoverPeripheral_advertisementData_RSSI_
2026-03-17 18:09:13,986 DEBUG bleak.backends.corebluetooth.CentralManagerDelegate Discovered device 2B230377-81AF-63FE-4622-E5E181C9DB3A: None @ RSSI: -77 (kCBAdvData <nsdict_keys(['kCBAdvDataIsConnectable', 'kCBAdvDataManufacturerData', 'kCBAdvDataRxSecondaryPHY', 'kCBAdvDataTimestamp', 'kCBAdvDataRxPrimaryPHY'])>) and Central: <CBCentralManager: 0x10cf0a430>
2026-03-17 18:09:14,282 DEBUG bleak.backends.corebluetooth.CentralManagerDelegate centralManager_didDiscoverPeripheral_advertisementData_RSSI_
2026-03-17 18:09:14,284 DEBUG bleak.backends.corebluetooth.CentralManagerDelegate centralManager_didDiscoverPeripheral_advertisementData_RSSI_
2026-03-17 18:09:14,284 DEBUG bleak.backends.corebluetooth.CentralManagerDelegate Discovered device 97A9D8BE-4298-0A28-80C1-6F7213FE0D96: Noah’s iPhone @ RSSI: -35 (kCBAdvData <nsdict_keys(['kCBAdvDataIsConnectable', 'kCBAdvDataTimestamp', 'kCBAdvDataManufacturerData', 'kCBAdvDataRxSecondaryPHY', 'kCBAdvDataTxPowerLevel', 'kCBAdvDataRxPrimaryPHY'])>) and Central: <CBCentralManager: 0x10cf0a430>
2026-03-17 18:09:14,285 DEBUG bleak.backends.corebluetooth.CentralManagerDelegate Discovered device 97A9D8BE-4298-0A28-80C1-6F7213FE0D96: Noah’s iPhone @ RSSI: -36 (kCBAdvData <nsdict_keys(['kCBAdvDataIsConnectable', 'kCBAdvDataTimestamp', 'kCBAdvDataManufacturerData', 'kCBAdvDataRxSecondaryPHY', 'kCBAdvDataTxPowerLevel', 'kCBAdvDataRxPrimaryPHY'])>) and Central: <CBCentralManager: 0x10cf0a430>
2026-03-17 18:09:14,291 DEBUG bleak.backends.corebluetooth.CentralManagerDelegate centralManager_didDiscoverPeripheral_advertisementData_RSSI_
2026-03-17 18:09:14,292 DEBUG bleak.backends.corebluetooth.CentralManagerDelegate centralManager_didDiscoverPeripheral_advertisementData_RSSI_
2026-03-17 18:09:14,293 DEBUG bleak.backends.corebluetooth.CentralManagerDelegate Discovered device D3556914-C483-4560-EB69-5B7B68341DEC: None @ RSSI: -65 (kCBAdvData <nsdict_keys(['kCBAdvDataIsConnectable', 'kCBAdvDataManufacturerData', 'kCBAdvDataRxSecondaryPHY', 'kCBAdvDataTimestamp', 'kCBAdvDataRxPrimaryPHY'])>) and Central: <CBCentralManager: 0x10cf0a430>
2026-03-17 18:09:14,294 DEBUG bleak.backends.corebluetooth.CentralManagerDelegate centralManager_didDiscoverPeripheral_advertisementData_RSSI_
2026-03-17 18:09:14,295 DEBUG bleak.backends.corebluetooth.CentralManagerDelegate Discovered device D3556914-C483-4560-EB69-5B7B68341DEC: None @ RSSI: -65 (kCBAdvData <nsdict_keys(['kCBAdvDataIsConnectable', 'kCBAdvDataManufacturerData', 'kCBAdvDataRxSecondaryPHY', 'kCBAdvDataTimestamp', 'kCBAdvDataRxPrimaryPHY'])>) and Central: <CBCentralManager: 0x10cf0a430>
2026-03-17 18:09:14,295 DEBUG bleak.backends.corebluetooth.CentralManagerDelegate Discovered device 86DDA426-B077-D1DA-4A2D-66DB6A8A9755: [TV] Samsung 7 Series (49) @ RSSI: -86 (kCBAdvData <nsdict_keys(['kCBAdvDataIsConnectable', 'kCBAdvDataManufacturerData', 'kCBAdvDataRxSecondaryPHY', 'kCBAdvDataTimestamp', 'kCBAdvDataRxPrimaryPHY'])>) and Central: <CBCentralManager: 0x10cf0a430>
2026-03-17 18:09:14,298 DEBUG bleak.backends.corebluetooth.CentralManagerDelegate centralManager_didDiscoverPeripheral_advertisementData_RSSI_
2026-03-17 18:09:14,299 DEBUG bleak.backends.corebluetooth.CentralManagerDelegate centralManager_didDiscoverPeripheral_advertisementData_RSSI_
2026-03-17 18:09:14,299 DEBUG bleak.backends.corebluetooth.CentralManagerDelegate Discovered device 14ADD827-CA00-F4ED-A519-7CBE5AA2A1D7: None @ RSSI: -52 (kCBAdvData <nsdict_keys(['kCBAdvDataIsConnectable', 'kCBAdvDataTimestamp', 'kCBAdvDataManufacturerData', 'kCBAdvDataRxSecondaryPHY', 'kCBAdvDataTxPowerLevel', 'kCBAdvDataRxPrimaryPHY'])>) and Central: <CBCentralManager: 0x10cf0a430>
2026-03-17 18:09:14,300 DEBUG bleak.backends.corebluetooth.CentralManagerDelegate Discovered device 14ADD827-CA00-F4ED-A519-7CBE5AA2A1D7: None @ RSSI: -52 (kCBAdvData <nsdict_keys(['kCBAdvDataIsConnectable', 'kCBAdvDataTimestamp', 'kCBAdvDataManufacturerData', 'kCBAdvDataRxSecondaryPHY', 'kCBAdvDataTxPowerLevel', 'kCBAdvDataRxPrimaryPHY'])>) and Central: <CBCentralManager: 0x10cf0a430>
2026-03-17 18:09:14,308 DEBUG bleak.backends.corebluetooth.CentralManagerDelegate centralManager_didDiscoverPeripheral_advertisementData_RSSI_
2026-03-17 18:09:14,308 DEBUG bleak.backends.corebluetooth.CentralManagerDelegate centralManager_didDiscoverPeripheral_advertisementData_RSSI_
2026-03-17 18:09:14,309 DEBUG bleak.backends.corebluetooth.CentralManagerDelegate Discovered device E1419538-AEB1-6449-3E06-52F432D4D9B1: None @ RSSI: -45 (kCBAdvData <nsdict_keys(['kCBAdvDataIsConnectable', 'kCBAdvDataTimestamp', 'kCBAdvDataManufacturerData', 'kCBAdvDataRxSecondaryPHY', 'kCBAdvDataTxPowerLevel', 'kCBAdvDataRxPrimaryPHY'])>) and Central: <CBCentralManager: 0x10cf0a430>
2026-03-17 18:09:14,309 DEBUG bleak.backends.corebluetooth.CentralManagerDelegate Discovered device E1419538-AEB1-6449-3E06-52F432D4D9B1: None @ RSSI: -45 (kCBAdvData <nsdict_keys(['kCBAdvDataIsConnectable', 'kCBAdvDataTimestamp', 'kCBAdvDataManufacturerData', 'kCBAdvDataRxSecondaryPHY', 'kCBAdvDataTxPowerLevel', 'kCBAdvDataRxPrimaryPHY'])>) and Central: <CBCentralManager: 0x10cf0a430>
2026-03-17 18:09:14,315 DEBUG bleak.backends.corebluetooth.CentralManagerDelegate centralManager_didDiscoverPeripheral_advertisementData_RSSI_
2026-03-17 18:09:14,316 DEBUG bleak.backends.corebluetooth.CentralManagerDelegate centralManager_didDiscoverPeripheral_advertisementData_RSSI_
2026-03-17 18:09:14,316 DEBUG bleak.backends.corebluetooth.CentralManagerDelegate Discovered device 78180ED1-70B7-E345-0F16-9F49620B11A2: None @ RSSI: -80 (kCBAdvData <nsdict_keys(['kCBAdvDataIsConnectable', 'kCBAdvDataTimestamp', 'kCBAdvDataManufacturerData', 'kCBAdvDataRxSecondaryPHY', 'kCBAdvDataTxPowerLevel', 'kCBAdvDataRxPrimaryPHY'])>) and Central: <CBCentralManager: 0x10cf0a430>
2026-03-17 18:09:14,317 DEBUG bleak.backends.corebluetooth.CentralManagerDelegate Discovered device 78180ED1-70B7-E345-0F16-9F49620B11A2: None @ RSSI: -80 (kCBAdvData <nsdict_keys(['kCBAdvDataIsConnectable', 'kCBAdvDataTimestamp', 'kCBAdvDataManufacturerData', 'kCBAdvDataRxSecondaryPHY', 'kCBAdvDataTxPowerLevel', 'kCBAdvDataRxPrimaryPHY'])>) and Central: <CBCentralManager: 0x10cf0a430>
2026-03-17 18:09:14,593 DEBUG bleak.backends.corebluetooth.CentralManagerDelegate centralManager_didDiscoverPeripheral_advertisementData_RSSI_
2026-03-17 18:09:14,593 DEBUG bleak.backends.corebluetooth.CentralManagerDelegate Discovered device 78180ED1-70B7-E345-0F16-9F49620B11A2: None @ RSSI: -90 (kCBAdvData <nsdict_keys(['kCBAdvDataIsConnectable', 'kCBAdvDataTimestamp', 'kCBAdvDataManufacturerData', 'kCBAdvDataRxSecondaryPHY', 'kCBAdvDataTxPowerLevel', 'kCBAdvDataRxPrimaryPHY'])>) and Central: <CBCentralManager: 0x10cf0a430>
2026-03-17 18:09:14,597 DEBUG bleak.backends.corebluetooth.CentralManagerDelegate centralManager_didDiscoverPeripheral_advertisementData_RSSI_
2026-03-17 18:09:14,597 DEBUG bleak.backends.corebluetooth.CentralManagerDelegate Discovered device 78180ED1-70B7-E345-0F16-9F49620B11A2: None @ RSSI: -91 (kCBAdvData <nsdict_keys(['kCBAdvDataIsConnectable', 'kCBAdvDataTimestamp', 'kCBAdvDataManufacturerData', 'kCBAdvDataRxSecondaryPHY', 'kCBAdvDataTxPowerLevel', 'kCBAdvDataRxPrimaryPHY'])>) and Central: <CBCentralManager: 0x10cf0a430>
2026-03-17 18:09:14,867 DEBUG bleak.backends.corebluetooth.CentralManagerDelegate centralManager_didDiscoverPeripheral_advertisementData_RSSI_
2026-03-17 18:09:14,868 DEBUG bleak.backends.corebluetooth.CentralManagerDelegate centralManager_didDiscoverPeripheral_advertisementData_RSSI_
2026-03-17 18:09:14,869 DEBUG bleak.backends.corebluetooth.CentralManagerDelegate Discovered device E1419538-AEB1-6449-3E06-52F432D4D9B1: None @ RSSI: -46 (kCBAdvData <nsdict_keys(['kCBAdvDataIsConnectable', 'kCBAdvDataTimestamp', 'kCBAdvDataManufacturerData', 'kCBAdvDataRxSecondaryPHY', 'kCBAdvDataTxPowerLevel', 'kCBAdvDataRxPrimaryPHY'])>) and Central: <CBCentralManager: 0x10cf0a430>
2026-03-17 18:09:14,870 DEBUG bleak.backends.corebluetooth.CentralManagerDelegate Discovered device E1419538-AEB1-6449-3E06-52F432D4D9B1: None @ RSSI: -46 (kCBAdvData <nsdict_keys(['kCBAdvDataIsConnectable', 'kCBAdvDataTimestamp', 'kCBAdvDataManufacturerData', 'kCBAdvDataRxSecondaryPHY', 'kCBAdvDataTxPowerLevel', 'kCBAdvDataRxPrimaryPHY'])>) and Central: <CBCentralManager: 0x10cf0a430>
2026-03-17 18:09:14,877 DEBUG bleak.backends.corebluetooth.CentralManagerDelegate centralManager_didDiscoverPeripheral_advertisementData_RSSI_
2026-03-17 18:09:14,877 DEBUG bleak.backends.corebluetooth.CentralManagerDelegate Discovered device B44727D0-ACE2-3F36-1D3A-2B3B1C02B00C: None @ RSSI: -62 (kCBAdvData <nsdict_keys(['kCBAdvDataIsConnectable', 'kCBAdvDataManufacturerData', 'kCBAdvDataRxSecondaryPHY', 'kCBAdvDataTimestamp', 'kCBAdvDataRxPrimaryPHY'])>) and Central: <CBCentralManager: 0x10cf0a430>
2026-03-17 18:09:15,180 DEBUG bleak.backends.corebluetooth.CentralManagerDelegate centralManager_didDiscoverPeripheral_advertisementData_RSSI_
2026-03-17 18:09:15,182 DEBUG bleak.backends.corebluetooth.CentralManagerDelegate Discovered device 3D1D92D1-8121-4002-09A2-000FBEA6E08E: None @ RSSI: -35 (kCBAdvData <nsdict_keys(['kCBAdvDataIsConnectable', 'kCBAdvDataManufacturerData', 'kCBAdvDataRxSecondaryPHY', 'kCBAdvDataTimestamp', 'kCBAdvDataRxPrimaryPHY'])>) and Central: <CBCentralManager: 0x10cf0a430>
2026-03-17 18:09:15,202 DEBUG bleak.backends.corebluetooth.CentralManagerDelegate centralManager_didDiscoverPeripheral_advertisementData_RSSI_
2026-03-17 18:09:15,203 DEBUG bleak.backends.corebluetooth.CentralManagerDelegate centralManager_didDiscoverPeripheral_advertisementData_RSSI_
2026-03-17 18:09:15,203 DEBUG bleak.backends.corebluetooth.CentralManagerDelegate Discovered device E8DCE41A-F46D-D1BF-F09D-4EF0DDF5B35D: None @ RSSI: -35 (kCBAdvData <nsdict_keys(['kCBAdvDataIsConnectable', 'kCBAdvDataManufacturerData', 'kCBAdvDataRxSecondaryPHY', 'kCBAdvDataTimestamp', 'kCBAdvDataRxPrimaryPHY'])>) and Central: <CBCentralManager: 0x10cf0a430>
2026-03-17 18:09:15,204 DEBUG bleak.backends.corebluetooth.CentralManagerDelegate Discovered device 86DDA426-B077-D1DA-4A2D-66DB6A8A9755: [TV] Samsung 7 Series (49) @ RSSI: -87 (kCBAdvData <nsdict_keys(['kCBAdvDataIsConnectable', 'kCBAdvDataManufacturerData', 'kCBAdvDataRxSecondaryPHY', 'kCBAdvDataTimestamp', 'kCBAdvDataRxPrimaryPHY'])>) and Central: <CBCentralManager: 0x10cf0a430>
2026-03-17 18:09:15,211 DEBUG bleak.backends.corebluetooth.CentralManagerDelegate centralManager_didDiscoverPeripheral_advertisementData_RSSI_
2026-03-17 18:09:15,211 DEBUG bleak.backends.corebluetooth.CentralManagerDelegate Discovered device ABF72931-1971-06EF-881F-F374D36912C1: None @ RSSI: -52 (kCBAdvData <nsdict_keys(['kCBAdvDataIsConnectable', 'kCBAdvDataManufacturerData', 'kCBAdvDataRxSecondaryPHY', 'kCBAdvDataTimestamp', 'kCBAdvDataRxPrimaryPHY'])>) and Central: <CBCentralManager: 0x10cf0a430>
2026-03-17 18:09:15,295 DEBUG bleak.backends.corebluetooth.CentralManagerDelegate centralManager_didDiscoverPeripheral_advertisementData_RSSI_
2026-03-17 18:09:15,296 DEBUG bleak.backends.corebluetooth.CentralManagerDelegate Discovered device 12268CD3-B6ED-69C4-0DBD-2F05796F3E05: [TV] TV @ RSSI: -58 (kCBAdvData <nsdict_keys(['kCBAdvDataIsConnectable', 'kCBAdvDataManufacturerData', 'kCBAdvDataRxSecondaryPHY', 'kCBAdvDataTimestamp', 'kCBAdvDataRxPrimaryPHY'])>) and Central: <CBCentralManager: 0x10cf0a430>
2026-03-17 18:09:15,324 DEBUG bleak.backends.corebluetooth.CentralManagerDelegate centralManager_didDiscoverPeripheral_advertisementData_RSSI_
2026-03-17 18:09:15,325 DEBUG bleak.backends.corebluetooth.CentralManagerDelegate centralManager_didDiscoverPeripheral_advertisementData_RSSI_
2026-03-17 18:09:15,326 DEBUG bleak.backends.corebluetooth.CentralManagerDelegate Discovered device 493ABAA2-42A0-11C9-D28F-907C67F13792: None @ RSSI: -45 (kCBAdvData <nsdict_keys(['kCBAdvDataIsConnectable', 'kCBAdvDataTimestamp', 'kCBAdvDataManufacturerData', 'kCBAdvDataRxSecondaryPHY', 'kCBAdvDataTxPowerLevel', 'kCBAdvDataRxPrimaryPHY'])>) and Central: <CBCentralManager: 0x10cf0a430>
2026-03-17 18:09:15,328 DEBUG bleak.backends.corebluetooth.CentralManagerDelegate Discovered device 493ABAA2-42A0-11C9-D28F-907C67F13792: None @ RSSI: -45 (kCBAdvData <nsdict_keys(['kCBAdvDataIsConnectable', 'kCBAdvDataTimestamp', 'kCBAdvDataManufacturerData', 'kCBAdvDataRxSecondaryPHY', 'kCBAdvDataTxPowerLevel', 'kCBAdvDataRxPrimaryPHY'])>) and Central: <CBCentralManager: 0x10cf0a430>
2026-03-17 18:09:15,606 DEBUG bleak.backends.corebluetooth.CentralManagerDelegate centralManager_didDiscoverPeripheral_advertisementData_RSSI_
2026-03-17 18:09:15,608 DEBUG bleak.backends.corebluetooth.CentralManagerDelegate Discovered device 794FD30C-C48D-B15B-332C-1C1A31B019EF: None @ RSSI: -45 (kCBAdvData <nsdict_keys(['kCBAdvDataIsConnectable', 'kCBAdvDataManufacturerData', 'kCBAdvDataRxSecondaryPHY', 'kCBAdvDataTimestamp', 'kCBAdvDataRxPrimaryPHY'])>) and Central: <CBCentralManager: 0x10cf0a430>
2026-03-17 18:09:15,912 DEBUG bleak.backends.corebluetooth.CentralManagerDelegate centralManager_didDiscoverPeripheral_advertisementData_RSSI_
2026-03-17 18:09:15,914 DEBUG bleak.backends.corebluetooth.CentralManagerDelegate Discovered device 12268CD3-B6ED-69C4-0DBD-2F05796F3E05: [TV] TV @ RSSI: -58 (kCBAdvData <nsdict_keys(['kCBAdvDataIsConnectable', 'kCBAdvDataManufacturerData', 'kCBAdvDataRxSecondaryPHY', 'kCBAdvDataTimestamp', 'kCBAdvDataRxPrimaryPHY'])>) and Central: <CBCentralManager: 0x10cf0a430>
2026-03-17 18:09:15,924 DEBUG bleak.backends.corebluetooth.CentralManagerDelegate centralManager_didDiscoverPeripheral_advertisementData_RSSI_
2026-03-17 18:09:15,925 DEBUG bleak.backends.corebluetooth.CentralManagerDelegate centralManager_didDiscoverPeripheral_advertisementData_RSSI_
2026-03-17 18:09:15,926 DEBUG bleak.backends.corebluetooth.CentralManagerDelegate Discovered device 97A9D8BE-4298-0A28-80C1-6F7213FE0D96: Noah’s iPhone @ RSSI: -40 (kCBAdvData <nsdict_keys(['kCBAdvDataIsConnectable', 'kCBAdvDataTimestamp', 'kCBAdvDataManufacturerData', 'kCBAdvDataRxSecondaryPHY', 'kCBAdvDataTxPowerLevel', 'kCBAdvDataRxPrimaryPHY'])>) and Central: <CBCentralManager: 0x10cf0a430>
2026-03-17 18:09:15,926 DEBUG bleak.backends.corebluetooth.CentralManagerDelegate Discovered device 97A9D8BE-4298-0A28-80C1-6F7213FE0D96: Noah’s iPhone @ RSSI: -40 (kCBAdvData <nsdict_keys(['kCBAdvDataIsConnectable', 'kCBAdvDataTimestamp', 'kCBAdvDataManufacturerData', 'kCBAdvDataRxSecondaryPHY', 'kCBAdvDataTxPowerLevel', 'kCBAdvDataRxPrimaryPHY'])>) and Central: <CBCentralManager: 0x10cf0a430>
2026-03-17 18:09:16,170 DEBUG bleak.backends.corebluetooth.CentralManagerDelegate centralManager_didDiscoverPeripheral_advertisementData_RSSI_
2026-03-17 18:09:16,172 DEBUG bleak.backends.corebluetooth.CentralManagerDelegate Discovered device 794FD30C-C48D-B15B-332C-1C1A31B019EF: None @ RSSI: -44 (kCBAdvData <nsdict_keys(['kCBAdvDataIsConnectable', 'kCBAdvDataManufacturerData', 'kCBAdvDataRxSecondaryPHY', 'kCBAdvDataTimestamp', 'kCBAdvDataRxPrimaryPHY'])>) and Central: <CBCentralManager: 0x10cf0a430>
2026-03-17 18:09:16,221 DEBUG bleak.backends.corebluetooth.CentralManagerDelegate centralManager_didDiscoverPeripheral_advertisementData_RSSI_
2026-03-17 18:09:16,223 DEBUG bleak.backends.corebluetooth.CentralManagerDelegate Discovered device 12268CD3-B6ED-69C4-0DBD-2F05796F3E05: [TV] TV @ RSSI: -56 (kCBAdvData <nsdict_keys(['kCBAdvDataIsConnectable', 'kCBAdvDataManufacturerData', 'kCBAdvDataRxSecondaryPHY', 'kCBAdvDataTimestamp', 'kCBAdvDataRxPrimaryPHY'])>) and Central: <CBCentralManager: 0x10cf0a430>
2026-03-17 18:09:16,527 DEBUG bleak.backends.corebluetooth.CentralManagerDelegate centralManager_didDiscoverPeripheral_advertisementData_RSSI_
2026-03-17 18:09:16,528 DEBUG bleak.backends.corebluetooth.CentralManagerDelegate Discovered device 12268CD3-B6ED-69C4-0DBD-2F05796F3E05: [TV] TV @ RSSI: -58 (kCBAdvData <nsdict_keys(['kCBAdvDataIsConnectable', 'kCBAdvDataManufacturerData', 'kCBAdvDataRxSecondaryPHY', 'kCBAdvDataTimestamp', 'kCBAdvDataRxPrimaryPHY'])>) and Central: <CBCentralManager: 0x10cf0a430>
2026-03-17 18:09:16,836 DEBUG bleak.backends.corebluetooth.CentralManagerDelegate 'isScanning' changed
2026-03-17 18:09:16,837 WARNING sleep_receiver scan: no matching device found
2026-03-17 18:09:21,339 INFO sleep_receiver scan: looking for name prefix 'Bangle'
2026-03-17 18:09:21,426 DEBUG bleak.backends.corebluetooth.CentralManagerDelegate centralManagerDidUpdateState_
2026-03-17 18:09:21,426 DEBUG bleak.backends.corebluetooth.CentralManagerDelegate Bluetooth powered on
2026-03-17 18:09:21,426 DEBUG bleak.backends.corebluetooth.CentralManagerDelegate 'isScanning' changed
2026-03-17 18:09:21,445 DEBUG bleak.backends.corebluetooth.CentralManagerDelegate centralManager_didDiscoverPeripheral_advertisementData_RSSI_
2026-03-17 18:09:21,446 DEBUG bleak.backends.corebluetooth.CentralManagerDelegate Discovered device 14ADD827-CA00-F4ED-A519-7CBE5AA2A1D7: None @ RSSI: -61 (kCBAdvData <nsdict_keys(['kCBAdvDataIsConnectable', 'kCBAdvDataTimestamp', 'kCBAdvDataManufacturerData', 'kCBAdvDataRxSecondaryPHY', 'kCBAdvDataTxPowerLevel', 'kCBAdvDataRxPrimaryPHY'])>) and Central: <CBCentralManager: 0x10ce05400>
2026-03-17 18:09:21,446 DEBUG bleak.backends.corebluetooth.CentralManagerDelegate centralManager_didDiscoverPeripheral_advertisementData_RSSI_
2026-03-17 18:09:21,446 DEBUG bleak.backends.corebluetooth.CentralManagerDelegate Discovered device 14ADD827-CA00-F4ED-A519-7CBE5AA2A1D7: None @ RSSI: -61 (kCBAdvData <nsdict_keys(['kCBAdvDataIsConnectable', 'kCBAdvDataTimestamp', 'kCBAdvDataManufacturerData', 'kCBAdvDataRxSecondaryPHY', 'kCBAdvDataTxPowerLevel', 'kCBAdvDataRxPrimaryPHY'])>) and Central: <CBCentralManager: 0x10ce05400>
2026-03-17 18:09:21,464 DEBUG bleak.backends.corebluetooth.CentralManagerDelegate centralManager_didDiscoverPeripheral_advertisementData_RSSI_
2026-03-17 18:09:21,464 DEBUG bleak.backends.corebluetooth.CentralManagerDelegate Discovered device 78180ED1-70B7-E345-0F16-9F49620B11A2: None @ RSSI: -80 (kCBAdvData <nsdict_keys(['kCBAdvDataIsConnectable', 'kCBAdvDataTimestamp', 'kCBAdvDataManufacturerData', 'kCBAdvDataRxSecondaryPHY', 'kCBAdvDataTxPowerLevel', 'kCBAdvDataRxPrimaryPHY'])>) and Central: <CBCentralManager: 0x10ce05400>
2026-03-17 18:09:21,464 DEBUG bleak.backends.corebluetooth.CentralManagerDelegate centralManager_didDiscoverPeripheral_advertisementData_RSSI_
2026-03-17 18:09:21,465 DEBUG bleak.backends.corebluetooth.CentralManagerDelegate Discovered device 78180ED1-70B7-E345-0F16-9F49620B11A2: None @ RSSI: -80 (kCBAdvData <nsdict_keys(['kCBAdvDataIsConnectable', 'kCBAdvDataTimestamp', 'kCBAdvDataManufacturerData', 'kCBAdvDataRxSecondaryPHY', 'kCBAdvDataTxPowerLevel', 'kCBAdvDataRxPrimaryPHY'])>) and Central: <CBCentralManager: 0x10ce05400>
2026-03-17 18:09:21,468 DEBUG bleak.backends.corebluetooth.CentralManagerDelegate centralManager_didDiscoverPeripheral_advertisementData_RSSI_
2026-03-17 18:09:21,468 DEBUG bleak.backends.corebluetooth.CentralManagerDelegate Discovered device B44727D0-ACE2-3F36-1D3A-2B3B1C02B00C: None @ RSSI: -63 (kCBAdvData <nsdict_keys(['kCBAdvDataIsConnectable', 'kCBAdvDataManufacturerData', 'kCBAdvDataRxSecondaryPHY', 'kCBAdvDataTimestamp', 'kCBAdvDataRxPrimaryPHY'])>) and Central: <CBCentralManager: 0x10ce05400>
2026-03-17 18:09:21,750 DEBUG bleak.backends.corebluetooth.CentralManagerDelegate centralManager_didDiscoverPeripheral_advertisementData_RSSI_
2026-03-17 18:09:21,752 DEBUG bleak.backends.corebluetooth.CentralManagerDelegate Discovered device 86DDA426-B077-D1DA-4A2D-66DB6A8A9755: [TV] Samsung 7 Series (49) @ RSSI: -89 (kCBAdvData <nsdict_keys(['kCBAdvDataIsConnectable', 'kCBAdvDataManufacturerData', 'kCBAdvDataRxSecondaryPHY', 'kCBAdvDataTimestamp', 'kCBAdvDataRxPrimaryPHY'])>) and Central: <CBCentralManager: 0x10ce05400>
2026-03-17 18:09:21,779 DEBUG bleak.backends.corebluetooth.CentralManagerDelegate centralManager_didDiscoverPeripheral_advertisementData_RSSI_
2026-03-17 18:09:21,782 DEBUG bleak.backends.corebluetooth.CentralManagerDelegate Discovered device B44727D0-ACE2-3F36-1D3A-2B3B1C02B00C: None @ RSSI: -59 (kCBAdvData <nsdict_keys(['kCBAdvDataIsConnectable', 'kCBAdvDataManufacturerData', 'kCBAdvDataRxSecondaryPHY', 'kCBAdvDataTimestamp', 'kCBAdvDataRxPrimaryPHY'])>) and Central: <CBCentralManager: 0x10ce05400>
2026-03-17 18:09:21,800 DEBUG bleak.backends.corebluetooth.CentralManagerDelegate centralManager_didDiscoverPeripheral_advertisementData_RSSI_
2026-03-17 18:09:21,800 DEBUG bleak.backends.corebluetooth.CentralManagerDelegate Discovered device 12268CD3-B6ED-69C4-0DBD-2F05796F3E05: [TV] TV @ RSSI: -56 (kCBAdvData <nsdict_keys(['kCBAdvDataIsConnectable', 'kCBAdvDataManufacturerData', 'kCBAdvDataRxSecondaryPHY', 'kCBAdvDataTimestamp', 'kCBAdvDataRxPrimaryPHY'])>) and Central: <CBCentralManager: 0x10ce05400>
2026-03-17 18:09:22,089 DEBUG bleak.backends.corebluetooth.CentralManagerDelegate centralManager_didDiscoverPeripheral_advertisementData_RSSI_
2026-03-17 18:09:22,090 DEBUG bleak.backends.corebluetooth.CentralManagerDelegate Discovered device 8B5B5B03-7F32-29C2-BAF6-C3EEEA3A973C: None @ RSSI: -85 (kCBAdvData <nsdict_keys(['kCBAdvDataIsConnectable', 'kCBAdvDataManufacturerData', 'kCBAdvDataRxSecondaryPHY', 'kCBAdvDataTimestamp', 'kCBAdvDataRxPrimaryPHY'])>) and Central: <CBCentralManager: 0x10ce05400>
2026-03-17 18:09:22,094 DEBUG bleak.backends.corebluetooth.CentralManagerDelegate centralManager_didDiscoverPeripheral_advertisementData_RSSI_
2026-03-17 18:09:22,094 DEBUG bleak.backends.corebluetooth.CentralManagerDelegate Discovered device 4BBD7E5E-BC3C-9E48-2670-2097317F356A: None @ RSSI: -69 (kCBAdvData <nsdict_keys(['kCBAdvDataIsConnectable', 'kCBAdvDataTimestamp', 'kCBAdvDataManufacturerData', 'kCBAdvDataRxSecondaryPHY', 'kCBAdvDataTxPowerLevel', 'kCBAdvDataRxPrimaryPHY'])>) and Central: <CBCentralManager: 0x10ce05400>
2026-03-17 18:09:22,094 DEBUG bleak.backends.corebluetooth.CentralManagerDelegate centralManager_didDiscoverPeripheral_advertisementData_RSSI_
2026-03-17 18:09:22,095 DEBUG bleak.backends.corebluetooth.CentralManagerDelegate Discovered device 4BBD7E5E-BC3C-9E48-2670-2097317F356A: None @ RSSI: -70 (kCBAdvData <nsdict_keys(['kCBAdvDataIsConnectable', 'kCBAdvDataTimestamp', 'kCBAdvDataManufacturerData', 'kCBAdvDataRxSecondaryPHY', 'kCBAdvDataTxPowerLevel', 'kCBAdvDataRxPrimaryPHY'])>) and Central: <CBCentralManager: 0x10ce05400>
2026-03-17 18:09:22,358 DEBUG bleak.backends.corebluetooth.CentralManagerDelegate centralManager_didDiscoverPeripheral_advertisementData_RSSI_
2026-03-17 18:09:22,360 DEBUG bleak.backends.corebluetooth.CentralManagerDelegate Discovered device 86DDA426-B077-D1DA-4A2D-66DB6A8A9755: [TV] Samsung 7 Series (49) @ RSSI: -86 (kCBAdvData <nsdict_keys(['kCBAdvDataIsConnectable', 'kCBAdvDataManufacturerData', 'kCBAdvDataRxSecondaryPHY', 'kCBAdvDataTimestamp', 'kCBAdvDataRxPrimaryPHY'])>) and Central: <CBCentralManager: 0x10ce05400>
2026-03-17 18:09:22,370 DEBUG bleak.backends.corebluetooth.CentralManagerDelegate centralManager_didDiscoverPeripheral_advertisementData_RSSI_
2026-03-17 18:09:22,370 DEBUG bleak.backends.corebluetooth.CentralManagerDelegate Discovered device 4BBD7E5E-BC3C-9E48-2670-2097317F356A: None @ RSSI: -62 (kCBAdvData <nsdict_keys(['kCBAdvDataIsConnectable', 'kCBAdvDataTimestamp', 'kCBAdvDataManufacturerData', 'kCBAdvDataRxSecondaryPHY', 'kCBAdvDataTxPowerLevel', 'kCBAdvDataRxPrimaryPHY'])>) and Central: <CBCentralManager: 0x10ce05400>
2026-03-17 18:09:22,371 DEBUG bleak.backends.corebluetooth.CentralManagerDelegate centralManager_didDiscoverPeripheral_advertisementData_RSSI_
2026-03-17 18:09:22,372 DEBUG bleak.backends.corebluetooth.CentralManagerDelegate Discovered device 4BBD7E5E-BC3C-9E48-2670-2097317F356A: None @ RSSI: -62 (kCBAdvData <nsdict_keys(['kCBAdvDataIsConnectable', 'kCBAdvDataTimestamp', 'kCBAdvDataManufacturerData', 'kCBAdvDataRxSecondaryPHY', 'kCBAdvDataTxPowerLevel', 'kCBAdvDataRxPrimaryPHY'])>) and Central: <CBCentralManager: 0x10ce05400>
2026-03-17 18:09:22,387 DEBUG bleak.backends.corebluetooth.CentralManagerDelegate centralManager_didDiscoverPeripheral_advertisementData_RSSI_
2026-03-17 18:09:22,388 DEBUG bleak.backends.corebluetooth.CentralManagerDelegate Discovered device 9927D8C7-CD57-F01E-4EF0-0F04EA874916: None @ RSSI: -87 (kCBAdvData <nsdict_keys(['kCBAdvDataIsConnectable', 'kCBAdvDataTimestamp', 'kCBAdvDataManufacturerData', 'kCBAdvDataRxSecondaryPHY', 'kCBAdvDataTxPowerLevel', 'kCBAdvDataRxPrimaryPHY'])>) and Central: <CBCentralManager: 0x10ce05400>
2026-03-17 18:09:22,402 DEBUG bleak.backends.corebluetooth.CentralManagerDelegate centralManager_didDiscoverPeripheral_advertisementData_RSSI_
2026-03-17 18:09:22,403 DEBUG bleak.backends.corebluetooth.CentralManagerDelegate Discovered device B44727D0-ACE2-3F36-1D3A-2B3B1C02B00C: None @ RSSI: -69 (kCBAdvData <nsdict_keys(['kCBAdvDataIsConnectable', 'kCBAdvDataManufacturerData', 'kCBAdvDataRxSecondaryPHY', 'kCBAdvDataTimestamp', 'kCBAdvDataRxPrimaryPHY'])>) and Central: <CBCentralManager: 0x10ce05400>
2026-03-17 18:09:22,649 DEBUG bleak.backends.corebluetooth.CentralManagerDelegate centralManager_didDiscoverPeripheral_advertisementData_RSSI_
2026-03-17 18:09:22,658 DEBUG bleak.backends.corebluetooth.CentralManagerDelegate centralManager_didDiscoverPeripheral_advertisementData_RSSI_
2026-03-17 18:09:22,662 DEBUG bleak.backends.corebluetooth.CentralManagerDelegate Discovered device 4BBD7E5E-BC3C-9E48-2670-2097317F356A: None @ RSSI: -69 (kCBAdvData <nsdict_keys(['kCBAdvDataIsConnectable', 'kCBAdvDataTimestamp', 'kCBAdvDataManufacturerData', 'kCBAdvDataRxSecondaryPHY', 'kCBAdvDataTxPowerLevel', 'kCBAdvDataRxPrimaryPHY'])>) and Central: <CBCentralManager: 0x10ce05400>
2026-03-17 18:09:22,662 DEBUG bleak.backends.corebluetooth.CentralManagerDelegate Discovered device 4BBD7E5E-BC3C-9E48-2670-2097317F356A: None @ RSSI: -69 (kCBAdvData <nsdict_keys(['kCBAdvDataIsConnectable', 'kCBAdvDataTimestamp', 'kCBAdvDataManufacturerData', 'kCBAdvDataRxSecondaryPHY', 'kCBAdvDataTxPowerLevel', 'kCBAdvDataRxPrimaryPHY'])>) and Central: <CBCentralManager: 0x10ce05400>
2026-03-17 18:09:23,254 DEBUG bleak.backends.corebluetooth.CentralManagerDelegate centralManager_didDiscoverPeripheral_advertisementData_RSSI_
2026-03-17 18:09:23,256 DEBUG bleak.backends.corebluetooth.CentralManagerDelegate Discovered device 1435FE5B-7D19-B318-51A3-094B7C14D215: None @ RSSI: -102 (kCBAdvData <nsdict_keys(['kCBAdvDataIsConnectable', 'kCBAdvDataTimestamp', 'kCBAdvDataManufacturerData', 'kCBAdvDataRxSecondaryPHY', 'kCBAdvDataTxPowerLevel', 'kCBAdvDataRxPrimaryPHY'])>) and Central: <CBCentralManager: 0x10ce05400>
2026-03-17 18:09:23,548 DEBUG bleak.backends.corebluetooth.CentralManagerDelegate centralManager_didDiscoverPeripheral_advertisementData_RSSI_
2026-03-17 18:09:23,550 DEBUG bleak.backends.corebluetooth.CentralManagerDelegate Discovered device B44727D0-ACE2-3F36-1D3A-2B3B1C02B00C: None @ RSSI: -61 (kCBAdvData <nsdict_keys(['kCBAdvDataIsConnectable', 'kCBAdvDataManufacturerData', 'kCBAdvDataRxSecondaryPHY', 'kCBAdvDataTimestamp', 'kCBAdvDataRxPrimaryPHY'])>) and Central: <CBCentralManager: 0x10ce05400>
2026-03-17 18:09:23,864 DEBUG bleak.backends.corebluetooth.CentralManagerDelegate centralManager_didDiscoverPeripheral_advertisementData_RSSI_
2026-03-17 18:09:23,865 DEBUG bleak.backends.corebluetooth.CentralManagerDelegate centralManager_didDiscoverPeripheral_advertisementData_RSSI_
2026-03-17 18:09:23,866 DEBUG bleak.backends.corebluetooth.CentralManagerDelegate Discovered device 493ABAA2-42A0-11C9-D28F-907C67F13792: None @ RSSI: -46 (kCBAdvData <nsdict_keys(['kCBAdvDataIsConnectable', 'kCBAdvDataTimestamp', 'kCBAdvDataManufacturerData', 'kCBAdvDataRxSecondaryPHY', 'kCBAdvDataTxPowerLevel', 'kCBAdvDataRxPrimaryPHY'])>) and Central: <CBCentralManager: 0x10ce05400>
2026-03-17 18:09:23,868 DEBUG bleak.backends.corebluetooth.CentralManagerDelegate Discovered device 493ABAA2-42A0-11C9-D28F-907C67F13792: None @ RSSI: -46 (kCBAdvData <nsdict_keys(['kCBAdvDataIsConnectable', 'kCBAdvDataTimestamp', 'kCBAdvDataManufacturerData', 'kCBAdvDataRxSecondaryPHY', 'kCBAdvDataTxPowerLevel', 'kCBAdvDataRxPrimaryPHY'])>) and Central: <CBCentralManager: 0x10ce05400>
2026-03-17 18:09:24,190 DEBUG bleak.backends.corebluetooth.CentralManagerDelegate centralManager_didDiscoverPeripheral_advertisementData_RSSI_
2026-03-17 18:09:24,191 DEBUG bleak.backends.corebluetooth.CentralManagerDelegate centralManager_didDiscoverPeripheral_advertisementData_RSSI_
2026-03-17 18:09:24,191 DEBUG bleak.backends.corebluetooth.CentralManagerDelegate Discovered device 97A9D8BE-4298-0A28-80C1-6F7213FE0D96: Noah’s iPhone @ RSSI: -33 (kCBAdvData <nsdict_keys(['kCBAdvDataIsConnectable', 'kCBAdvDataTimestamp', 'kCBAdvDataManufacturerData', 'kCBAdvDataRxSecondaryPHY', 'kCBAdvDataTxPowerLevel', 'kCBAdvDataRxPrimaryPHY'])>) and Central: <CBCentralManager: 0x10ce05400>
2026-03-17 18:09:24,192 DEBUG bleak.backends.corebluetooth.CentralManagerDelegate centralManager_didDiscoverPeripheral_advertisementData_RSSI_
2026-03-17 18:09:24,193 DEBUG bleak.backends.corebluetooth.CentralManagerDelegate Discovered device 97A9D8BE-4298-0A28-80C1-6F7213FE0D96: Noah’s iPhone @ RSSI: -33 (kCBAdvData <nsdict_keys(['kCBAdvDataIsConnectable', 'kCBAdvDataTimestamp', 'kCBAdvDataManufacturerData', 'kCBAdvDataRxSecondaryPHY', 'kCBAdvDataTxPowerLevel', 'kCBAdvDataRxPrimaryPHY'])>) and Central: <CBCentralManager: 0x10ce05400>
2026-03-17 18:09:24,194 DEBUG bleak.backends.corebluetooth.CentralManagerDelegate Discovered device 794FD30C-C48D-B15B-332C-1C1A31B019EF: None @ RSSI: -45 (kCBAdvData <nsdict_keys(['kCBAdvDataIsConnectable', 'kCBAdvDataManufacturerData', 'kCBAdvDataRxSecondaryPHY', 'kCBAdvDataTimestamp', 'kCBAdvDataRxPrimaryPHY'])>) and Central: <CBCentralManager: 0x10ce05400>
2026-03-17 18:09:24,207 DEBUG bleak.backends.corebluetooth.CentralManagerDelegate centralManager_didDiscoverPeripheral_advertisementData_RSSI_
2026-03-17 18:09:24,207 DEBUG bleak.backends.corebluetooth.CentralManagerDelegate centralManager_didDiscoverPeripheral_advertisementData_RSSI_
2026-03-17 18:09:24,208 DEBUG bleak.backends.corebluetooth.CentralManagerDelegate Discovered device 78180ED1-70B7-E345-0F16-9F49620B11A2: None @ RSSI: -83 (kCBAdvData <nsdict_keys(['kCBAdvDataIsConnectable', 'kCBAdvDataTimestamp', 'kCBAdvDataManufacturerData', 'kCBAdvDataRxSecondaryPHY', 'kCBAdvDataTxPowerLevel', 'kCBAdvDataRxPrimaryPHY'])>) and Central: <CBCentralManager: 0x10ce05400>
2026-03-17 18:09:24,209 DEBUG bleak.backends.corebluetooth.CentralManagerDelegate Discovered device 78180ED1-70B7-E345-0F16-9F49620B11A2: None @ RSSI: -84 (kCBAdvData <nsdict_keys(['kCBAdvDataIsConnectable', 'kCBAdvDataTimestamp', 'kCBAdvDataManufacturerData', 'kCBAdvDataRxSecondaryPHY', 'kCBAdvDataTxPowerLevel', 'kCBAdvDataRxPrimaryPHY'])>) and Central: <CBCentralManager: 0x10ce05400>
2026-03-17 18:09:24,485 DEBUG bleak.backends.corebluetooth.CentralManagerDelegate centralManager_didDiscoverPeripheral_advertisementData_RSSI_
2026-03-17 18:09:24,486 DEBUG bleak.backends.corebluetooth.CentralManagerDelegate Discovered device B44727D0-ACE2-3F36-1D3A-2B3B1C02B00C: None @ RSSI: -62 (kCBAdvData <nsdict_keys(['kCBAdvDataIsConnectable', 'kCBAdvDataManufacturerData', 'kCBAdvDataRxSecondaryPHY', 'kCBAdvDataTimestamp', 'kCBAdvDataRxPrimaryPHY'])>) and Central: <CBCentralManager: 0x10ce05400>
2026-03-17 18:09:25,111 DEBUG bleak.backends.corebluetooth.CentralManagerDelegate centralManager_didDiscoverPeripheral_advertisementData_RSSI_
2026-03-17 18:09:25,113 DEBUG bleak.backends.corebluetooth.CentralManagerDelegate Discovered device 794FD30C-C48D-B15B-332C-1C1A31B019EF: None @ RSSI: -44 (kCBAdvData <nsdict_keys(['kCBAdvDataIsConnectable', 'kCBAdvDataManufacturerData', 'kCBAdvDataRxSecondaryPHY', 'kCBAdvDataTimestamp', 'kCBAdvDataRxPrimaryPHY'])>) and Central: <CBCentralManager: 0x10ce05400>
2026-03-17 18:09:25,115 DEBUG bleak.backends.corebluetooth.CentralManagerDelegate centralManager_didDiscoverPeripheral_advertisementData_RSSI_
2026-03-17 18:09:25,115 DEBUG bleak.backends.corebluetooth.CentralManagerDelegate Discovered device B44727D0-ACE2-3F36-1D3A-2B3B1C02B00C: None @ RSSI: -65 (kCBAdvData <nsdict_keys(['kCBAdvDataIsConnectable', 'kCBAdvDataManufacturerData', 'kCBAdvDataRxSecondaryPHY', 'kCBAdvDataTimestamp', 'kCBAdvDataRxPrimaryPHY'])>) and Central: <CBCentralManager: 0x10ce05400>
2026-03-17 18:09:25,283 DEBUG bleak.backends.corebluetooth.CentralManagerDelegate centralManager_didDiscoverPeripheral_advertisementData_RSSI_
2026-03-17 18:09:25,284 DEBUG bleak.backends.corebluetooth.CentralManagerDelegate centralManager_didDiscoverPeripheral_advertisementData_RSSI_
2026-03-17 18:09:25,285 DEBUG bleak.backends.corebluetooth.CentralManagerDelegate Discovered device E1419538-AEB1-6449-3E06-52F432D4D9B1: None @ RSSI: -43 (kCBAdvData <nsdict_keys(['kCBAdvDataIsConnectable', 'kCBAdvDataTimestamp', 'kCBAdvDataManufacturerData', 'kCBAdvDataRxSecondaryPHY', 'kCBAdvDataTxPowerLevel', 'kCBAdvDataRxPrimaryPHY'])>) and Central: <CBCentralManager: 0x10ce05400>
2026-03-17 18:09:25,286 DEBUG bleak.backends.corebluetooth.CentralManagerDelegate Discovered device E1419538-AEB1-6449-3E06-52F432D4D9B1: None @ RSSI: -44 (kCBAdvData <nsdict_keys(['kCBAdvDataIsConnectable', 'kCBAdvDataTimestamp', 'kCBAdvDataManufacturerData', 'kCBAdvDataRxSecondaryPHY', 'kCBAdvDataTxPowerLevel', 'kCBAdvDataRxPrimaryPHY'])>) and Central: <CBCentralManager: 0x10ce05400>
2026-03-17 18:09:25,295 DEBUG bleak.backends.corebluetooth.CentralManagerDelegate centralManager_didDiscoverPeripheral_advertisementData_RSSI_
2026-03-17 18:09:25,296 DEBUG bleak.backends.corebluetooth.CentralManagerDelegate Discovered device 794FD30C-C48D-B15B-332C-1C1A31B019EF: None @ RSSI: -44 (kCBAdvData <nsdict_keys(['kCBAdvDataIsConnectable', 'kCBAdvDataManufacturerData', 'kCBAdvDataRxSecondaryPHY', 'kCBAdvDataTimestamp', 'kCBAdvDataRxPrimaryPHY'])>) and Central: <CBCentralManager: 0x10ce05400>
2026-03-17 18:09:25,319 DEBUG bleak.backends.corebluetooth.CentralManagerDelegate centralManager_didDiscoverPeripheral_advertisementData_RSSI_
2026-03-17 18:09:25,319 DEBUG bleak.backends.corebluetooth.CentralManagerDelegate Discovered device 78180ED1-70B7-E345-0F16-9F49620B11A2: None @ RSSI: -83 (kCBAdvData <nsdict_keys(['kCBAdvDataIsConnectable', 'kCBAdvDataTimestamp', 'kCBAdvDataManufacturerData', 'kCBAdvDataRxSecondaryPHY', 'kCBAdvDataTxPowerLevel', 'kCBAdvDataRxPrimaryPHY'])>) and Central: <CBCentralManager: 0x10ce05400>
2026-03-17 18:09:25,320 DEBUG bleak.backends.corebluetooth.CentralManagerDelegate centralManager_didDiscoverPeripheral_advertisementData_RSSI_
2026-03-17 18:09:25,321 DEBUG bleak.backends.corebluetooth.CentralManagerDelegate Discovered device 78180ED1-70B7-E345-0F16-9F49620B11A2: None @ RSSI: -83 (kCBAdvData <nsdict_keys(['kCBAdvDataIsConnectable', 'kCBAdvDataTimestamp', 'kCBAdvDataManufacturerData', 'kCBAdvDataRxSecondaryPHY', 'kCBAdvDataTxPowerLevel', 'kCBAdvDataRxPrimaryPHY'])>) and Central: <CBCentralManager: 0x10ce05400>
2026-03-17 18:09:25,327 DEBUG bleak.backends.corebluetooth.CentralManagerDelegate centralManager_didDiscoverPeripheral_advertisementData_RSSI_
2026-03-17 18:09:25,327 DEBUG bleak.backends.corebluetooth.CentralManagerDelegate Discovered device 09AD2A89-0D8D-A1E6-76B7-924F6E2A1F51: None @ RSSI: -61 (kCBAdvData <nsdict_keys(['kCBAdvDataIsConnectable', 'kCBAdvDataManufacturerData', 'kCBAdvDataRxSecondaryPHY', 'kCBAdvDataTimestamp', 'kCBAdvDataRxPrimaryPHY'])>) and Central: <CBCentralManager: 0x10ce05400>
2026-03-17 18:09:25,620 DEBUG bleak.backends.corebluetooth.CentralManagerDelegate centralManager_didDiscoverPeripheral_advertisementData_RSSI_
2026-03-17 18:09:25,623 DEBUG bleak.backends.corebluetooth.CentralManagerDelegate Discovered device 581B159E-4557-BA6C-4909-5B756CA34025: None @ RSSI: -62 (kCBAdvData <nsdict_keys(['kCBAdvDataIsConnectable', 'kCBAdvDataManufacturerData', 'kCBAdvDataRxSecondaryPHY', 'kCBAdvDataTimestamp', 'kCBAdvDataRxPrimaryPHY'])>) and Central: <CBCentralManager: 0x10ce05400>
2026-03-17 18:09:25,625 DEBUG bleak.backends.corebluetooth.CentralManagerDelegate centralManager_didDiscoverPeripheral_advertisementData_RSSI_
2026-03-17 18:09:25,625 DEBUG bleak.backends.corebluetooth.CentralManagerDelegate Discovered device B44727D0-ACE2-3F36-1D3A-2B3B1C02B00C: None @ RSSI: -62 (kCBAdvData <nsdict_keys(['kCBAdvDataIsConnectable', 'kCBAdvDataManufacturerData', 'kCBAdvDataRxSecondaryPHY', 'kCBAdvDataTimestamp', 'kCBAdvDataRxPrimaryPHY'])>) and Central: <CBCentralManager: 0x10ce05400>
2026-03-17 18:09:25,865 DEBUG bleak.backends.corebluetooth.CentralManagerDelegate centralManager_didDiscoverPeripheral_advertisementData_RSSI_
2026-03-17 18:09:25,866 DEBUG bleak.backends.corebluetooth.CentralManagerDelegate Discovered device 78180ED1-70B7-E345-0F16-9F49620B11A2: None @ RSSI: -78 (kCBAdvData <nsdict_keys(['kCBAdvDataIsConnectable', 'kCBAdvDataTimestamp', 'kCBAdvDataManufacturerData', 'kCBAdvDataRxSecondaryPHY', 'kCBAdvDataTxPowerLevel', 'kCBAdvDataRxPrimaryPHY'])>) and Central: <CBCentralManager: 0x10ce05400>
2026-03-17 18:09:25,866 DEBUG bleak.backends.corebluetooth.CentralManagerDelegate centralManager_didDiscoverPeripheral_advertisementData_RSSI_
2026-03-17 18:09:25,866 DEBUG bleak.backends.corebluetooth.CentralManagerDelegate Discovered device 78180ED1-70B7-E345-0F16-9F49620B11A2: None @ RSSI: -78 (kCBAdvData <nsdict_keys(['kCBAdvDataIsConnectable', 'kCBAdvDataTimestamp', 'kCBAdvDataManufacturerData', 'kCBAdvDataRxSecondaryPHY', 'kCBAdvDataTxPowerLevel', 'kCBAdvDataRxPrimaryPHY'])>) and Central: <CBCentralManager: 0x10ce05400>
2026-03-17 18:09:26,175 DEBUG bleak.backends.corebluetooth.CentralManagerDelegate centralManager_didDiscoverPeripheral_advertisementData_RSSI_
2026-03-17 18:09:26,176 DEBUG bleak.backends.corebluetooth.CentralManagerDelegate centralManager_didDiscoverPeripheral_advertisementData_RSSI_
2026-03-17 18:09:26,177 DEBUG bleak.backends.corebluetooth.CentralManagerDelegate Discovered device 600D5636-4D11-13B0-A98D-68234C053980: None @ RSSI: -66 (kCBAdvData <nsdict_keys(['kCBAdvDataIsConnectable', 'kCBAdvDataManufacturerData', 'kCBAdvDataRxSecondaryPHY', 'kCBAdvDataTimestamp', 'kCBAdvDataRxPrimaryPHY'])>) and Central: <CBCentralManager: 0x10ce05400>
2026-03-17 18:09:26,178 DEBUG bleak.backends.corebluetooth.CentralManagerDelegate Discovered device 600D5636-4D11-13B0-A98D-68234C053980: None @ RSSI: -66 (kCBAdvData <nsdict_keys(['kCBAdvDataIsConnectable', 'kCBAdvDataManufacturerData', 'kCBAdvDataRxSecondaryPHY', 'kCBAdvDataTimestamp', 'kCBAdvDataRxPrimaryPHY'])>) and Central: <CBCentralManager: 0x10ce05400>
2026-03-17 18:09:26,214 DEBUG bleak.backends.corebluetooth.CentralManagerDelegate centralManager_didDiscoverPeripheral_advertisementData_RSSI_
2026-03-17 18:09:26,216 DEBUG bleak.backends.corebluetooth.CentralManagerDelegate centralManager_didDiscoverPeripheral_advertisementData_RSSI_
2026-03-17 18:09:26,217 DEBUG bleak.backends.corebluetooth.CentralManagerDelegate Discovered device 4BBD7E5E-BC3C-9E48-2670-2097317F356A: None @ RSSI: -66 (kCBAdvData <nsdict_keys(['kCBAdvDataIsConnectable', 'kCBAdvDataTimestamp', 'kCBAdvDataManufacturerData', 'kCBAdvDataRxSecondaryPHY', 'kCBAdvDataTxPowerLevel', 'kCBAdvDataRxPrimaryPHY'])>) and Central: <CBCentralManager: 0x10ce05400>
2026-03-17 18:09:26,219 DEBUG bleak.backends.corebluetooth.CentralManagerDelegate Discovered device 4BBD7E5E-BC3C-9E48-2670-2097317F356A: None @ RSSI: -66 (kCBAdvData <nsdict_keys(['kCBAdvDataIsConnectable', 'kCBAdvDataTimestamp', 'kCBAdvDataManufacturerData', 'kCBAdvDataRxSecondaryPHY', 'kCBAdvDataTxPowerLevel', 'kCBAdvDataRxPrimaryPHY'])>) and Central: <CBCentralManager: 0x10ce05400>
2026-03-17 18:09:26,769 DEBUG bleak.backends.corebluetooth.CentralManagerDelegate centralManager_didDiscoverPeripheral_advertisementData_RSSI_
2026-03-17 18:09:26,770 DEBUG bleak.backends.corebluetooth.CentralManagerDelegate centralManager_didDiscoverPeripheral_advertisementData_RSSI_
2026-03-17 18:09:26,770 DEBUG bleak.backends.corebluetooth.CentralManagerDelegate Discovered device 4BBD7E5E-BC3C-9E48-2670-2097317F356A: None @ RSSI: -73 (kCBAdvData <nsdict_keys(['kCBAdvDataIsConnectable', 'kCBAdvDataTimestamp', 'kCBAdvDataManufacturerData', 'kCBAdvDataRxSecondaryPHY', 'kCBAdvDataTxPowerLevel', 'kCBAdvDataRxPrimaryPHY'])>) and Central: <CBCentralManager: 0x10ce05400>
2026-03-17 18:09:26,771 DEBUG bleak.backends.corebluetooth.CentralManagerDelegate Discovered device 4BBD7E5E-BC3C-9E48-2670-2097317F356A: None @ RSSI: -73 (kCBAdvData <nsdict_keys(['kCBAdvDataIsConnectable', 'kCBAdvDataTimestamp', 'kCBAdvDataManufacturerData', 'kCBAdvDataRxSecondaryPHY', 'kCBAdvDataTxPowerLevel', 'kCBAdvDataRxPrimaryPHY'])>) and Central: <CBCentralManager: 0x10ce05400>
2026-03-17 18:09:26,790 DEBUG bleak.backends.corebluetooth.CentralManagerDelegate centralManager_didDiscoverPeripheral_advertisementData_RSSI_
2026-03-17 18:09:26,790 DEBUG bleak.backends.corebluetooth.CentralManagerDelegate Discovered device B44727D0-ACE2-3F36-1D3A-2B3B1C02B00C: None @ RSSI: -60 (kCBAdvData <nsdict_keys(['kCBAdvDataIsConnectable', 'kCBAdvDataManufacturerData', 'kCBAdvDataRxSecondaryPHY', 'kCBAdvDataTimestamp', 'kCBAdvDataRxPrimaryPHY'])>) and Central: <CBCentralManager: 0x10ce05400>
2026-03-17 18:09:26,804 DEBUG bleak.backends.corebluetooth.CentralManagerDelegate centralManager_didDiscoverPeripheral_advertisementData_RSSI_
2026-03-17 18:09:26,804 DEBUG bleak.backends.corebluetooth.CentralManagerDelegate Discovered device 9927D8C7-CD57-F01E-4EF0-0F04EA874916: None @ RSSI: -87 (kCBAdvData <nsdict_keys(['kCBAdvDataIsConnectable', 'kCBAdvDataTimestamp', 'kCBAdvDataManufacturerData', 'kCBAdvDataRxSecondaryPHY', 'kCBAdvDataTxPowerLevel', 'kCBAdvDataRxPrimaryPHY'])>) and Central: <CBCentralManager: 0x10ce05400>
2026-03-17 18:09:26,807 DEBUG bleak.backends.corebluetooth.CentralManagerDelegate centralManager_didDiscoverPeripheral_advertisementData_RSSI_
2026-03-17 18:09:26,807 DEBUG bleak.backends.corebluetooth.CentralManagerDelegate Discovered device 9927D8C7-CD57-F01E-4EF0-0F04EA874916: None @ RSSI: -87 (kCBAdvData <nsdict_keys(['kCBAdvDataIsConnectable', 'kCBAdvDataTimestamp', 'kCBAdvDataManufacturerData', 'kCBAdvDataRxSecondaryPHY', 'kCBAdvDataTxPowerLevel', 'kCBAdvDataRxPrimaryPHY'])>) and Central: <CBCentralManager: 0x10ce05400>
2026-03-17 18:09:27,068 DEBUG bleak.backends.corebluetooth.CentralManagerDelegate centralManager_didDiscoverPeripheral_advertisementData_RSSI_
2026-03-17 18:09:27,070 DEBUG bleak.backends.corebluetooth.CentralManagerDelegate Discovered device 86DDA426-B077-D1DA-4A2D-66DB6A8A9755: [TV] Samsung 7 Series (49) @ RSSI: -84 (kCBAdvData <nsdict_keys(['kCBAdvDataIsConnectable', 'kCBAdvDataManufacturerData', 'kCBAdvDataRxSecondaryPHY', 'kCBAdvDataTimestamp', 'kCBAdvDataRxPrimaryPHY'])>) and Central: <CBCentralManager: 0x10ce05400>
2026-03-17 18:09:27,078 DEBUG bleak.backends.corebluetooth.CentralManagerDelegate centralManager_didDiscoverPeripheral_advertisementData_RSSI_
2026-03-17 18:09:27,079 DEBUG bleak.backends.corebluetooth.CentralManagerDelegate Discovered device 9927D8C7-CD57-F01E-4EF0-0F04EA874916: None @ RSSI: -86 (kCBAdvData <nsdict_keys(['kCBAdvDataIsConnectable', 'kCBAdvDataTimestamp', 'kCBAdvDataManufacturerData', 'kCBAdvDataRxSecondaryPHY', 'kCBAdvDataTxPowerLevel', 'kCBAdvDataRxPrimaryPHY'])>) and Central: <CBCentralManager: 0x10ce05400>
2026-03-17 18:09:27,490 DEBUG bleak.backends.corebluetooth.CentralManagerDelegate centralManager_didDiscoverPeripheral_advertisementData_RSSI_
2026-03-17 18:09:27,491 DEBUG bleak.backends.corebluetooth.CentralManagerDelegate centralManager_didDiscoverPeripheral_advertisementData_RSSI_
2026-03-17 18:09:27,491 DEBUG bleak.backends.corebluetooth.CentralManagerDelegate centralManager_didDiscoverPeripheral_advertisementData_RSSI_
2026-03-17 18:09:27,491 DEBUG bleak.backends.corebluetooth.CentralManagerDelegate centralManager_didDiscoverPeripheral_advertisementData_RSSI_
2026-03-17 18:09:27,492 DEBUG bleak.backends.corebluetooth.CentralManagerDelegate Discovered device E1419538-AEB1-6449-3E06-52F432D4D9B1: None @ RSSI: -44 (kCBAdvData <nsdict_keys(['kCBAdvDataIsConnectable', 'kCBAdvDataTimestamp', 'kCBAdvDataManufacturerData', 'kCBAdvDataRxSecondaryPHY', 'kCBAdvDataTxPowerLevel', 'kCBAdvDataRxPrimaryPHY'])>) and Central: <CBCentralManager: 0x10ce05400>
2026-03-17 18:09:27,493 DEBUG bleak.backends.corebluetooth.CentralManagerDelegate Discovered device E1419538-AEB1-6449-3E06-52F432D4D9B1: None @ RSSI: -44 (kCBAdvData <nsdict_keys(['kCBAdvDataIsConnectable', 'kCBAdvDataTimestamp', 'kCBAdvDataManufacturerData', 'kCBAdvDataRxSecondaryPHY', 'kCBAdvDataTxPowerLevel', 'kCBAdvDataRxPrimaryPHY'])>) and Central: <CBCentralManager: 0x10ce05400>
2026-03-17 18:09:27,493 DEBUG bleak.backends.corebluetooth.CentralManagerDelegate Discovered device 97A9D8BE-4298-0A28-80C1-6F7213FE0D96: Noah’s iPhone @ RSSI: -35 (kCBAdvData <nsdict_keys(['kCBAdvDataIsConnectable', 'kCBAdvDataTimestamp', 'kCBAdvDataManufacturerData', 'kCBAdvDataRxSecondaryPHY', 'kCBAdvDataTxPowerLevel', 'kCBAdvDataRxPrimaryPHY'])>) and Central: <CBCentralManager: 0x10ce05400>
2026-03-17 18:09:27,494 DEBUG bleak.backends.corebluetooth.CentralManagerDelegate Discovered device 97A9D8BE-4298-0A28-80C1-6F7213FE0D96: Noah’s iPhone @ RSSI: -35 (kCBAdvData <nsdict_keys(['kCBAdvDataIsConnectable', 'kCBAdvDataTimestamp', 'kCBAdvDataManufacturerData', 'kCBAdvDataRxSecondaryPHY', 'kCBAdvDataTxPowerLevel', 'kCBAdvDataRxPrimaryPHY'])>) and Central: <CBCentralManager: 0x10ce05400>
2026-03-17 18:09:27,758 DEBUG bleak.backends.corebluetooth.CentralManagerDelegate centralManager_didDiscoverPeripheral_advertisementData_RSSI_
2026-03-17 18:09:27,760 DEBUG bleak.backends.corebluetooth.CentralManagerDelegate centralManager_didDiscoverPeripheral_advertisementData_RSSI_
2026-03-17 18:09:27,761 DEBUG bleak.backends.corebluetooth.CentralManagerDelegate Discovered device 7B7DB717-7D2C-969D-8E95-DEBFB99E90DA: None @ RSSI: -87 (kCBAdvData <nsdict_keys(['kCBAdvDataIsConnectable', 'kCBAdvDataManufacturerData', 'kCBAdvDataRxSecondaryPHY', 'kCBAdvDataTimestamp', 'kCBAdvDataRxPrimaryPHY'])>) and Central: <CBCentralManager: 0x10ce05400>
2026-03-17 18:09:27,762 DEBUG bleak.backends.corebluetooth.CentralManagerDelegate Discovered device 7B7DB717-7D2C-969D-8E95-DEBFB99E90DA: None @ RSSI: -88 (kCBAdvData <nsdict_keys(['kCBAdvDataIsConnectable', 'kCBAdvDataManufacturerData', 'kCBAdvDataRxSecondaryPHY', 'kCBAdvDataTimestamp', 'kCBAdvDataRxPrimaryPHY'])>) and Central: <CBCentralManager: 0x10ce05400>
2026-03-17 18:09:27,763 DEBUG bleak.backends.corebluetooth.CentralManagerDelegate centralManager_didDiscoverPeripheral_advertisementData_RSSI_
2026-03-17 18:09:27,764 DEBUG bleak.backends.corebluetooth.CentralManagerDelegate Discovered device E1419538-AEB1-6449-3E06-52F432D4D9B1: None @ RSSI: -47 (kCBAdvData <nsdict_keys(['kCBAdvDataIsConnectable', 'kCBAdvDataTimestamp', 'kCBAdvDataManufacturerData', 'kCBAdvDataRxSecondaryPHY', 'kCBAdvDataTxPowerLevel', 'kCBAdvDataRxPrimaryPHY'])>) and Central: <CBCentralManager: 0x10ce05400>
2026-03-17 18:09:28,044 DEBUG bleak.backends.corebluetooth.CentralManagerDelegate centralManager_didDiscoverPeripheral_advertisementData_RSSI_
2026-03-17 18:09:28,045 DEBUG bleak.backends.corebluetooth.CentralManagerDelegate centralManager_didDiscoverPeripheral_advertisementData_RSSI_
2026-03-17 18:09:28,046 DEBUG bleak.backends.corebluetooth.CentralManagerDelegate Discovered device 97A9D8BE-4298-0A28-80C1-6F7213FE0D96: Noah’s iPhone @ RSSI: -32 (kCBAdvData <nsdict_keys(['kCBAdvDataIsConnectable', 'kCBAdvDataTimestamp', 'kCBAdvDataManufacturerData', 'kCBAdvDataRxSecondaryPHY', 'kCBAdvDataTxPowerLevel', 'kCBAdvDataRxPrimaryPHY'])>) and Central: <CBCentralManager: 0x10ce05400>
2026-03-17 18:09:28,047 DEBUG bleak.backends.corebluetooth.CentralManagerDelegate Discovered device 97A9D8BE-4298-0A28-80C1-6F7213FE0D96: Noah’s iPhone @ RSSI: -32 (kCBAdvData <nsdict_keys(['kCBAdvDataIsConnectable', 'kCBAdvDataTimestamp', 'kCBAdvDataManufacturerData', 'kCBAdvDataRxSecondaryPHY', 'kCBAdvDataTxPowerLevel', 'kCBAdvDataRxPrimaryPHY'])>) and Central: <CBCentralManager: 0x10ce05400>
2026-03-17 18:09:28,049 DEBUG bleak.backends.corebluetooth.CentralManagerDelegate centralManager_didDiscoverPeripheral_advertisementData_RSSI_
2026-03-17 18:09:28,050 DEBUG bleak.backends.corebluetooth.CentralManagerDelegate Discovered device B44727D0-ACE2-3F36-1D3A-2B3B1C02B00C: None @ RSSI: -59 (kCBAdvData <nsdict_keys(['kCBAdvDataIsConnectable', 'kCBAdvDataManufacturerData', 'kCBAdvDataRxSecondaryPHY', 'kCBAdvDataTimestamp', 'kCBAdvDataRxPrimaryPHY'])>) and Central: <CBCentralManager: 0x10ce05400>
2026-03-17 18:09:28,061 DEBUG bleak.backends.corebluetooth.CentralManagerDelegate centralManager_didDiscoverPeripheral_advertisementData_RSSI_
2026-03-17 18:09:28,061 DEBUG bleak.backends.corebluetooth.CentralManagerDelegate Discovered device 78180ED1-70B7-E345-0F16-9F49620B11A2: None @ RSSI: -82 (kCBAdvData <nsdict_keys(['kCBAdvDataIsConnectable', 'kCBAdvDataTimestamp', 'kCBAdvDataManufacturerData', 'kCBAdvDataRxSecondaryPHY', 'kCBAdvDataTxPowerLevel', 'kCBAdvDataRxPrimaryPHY'])>) and Central: <CBCentralManager: 0x10ce05400>
2026-03-17 18:09:28,071 DEBUG bleak.backends.corebluetooth.CentralManagerDelegate centralManager_didDiscoverPeripheral_advertisementData_RSSI_
2026-03-17 18:09:28,071 DEBUG bleak.backends.corebluetooth.CentralManagerDelegate Discovered device 14ADD827-CA00-F4ED-A519-7CBE5AA2A1D7: None @ RSSI: -55 (kCBAdvData <nsdict_keys(['kCBAdvDataIsConnectable', 'kCBAdvDataTimestamp', 'kCBAdvDataManufacturerData', 'kCBAdvDataRxSecondaryPHY', 'kCBAdvDataTxPowerLevel', 'kCBAdvDataRxPrimaryPHY'])>) and Central: <CBCentralManager: 0x10ce05400>
2026-03-17 18:09:28,072 DEBUG bleak.backends.corebluetooth.CentralManagerDelegate centralManager_didDiscoverPeripheral_advertisementData_RSSI_
2026-03-17 18:09:28,073 DEBUG bleak.backends.corebluetooth.CentralManagerDelegate Discovered device 14ADD827-CA00-F4ED-A519-7CBE5AA2A1D7: None @ RSSI: -55 (kCBAdvData <nsdict_keys(['kCBAdvDataIsConnectable', 'kCBAdvDataTimestamp', 'kCBAdvDataManufacturerData', 'kCBAdvDataRxSecondaryPHY', 'kCBAdvDataTxPowerLevel', 'kCBAdvDataRxPrimaryPHY'])>) and Central: <CBCentralManager: 0x10ce05400>
2026-03-17 18:09:28,084 DEBUG bleak.backends.corebluetooth.CentralManagerDelegate centralManager_didDiscoverPeripheral_advertisementData_RSSI_
2026-03-17 18:09:28,085 DEBUG bleak.backends.corebluetooth.CentralManagerDelegate Discovered device 794FD30C-C48D-B15B-332C-1C1A31B019EF: None @ RSSI: -43 (kCBAdvData <nsdict_keys(['kCBAdvDataIsConnectable', 'kCBAdvDataManufacturerData', 'kCBAdvDataRxSecondaryPHY', 'kCBAdvDataTimestamp', 'kCBAdvDataRxPrimaryPHY'])>) and Central: <CBCentralManager: 0x10ce05400>
2026-03-17 18:09:28,343 DEBUG bleak.backends.corebluetooth.CentralManagerDelegate centralManager_didDiscoverPeripheral_advertisementData_RSSI_
2026-03-17 18:09:28,345 DEBUG bleak.backends.corebluetooth.CentralManagerDelegate centralManager_didDiscoverPeripheral_advertisementData_RSSI_
2026-03-17 18:09:28,345 DEBUG bleak.backends.corebluetooth.CentralManagerDelegate Discovered device 78180ED1-70B7-E345-0F16-9F49620B11A2: None @ RSSI: -91 (kCBAdvData <nsdict_keys(['kCBAdvDataIsConnectable', 'kCBAdvDataTimestamp', 'kCBAdvDataManufacturerData', 'kCBAdvDataRxSecondaryPHY', 'kCBAdvDataTxPowerLevel', 'kCBAdvDataRxPrimaryPHY'])>) and Central: <CBCentralManager: 0x10ce05400>
2026-03-17 18:09:28,346 DEBUG bleak.backends.corebluetooth.CentralManagerDelegate Discovered device 78180ED1-70B7-E345-0F16-9F49620B11A2: None @ RSSI: -91 (kCBAdvData <nsdict_keys(['kCBAdvDataIsConnectable', 'kCBAdvDataTimestamp', 'kCBAdvDataManufacturerData', 'kCBAdvDataRxSecondaryPHY', 'kCBAdvDataTxPowerLevel', 'kCBAdvDataRxPrimaryPHY'])>) and Central: <CBCentralManager: 0x10ce05400>
2026-03-17 18:09:28,347 DEBUG bleak.backends.corebluetooth.CentralManagerDelegate centralManager_didDiscoverPeripheral_advertisementData_RSSI_
2026-03-17 18:09:28,347 DEBUG bleak.backends.corebluetooth.CentralManagerDelegate centralManager_didDiscoverPeripheral_advertisementData_RSSI_
2026-03-17 18:09:28,348 DEBUG bleak.backends.corebluetooth.CentralManagerDelegate Discovered device 14ADD827-CA00-F4ED-A519-7CBE5AA2A1D7: None @ RSSI: -50 (kCBAdvData <nsdict_keys(['kCBAdvDataIsConnectable', 'kCBAdvDataTimestamp', 'kCBAdvDataManufacturerData', 'kCBAdvDataRxSecondaryPHY', 'kCBAdvDataTxPowerLevel', 'kCBAdvDataRxPrimaryPHY'])>) and Central: <CBCentralManager: 0x10ce05400>
2026-03-17 18:09:28,348 DEBUG bleak.backends.corebluetooth.CentralManagerDelegate Discovered device 14ADD827-CA00-F4ED-A519-7CBE5AA2A1D7: None @ RSSI: -50 (kCBAdvData <nsdict_keys(['kCBAdvDataIsConnectable', 'kCBAdvDataTimestamp', 'kCBAdvDataManufacturerData', 'kCBAdvDataRxSecondaryPHY', 'kCBAdvDataTxPowerLevel', 'kCBAdvDataRxPrimaryPHY'])>) and Central: <CBCentralManager: 0x10ce05400>
2026-03-17 18:09:28,371 DEBUG bleak.backends.corebluetooth.CentralManagerDelegate centralManager_didDiscoverPeripheral_advertisementData_RSSI_
2026-03-17 18:09:28,372 DEBUG bleak.backends.corebluetooth.CentralManagerDelegate Discovered device B44727D0-ACE2-3F36-1D3A-2B3B1C02B00C: None @ RSSI: -61 (kCBAdvData <nsdict_keys(['kCBAdvDataIsConnectable', 'kCBAdvDataManufacturerData', 'kCBAdvDataRxSecondaryPHY', 'kCBAdvDataTimestamp', 'kCBAdvDataRxPrimaryPHY'])>) and Central: <CBCentralManager: 0x10ce05400>
2026-03-17 18:09:28,965 DEBUG bleak.backends.corebluetooth.CentralManagerDelegate centralManager_didDiscoverPeripheral_advertisementData_RSSI_
2026-03-17 18:09:28,966 DEBUG bleak.backends.corebluetooth.CentralManagerDelegate centralManager_didDiscoverPeripheral_advertisementData_RSSI_
2026-03-17 18:09:28,968 DEBUG bleak.backends.corebluetooth.CentralManagerDelegate Discovered device 4BBD7E5E-BC3C-9E48-2670-2097317F356A: None @ RSSI: -67 (kCBAdvData <nsdict_keys(['kCBAdvDataIsConnectable', 'kCBAdvDataTimestamp', 'kCBAdvDataManufacturerData', 'kCBAdvDataRxSecondaryPHY', 'kCBAdvDataTxPowerLevel', 'kCBAdvDataRxPrimaryPHY'])>) and Central: <CBCentralManager: 0x10ce05400>
2026-03-17 18:09:28,968 DEBUG bleak.backends.corebluetooth.CentralManagerDelegate centralManager_didDiscoverPeripheral_advertisementData_RSSI_
2026-03-17 18:09:28,969 DEBUG bleak.backends.corebluetooth.CentralManagerDelegate Discovered device 4BBD7E5E-BC3C-9E48-2670-2097317F356A: None @ RSSI: -67 (kCBAdvData <nsdict_keys(['kCBAdvDataIsConnectable', 'kCBAdvDataTimestamp', 'kCBAdvDataManufacturerData', 'kCBAdvDataRxSecondaryPHY', 'kCBAdvDataTxPowerLevel', 'kCBAdvDataRxPrimaryPHY'])>) and Central: <CBCentralManager: 0x10ce05400>
2026-03-17 18:09:28,970 DEBUG bleak.backends.corebluetooth.CentralManagerDelegate Discovered device 14ADD827-CA00-F4ED-A519-7CBE5AA2A1D7: None @ RSSI: -56 (kCBAdvData <nsdict_keys(['kCBAdvDataIsConnectable', 'kCBAdvDataManufacturerData', 'kCBAdvDataRxSecondaryPHY', 'kCBAdvDataTimestamp', 'kCBAdvDataRxPrimaryPHY'])>) and Central: <CBCentralManager: 0x10ce05400>
2026-03-17 18:09:29,241 DEBUG bleak.backends.corebluetooth.CentralManagerDelegate centralManager_didDiscoverPeripheral_advertisementData_RSSI_
2026-03-17 18:09:29,242 DEBUG bleak.backends.corebluetooth.CentralManagerDelegate Discovered device 14ADD827-CA00-F4ED-A519-7CBE5AA2A1D7: None @ RSSI: -55 (kCBAdvData <nsdict_keys(['kCBAdvDataIsConnectable', 'kCBAdvDataManufacturerData', 'kCBAdvDataRxSecondaryPHY', 'kCBAdvDataTimestamp', 'kCBAdvDataRxPrimaryPHY'])>) and Central: <CBCentralManager: 0x10ce05400>
2026-03-17 18:09:29,244 DEBUG bleak.backends.corebluetooth.CentralManagerDelegate centralManager_didDiscoverPeripheral_advertisementData_RSSI_
2026-03-17 18:09:29,244 DEBUG bleak.backends.corebluetooth.CentralManagerDelegate Discovered device 14ADD827-CA00-F4ED-A519-7CBE5AA2A1D7: None @ RSSI: -55 (kCBAdvData <nsdict_keys(['kCBAdvDataIsConnectable', 'kCBAdvDataManufacturerData', 'kCBAdvDataRxSecondaryPHY', 'kCBAdvDataTimestamp', 'kCBAdvDataRxPrimaryPHY'])>) and Central: <CBCentralManager: 0x10ce05400>
2026-03-17 18:09:29,273 DEBUG bleak.backends.corebluetooth.CentralManagerDelegate centralManager_didDiscoverPeripheral_advertisementData_RSSI_
2026-03-17 18:09:29,274 DEBUG bleak.backends.corebluetooth.CentralManagerDelegate Discovered device 14ADD827-CA00-F4ED-A519-7CBE5AA2A1D7: None @ RSSI: -55 (kCBAdvData <nsdict_keys(['kCBAdvDataIsConnectable', 'kCBAdvDataManufacturerData', 'kCBAdvDataRxSecondaryPHY', 'kCBAdvDataTimestamp', 'kCBAdvDataRxPrimaryPHY'])>) and Central: <CBCentralManager: 0x10ce05400>
2026-03-17 18:09:29,275 DEBUG bleak.backends.corebluetooth.CentralManagerDelegate centralManager_didDiscoverPeripheral_advertisementData_RSSI_
2026-03-17 18:09:29,275 DEBUG bleak.backends.corebluetooth.CentralManagerDelegate Discovered device 14ADD827-CA00-F4ED-A519-7CBE5AA2A1D7: None @ RSSI: -55 (kCBAdvData <nsdict_keys(['kCBAdvDataIsConnectable', 'kCBAdvDataManufacturerData', 'kCBAdvDataRxSecondaryPHY', 'kCBAdvDataTimestamp', 'kCBAdvDataRxPrimaryPHY'])>) and Central: <CBCentralManager: 0x10ce05400>
2026-03-17 18:09:29,428 DEBUG bleak.backends.corebluetooth.CentralManagerDelegate 'isScanning' changed
2026-03-17 18:09:29,431 WARNING sleep_receiver scan: no matching device found
2026-03-17 18:09:36,184 INFO sleep_receiver scan: looking for name prefix 'Bangle'
2026-03-17 18:09:36,276 DEBUG bleak.backends.corebluetooth.CentralManagerDelegate centralManagerDidUpdateState_
2026-03-17 18:09:36,277 DEBUG bleak.backends.corebluetooth.CentralManagerDelegate Bluetooth powered on
2026-03-17 18:09:36,277 DEBUG bleak.backends.corebluetooth.CentralManagerDelegate 'isScanning' changed
2026-03-17 18:09:36,338 DEBUG bleak.backends.corebluetooth.CentralManagerDelegate centralManager_didDiscoverPeripheral_advertisementData_RSSI_
2026-03-17 18:09:36,339 DEBUG bleak.backends.corebluetooth.CentralManagerDelegate Discovered device 86DDA426-B077-D1DA-4A2D-66DB6A8A9755: [TV] Samsung 7 Series (49) @ RSSI: -84 (kCBAdvData <nsdict_keys(['kCBAdvDataIsConnectable', 'kCBAdvDataManufacturerData', 'kCBAdvDataRxSecondaryPHY', 'kCBAdvDataTimestamp', 'kCBAdvDataRxPrimaryPHY'])>) and Central: <CBCentralManager: 0x10ce0fe00>
2026-03-17 18:09:36,342 DEBUG bleak.backends.corebluetooth.CentralManagerDelegate centralManager_didDiscoverPeripheral_advertisementData_RSSI_
2026-03-17 18:09:36,342 DEBUG bleak.backends.corebluetooth.CentralManagerDelegate Discovered device B44727D0-ACE2-3F36-1D3A-2B3B1C02B00C: None @ RSSI: -59 (kCBAdvData <nsdict_keys(['kCBAdvDataIsConnectable', 'kCBAdvDataManufacturerData', 'kCBAdvDataRxSecondaryPHY', 'kCBAdvDataTimestamp', 'kCBAdvDataRxPrimaryPHY'])>) and Central: <CBCentralManager: 0x10ce0fe00>
2026-03-17 18:09:36,350 DEBUG bleak.backends.corebluetooth.CentralManagerDelegate centralManager_didDiscoverPeripheral_advertisementData_RSSI_
2026-03-17 18:09:36,350 DEBUG bleak.backends.corebluetooth.CentralManagerDelegate Discovered device D3556914-C483-4560-EB69-5B7B68341DEC: None @ RSSI: -70 (kCBAdvData <nsdict_keys(['kCBAdvDataIsConnectable', 'kCBAdvDataManufacturerData', 'kCBAdvDataRxSecondaryPHY', 'kCBAdvDataTimestamp', 'kCBAdvDataRxPrimaryPHY'])>) and Central: <CBCentralManager: 0x10ce0fe00>
2026-03-17 18:09:36,350 DEBUG bleak.backends.corebluetooth.CentralManagerDelegate centralManager_didDiscoverPeripheral_advertisementData_RSSI_
2026-03-17 18:09:36,351 DEBUG bleak.backends.corebluetooth.CentralManagerDelegate Discovered device D3556914-C483-4560-EB69-5B7B68341DEC: None @ RSSI: -70 (kCBAdvData <nsdict_keys(['kCBAdvDataIsConnectable', 'kCBAdvDataManufacturerData', 'kCBAdvDataRxSecondaryPHY', 'kCBAdvDataTimestamp', 'kCBAdvDataRxPrimaryPHY'])>) and Central: <CBCentralManager: 0x10ce0fe00>
2026-03-17 18:09:36,606 DEBUG bleak.backends.corebluetooth.CentralManagerDelegate centralManager_didDiscoverPeripheral_advertisementData_RSSI_
2026-03-17 18:09:36,607 DEBUG bleak.backends.corebluetooth.CentralManagerDelegate Discovered device 97A9D8BE-4298-0A28-80C1-6F7213FE0D96: Noah’s iPhone @ RSSI: -35 (kCBAdvData <nsdict_keys(['kCBAdvDataIsConnectable', 'kCBAdvDataTimestamp', 'kCBAdvDataManufacturerData', 'kCBAdvDataRxSecondaryPHY', 'kCBAdvDataTxPowerLevel', 'kCBAdvDataRxPrimaryPHY'])>) and Central: <CBCentralManager: 0x10ce0fe00>
2026-03-17 18:09:36,607 DEBUG bleak.backends.corebluetooth.CentralManagerDelegate centralManager_didDiscoverPeripheral_advertisementData_RSSI_
2026-03-17 18:09:36,609 DEBUG bleak.backends.corebluetooth.CentralManagerDelegate Discovered device 97A9D8BE-4298-0A28-80C1-6F7213FE0D96: Noah’s iPhone @ RSSI: -34 (kCBAdvData <nsdict_keys(['kCBAdvDataIsConnectable', 'kCBAdvDataTimestamp', 'kCBAdvDataManufacturerData', 'kCBAdvDataRxSecondaryPHY', 'kCBAdvDataTxPowerLevel', 'kCBAdvDataRxPrimaryPHY'])>) and Central: <CBCentralManager: 0x10ce0fe00>
2026-03-17 18:09:36,609 DEBUG bleak.backends.corebluetooth.CentralManagerDelegate centralManager_didDiscoverPeripheral_advertisementData_RSSI_
2026-03-17 18:09:36,610 DEBUG bleak.backends.corebluetooth.CentralManagerDelegate Discovered device EDA366A7-B452-44A3-86CB-7C731162AA08: None @ RSSI: -55 (kCBAdvData <nsdict_keys(['kCBAdvDataIsConnectable', 'kCBAdvDataManufacturerData', 'kCBAdvDataRxSecondaryPHY', 'kCBAdvDataTimestamp', 'kCBAdvDataRxPrimaryPHY'])>) and Central: <CBCentralManager: 0x10ce0fe00>
2026-03-17 18:09:36,610 DEBUG bleak.backends.corebluetooth.CentralManagerDelegate centralManager_didDiscoverPeripheral_advertisementData_RSSI_
2026-03-17 18:09:36,611 DEBUG bleak.backends.corebluetooth.CentralManagerDelegate Discovered device EDA366A7-B452-44A3-86CB-7C731162AA08: None @ RSSI: -55 (kCBAdvData <nsdict_keys(['kCBAdvDataIsConnectable', 'kCBAdvDataManufacturerData', 'kCBAdvDataRxSecondaryPHY', 'kCBAdvDataTimestamp', 'kCBAdvDataRxPrimaryPHY'])>) and Central: <CBCentralManager: 0x10ce0fe00>
2026-03-17 18:09:36,641 DEBUG bleak.backends.corebluetooth.CentralManagerDelegate centralManager_didDiscoverPeripheral_advertisementData_RSSI_
2026-03-17 18:09:36,642 DEBUG bleak.backends.corebluetooth.CentralManagerDelegate Discovered device 86DDA426-B077-D1DA-4A2D-66DB6A8A9755: [TV] Samsung 7 Series (49) @ RSSI: -84 (kCBAdvData <nsdict_keys(['kCBAdvDataIsConnectable', 'kCBAdvDataManufacturerData', 'kCBAdvDataRxSecondaryPHY', 'kCBAdvDataTimestamp', 'kCBAdvDataRxPrimaryPHY'])>) and Central: <CBCentralManager: 0x10ce0fe00>
2026-03-17 18:09:36,898 DEBUG bleak.backends.corebluetooth.CentralManagerDelegate centralManager_didDiscoverPeripheral_advertisementData_RSSI_
2026-03-17 18:09:36,898 DEBUG bleak.backends.corebluetooth.CentralManagerDelegate Discovered device 12268CD3-B6ED-69C4-0DBD-2F05796F3E05: [TV] TV @ RSSI: -57 (kCBAdvData <nsdict_keys(['kCBAdvDataIsConnectable', 'kCBAdvDataManufacturerData', 'kCBAdvDataRxSecondaryPHY', 'kCBAdvDataTimestamp', 'kCBAdvDataRxPrimaryPHY'])>) and Central: <CBCentralManager: 0x10ce0fe00>
2026-03-17 18:09:36,905 DEBUG bleak.backends.corebluetooth.CentralManagerDelegate centralManager_didDiscoverPeripheral_advertisementData_RSSI_
2026-03-17 18:09:36,905 DEBUG bleak.backends.corebluetooth.CentralManagerDelegate Discovered device 0B4F923E-74B9-0125-B040-018F0F316148: None @ RSSI: -68 (kCBAdvData <nsdict_keys(['kCBAdvDataIsConnectable', 'kCBAdvDataManufacturerData', 'kCBAdvDataRxSecondaryPHY', 'kCBAdvDataTimestamp', 'kCBAdvDataRxPrimaryPHY'])>) and Central: <CBCentralManager: 0x10ce0fe00>
2026-03-17 18:09:36,950 DEBUG bleak.backends.corebluetooth.CentralManagerDelegate centralManager_didDiscoverPeripheral_advertisementData_RSSI_
2026-03-17 18:09:36,954 DEBUG bleak.backends.corebluetooth.CentralManagerDelegate Discovered device 86DDA426-B077-D1DA-4A2D-66DB6A8A9755: [TV] Samsung 7 Series (49) @ RSSI: -88 (kCBAdvData <nsdict_keys(['kCBAdvDataIsConnectable', 'kCBAdvDataManufacturerData', 'kCBAdvDataRxSecondaryPHY', 'kCBAdvDataTimestamp', 'kCBAdvDataRxPrimaryPHY'])>) and Central: <CBCentralManager: 0x10ce0fe00>
2026-03-17 18:09:37,153 DEBUG bleak.backends.corebluetooth.CentralManagerDelegate centralManager_didDiscoverPeripheral_advertisementData_RSSI_
2026-03-17 18:09:37,155 DEBUG bleak.backends.corebluetooth.CentralManagerDelegate centralManager_didDiscoverPeripheral_advertisementData_RSSI_
2026-03-17 18:09:37,155 DEBUG bleak.backends.corebluetooth.CentralManagerDelegate Discovered device 97A9D8BE-4298-0A28-80C1-6F7213FE0D96: Noah’s iPhone @ RSSI: -33 (kCBAdvData <nsdict_keys(['kCBAdvDataIsConnectable', 'kCBAdvDataTimestamp', 'kCBAdvDataManufacturerData', 'kCBAdvDataRxSecondaryPHY', 'kCBAdvDataTxPowerLevel', 'kCBAdvDataRxPrimaryPHY'])>) and Central: <CBCentralManager: 0x10ce0fe00>
2026-03-17 18:09:37,156 DEBUG bleak.backends.corebluetooth.CentralManagerDelegate Discovered device 97A9D8BE-4298-0A28-80C1-6F7213FE0D96: Noah’s iPhone @ RSSI: -32 (kCBAdvData <nsdict_keys(['kCBAdvDataIsConnectable', 'kCBAdvDataTimestamp', 'kCBAdvDataManufacturerData', 'kCBAdvDataRxSecondaryPHY', 'kCBAdvDataTxPowerLevel', 'kCBAdvDataRxPrimaryPHY'])>) and Central: <CBCentralManager: 0x10ce0fe00>
2026-03-17 18:09:37,160 DEBUG bleak.backends.corebluetooth.CentralManagerDelegate centralManager_didDiscoverPeripheral_advertisementData_RSSI_
2026-03-17 18:09:37,161 DEBUG bleak.backends.corebluetooth.CentralManagerDelegate centralManager_didDiscoverPeripheral_advertisementData_RSSI_
2026-03-17 18:09:37,161 DEBUG bleak.backends.corebluetooth.CentralManagerDelegate Discovered device 91500ADB-F357-BE00-E5E0-1DC52A29C89F: ELK-BLEDOM  0 @ RSSI: -69 (kCBAdvData <nsdict_keys(['kCBAdvDataLocalName', 'kCBAdvDataRxPrimaryPHY', 'kCBAdvDataRxSecondaryPHY', 'kCBAdvDataTimestamp', 'kCBAdvDataIsConnectable'])>) and Central: <CBCentralManager: 0x10ce0fe00>
2026-03-17 18:09:37,162 DEBUG bleak.backends.corebluetooth.CentralManagerDelegate Discovered device 91500ADB-F357-BE00-E5E0-1DC52A29C89F: ELK-BLEDOM  0 @ RSSI: -69 (kCBAdvData <nsdict_keys(['kCBAdvDataLocalName', 'kCBAdvDataRxPrimaryPHY', 'kCBAdvDataRxSecondaryPHY', 'kCBAdvDataTimestamp', 'kCBAdvDataIsConnectable'])>) and Central: <CBCentralManager: 0x10ce0fe00>
2026-03-17 18:09:37,183 DEBUG bleak.backends.corebluetooth.CentralManagerDelegate centralManager_didDiscoverPeripheral_advertisementData_RSSI_
2026-03-17 18:09:37,183 DEBUG bleak.backends.corebluetooth.CentralManagerDelegate Discovered device 794FD30C-C48D-B15B-332C-1C1A31B019EF: None @ RSSI: -44 (kCBAdvData <nsdict_keys(['kCBAdvDataIsConnectable', 'kCBAdvDataManufacturerData', 'kCBAdvDataRxSecondaryPHY', 'kCBAdvDataTimestamp', 'kCBAdvDataRxPrimaryPHY'])>) and Central: <CBCentralManager: 0x10ce0fe00>
2026-03-17 18:09:37,485 DEBUG bleak.backends.corebluetooth.CentralManagerDelegate centralManager_didDiscoverPeripheral_advertisementData_RSSI_
2026-03-17 18:09:37,490 DEBUG bleak.backends.corebluetooth.CentralManagerDelegate Discovered device B44727D0-ACE2-3F36-1D3A-2B3B1C02B00C: None @ RSSI: -60 (kCBAdvData <nsdict_keys(['kCBAdvDataIsConnectable', 'kCBAdvDataManufacturerData', 'kCBAdvDataRxSecondaryPHY', 'kCBAdvDataTimestamp', 'kCBAdvDataRxPrimaryPHY'])>) and Central: <CBCentralManager: 0x10ce0fe00>
2026-03-17 18:09:37,736 DEBUG bleak.backends.corebluetooth.CentralManagerDelegate centralManager_didDiscoverPeripheral_advertisementData_RSSI_
2026-03-17 18:09:37,736 DEBUG bleak.backends.corebluetooth.CentralManagerDelegate Discovered device 14ADD827-CA00-F4ED-A519-7CBE5AA2A1D7: None @ RSSI: -48 (kCBAdvData <nsdict_keys(['kCBAdvDataIsConnectable', 'kCBAdvDataManufacturerData', 'kCBAdvDataRxSecondaryPHY', 'kCBAdvDataTimestamp', 'kCBAdvDataRxPrimaryPHY'])>) and Central: <CBCentralManager: 0x10ce0fe00>
2026-03-17 18:09:37,737 DEBUG bleak.backends.corebluetooth.CentralManagerDelegate centralManager_didDiscoverPeripheral_advertisementData_RSSI_
2026-03-17 18:09:37,738 DEBUG bleak.backends.corebluetooth.CentralManagerDelegate Discovered device 14ADD827-CA00-F4ED-A519-7CBE5AA2A1D7: None @ RSSI: -49 (kCBAdvData <nsdict_keys(['kCBAdvDataIsConnectable', 'kCBAdvDataManufacturerData', 'kCBAdvDataRxSecondaryPHY', 'kCBAdvDataTimestamp', 'kCBAdvDataRxPrimaryPHY'])>) and Central: <CBCentralManager: 0x10ce0fe00>
2026-03-17 18:09:37,745 DEBUG bleak.backends.corebluetooth.CentralManagerDelegate centralManager_didDiscoverPeripheral_advertisementData_RSSI_
2026-03-17 18:09:37,746 DEBUG bleak.backends.corebluetooth.CentralManagerDelegate Discovered device 794FD30C-C48D-B15B-332C-1C1A31B019EF: None @ RSSI: -46 (kCBAdvData <nsdict_keys(['kCBAdvDataIsConnectable', 'kCBAdvDataManufacturerData', 'kCBAdvDataRxSecondaryPHY', 'kCBAdvDataTimestamp', 'kCBAdvDataRxPrimaryPHY'])>) and Central: <CBCentralManager: 0x10ce0fe00>
2026-03-17 18:09:38,051 DEBUG bleak.backends.corebluetooth.CentralManagerDelegate centralManager_didDiscoverPeripheral_advertisementData_RSSI_
2026-03-17 18:09:38,051 DEBUG bleak.backends.corebluetooth.CentralManagerDelegate Discovered device 2B230377-81AF-63FE-4622-E5E181C9DB3A: None @ RSSI: -80 (kCBAdvData <nsdict_keys(['kCBAdvDataIsConnectable', 'kCBAdvDataManufacturerData', 'kCBAdvDataRxSecondaryPHY', 'kCBAdvDataTimestamp', 'kCBAdvDataRxPrimaryPHY'])>) and Central: <CBCentralManager: 0x10ce0fe00>
2026-03-17 18:09:38,085 DEBUG bleak.backends.corebluetooth.CentralManagerDelegate centralManager_didDiscoverPeripheral_advertisementData_RSSI_
2026-03-17 18:09:38,085 DEBUG bleak.backends.corebluetooth.CentralManagerDelegate Discovered device 9927D8C7-CD57-F01E-4EF0-0F04EA874916: None @ RSSI: -87 (kCBAdvData <nsdict_keys(['kCBAdvDataIsConnectable', 'kCBAdvDataTimestamp', 'kCBAdvDataManufacturerData', 'kCBAdvDataRxSecondaryPHY', 'kCBAdvDataTxPowerLevel', 'kCBAdvDataRxPrimaryPHY'])>) and Central: <CBCentralManager: 0x10ce0fe00>
2026-03-17 18:09:38,086 DEBUG bleak.backends.corebluetooth.CentralManagerDelegate centralManager_didDiscoverPeripheral_advertisementData_RSSI_
2026-03-17 18:09:38,086 DEBUG bleak.backends.corebluetooth.CentralManagerDelegate Discovered device 9927D8C7-CD57-F01E-4EF0-0F04EA874916: None @ RSSI: -87 (kCBAdvData <nsdict_keys(['kCBAdvDataIsConnectable', 'kCBAdvDataTimestamp', 'kCBAdvDataManufacturerData', 'kCBAdvDataRxSecondaryPHY', 'kCBAdvDataTxPowerLevel', 'kCBAdvDataRxPrimaryPHY'])>) and Central: <CBCentralManager: 0x10ce0fe00>
2026-03-17 18:09:38,352 DEBUG bleak.backends.corebluetooth.CentralManagerDelegate centralManager_didDiscoverPeripheral_advertisementData_RSSI_
2026-03-17 18:09:38,353 DEBUG bleak.backends.corebluetooth.CentralManagerDelegate Discovered device 9927D8C7-CD57-F01E-4EF0-0F04EA874916: None @ RSSI: -87 (kCBAdvData <nsdict_keys(['kCBAdvDataIsConnectable', 'kCBAdvDataTimestamp', 'kCBAdvDataManufacturerData', 'kCBAdvDataRxSecondaryPHY', 'kCBAdvDataTxPowerLevel', 'kCBAdvDataRxPrimaryPHY'])>) and Central: <CBCentralManager: 0x10ce0fe00>
2026-03-17 18:09:38,654 DEBUG bleak.backends.corebluetooth.CentralManagerDelegate centralManager_didDiscoverPeripheral_advertisementData_RSSI_
2026-03-17 18:09:38,654 DEBUG bleak.backends.corebluetooth.CentralManagerDelegate Discovered device 14ADD827-CA00-F4ED-A519-7CBE5AA2A1D7: None @ RSSI: -49 (kCBAdvData <nsdict_keys(['kCBAdvDataIsConnectable', 'kCBAdvDataManufacturerData', 'kCBAdvDataRxSecondaryPHY', 'kCBAdvDataTimestamp', 'kCBAdvDataRxPrimaryPHY'])>) and Central: <CBCentralManager: 0x10ce0fe00>
2026-03-17 18:09:38,655 DEBUG bleak.backends.corebluetooth.CentralManagerDelegate centralManager_didDiscoverPeripheral_advertisementData_RSSI_
2026-03-17 18:09:38,655 DEBUG bleak.backends.corebluetooth.CentralManagerDelegate Discovered device 14ADD827-CA00-F4ED-A519-7CBE5AA2A1D7: None @ RSSI: -50 (kCBAdvData <nsdict_keys(['kCBAdvDataIsConnectable', 'kCBAdvDataManufacturerData', 'kCBAdvDataRxSecondaryPHY', 'kCBAdvDataTimestamp', 'kCBAdvDataRxPrimaryPHY'])>) and Central: <CBCentralManager: 0x10ce0fe00>
2026-03-17 18:09:38,958 DEBUG bleak.backends.corebluetooth.CentralManagerDelegate centralManager_didDiscoverPeripheral_advertisementData_RSSI_
2026-03-17 18:09:38,958 DEBUG bleak.backends.corebluetooth.CentralManagerDelegate Discovered device B44727D0-ACE2-3F36-1D3A-2B3B1C02B00C: None @ RSSI: -59 (kCBAdvData <nsdict_keys(['kCBAdvDataIsConnectable', 'kCBAdvDataManufacturerData', 'kCBAdvDataRxSecondaryPHY', 'kCBAdvDataTimestamp', 'kCBAdvDataRxPrimaryPHY'])>) and Central: <CBCentralManager: 0x10ce0fe00>
2026-03-17 18:09:39,231 DEBUG bleak.backends.corebluetooth.CentralManagerDelegate centralManager_didDiscoverPeripheral_advertisementData_RSSI_
2026-03-17 18:09:39,231 DEBUG bleak.backends.corebluetooth.CentralManagerDelegate Discovered device 86DDA426-B077-D1DA-4A2D-66DB6A8A9755: [TV] Samsung 7 Series (49) @ RSSI: -85 (kCBAdvData <nsdict_keys(['kCBAdvDataIsConnectable', 'kCBAdvDataManufacturerData', 'kCBAdvDataRxSecondaryPHY', 'kCBAdvDataTimestamp', 'kCBAdvDataRxPrimaryPHY'])>) and Central: <CBCentralManager: 0x10ce0fe00>
2026-03-17 18:09:39,244 DEBUG bleak.backends.corebluetooth.CentralManagerDelegate centralManager_didDiscoverPeripheral_advertisementData_RSSI_
2026-03-17 18:09:39,244 DEBUG bleak.backends.corebluetooth.CentralManagerDelegate Discovered device 493ABAA2-42A0-11C9-D28F-907C67F13792: None @ RSSI: -44 (kCBAdvData <nsdict_keys(['kCBAdvDataIsConnectable', 'kCBAdvDataTimestamp', 'kCBAdvDataManufacturerData', 'kCBAdvDataRxSecondaryPHY', 'kCBAdvDataTxPowerLevel', 'kCBAdvDataRxPrimaryPHY'])>) and Central: <CBCentralManager: 0x10ce0fe00>
2026-03-17 18:09:39,244 DEBUG bleak.backends.corebluetooth.CentralManagerDelegate centralManager_didDiscoverPeripheral_advertisementData_RSSI_
2026-03-17 18:09:39,245 DEBUG bleak.backends.corebluetooth.CentralManagerDelegate Discovered device 493ABAA2-42A0-11C9-D28F-907C67F13792: None @ RSSI: -44 (kCBAdvData <nsdict_keys(['kCBAdvDataIsConnectable', 'kCBAdvDataTimestamp', 'kCBAdvDataManufacturerData', 'kCBAdvDataRxSecondaryPHY', 'kCBAdvDataTxPowerLevel', 'kCBAdvDataRxPrimaryPHY'])>) and Central: <CBCentralManager: 0x10ce0fe00>
2026-03-17 18:09:39,245 DEBUG bleak.backends.corebluetooth.CentralManagerDelegate centralManager_didDiscoverPeripheral_advertisementData_RSSI_
2026-03-17 18:09:39,245 DEBUG bleak.backends.corebluetooth.CentralManagerDelegate Discovered device 3D1D92D1-8121-4002-09A2-000FBEA6E08E: None @ RSSI: -34 (kCBAdvData <nsdict_keys(['kCBAdvDataIsConnectable', 'kCBAdvDataManufacturerData', 'kCBAdvDataRxSecondaryPHY', 'kCBAdvDataTimestamp', 'kCBAdvDataRxPrimaryPHY'])>) and Central: <CBCentralManager: 0x10ce0fe00>
2026-03-17 18:09:39,252 DEBUG bleak.backends.corebluetooth.CentralManagerDelegate centralManager_didDiscoverPeripheral_advertisementData_RSSI_
2026-03-17 18:09:39,253 DEBUG bleak.backends.corebluetooth.CentralManagerDelegate Discovered device 794FD30C-C48D-B15B-332C-1C1A31B019EF: None @ RSSI: -44 (kCBAdvData <nsdict_keys(['kCBAdvDataIsConnectable', 'kCBAdvDataManufacturerData', 'kCBAdvDataRxSecondaryPHY', 'kCBAdvDataTimestamp', 'kCBAdvDataRxPrimaryPHY'])>) and Central: <CBCentralManager: 0x10ce0fe00>
2026-03-17 18:09:39,260 DEBUG bleak.backends.corebluetooth.CentralManagerDelegate centralManager_didDiscoverPeripheral_advertisementData_RSSI_
2026-03-17 18:09:39,260 DEBUG bleak.backends.corebluetooth.CentralManagerDelegate Discovered device E8DCE41A-F46D-D1BF-F09D-4EF0DDF5B35D: None @ RSSI: -34 (kCBAdvData <nsdict_keys(['kCBAdvDataIsConnectable', 'kCBAdvDataManufacturerData', 'kCBAdvDataRxSecondaryPHY', 'kCBAdvDataTimestamp', 'kCBAdvDataRxPrimaryPHY'])>) and Central: <CBCentralManager: 0x10ce0fe00>
2026-03-17 18:09:39,274 DEBUG bleak.backends.corebluetooth.CentralManagerDelegate centralManager_didDiscoverPeripheral_advertisementData_RSSI_
2026-03-17 18:09:39,274 DEBUG bleak.backends.corebluetooth.CentralManagerDelegate Discovered device B44727D0-ACE2-3F36-1D3A-2B3B1C02B00C: None @ RSSI: -62 (kCBAdvData <nsdict_keys(['kCBAdvDataIsConnectable', 'kCBAdvDataManufacturerData', 'kCBAdvDataRxSecondaryPHY', 'kCBAdvDataTimestamp', 'kCBAdvDataRxPrimaryPHY'])>) and Central: <CBCentralManager: 0x10ce0fe00>
2026-03-17 18:09:39,274 DEBUG bleak.backends.corebluetooth.CentralManagerDelegate centralManager_didDiscoverPeripheral_advertisementData_RSSI_
2026-03-17 18:09:39,274 DEBUG bleak.backends.corebluetooth.CentralManagerDelegate Discovered device E1419538-AEB1-6449-3E06-52F432D4D9B1: None @ RSSI: -44 (kCBAdvData <nsdict_keys(['kCBAdvDataIsConnectable', 'kCBAdvDataTimestamp', 'kCBAdvDataManufacturerData', 'kCBAdvDataRxSecondaryPHY', 'kCBAdvDataTxPowerLevel', 'kCBAdvDataRxPrimaryPHY'])>) and Central: <CBCentralManager: 0x10ce0fe00>
2026-03-17 18:09:39,275 DEBUG bleak.backends.corebluetooth.CentralManagerDelegate centralManager_didDiscoverPeripheral_advertisementData_RSSI_
2026-03-17 18:09:39,275 DEBUG bleak.backends.corebluetooth.CentralManagerDelegate Discovered device E1419538-AEB1-6449-3E06-52F432D4D9B1: None @ RSSI: -44 (kCBAdvData <nsdict_keys(['kCBAdvDataIsConnectable', 'kCBAdvDataTimestamp', 'kCBAdvDataManufacturerData', 'kCBAdvDataRxSecondaryPHY', 'kCBAdvDataTxPowerLevel', 'kCBAdvDataRxPrimaryPHY'])>) and Central: <CBCentralManager: 0x10ce0fe00>
2026-03-17 18:09:39,546 DEBUG bleak.backends.corebluetooth.CentralManagerDelegate centralManager_didDiscoverPeripheral_advertisementData_RSSI_
2026-03-17 18:09:39,546 DEBUG bleak.backends.corebluetooth.CentralManagerDelegate centralManager_didDiscoverPeripheral_advertisementData_RSSI_
2026-03-17 18:09:39,547 DEBUG bleak.backends.corebluetooth.CentralManagerDelegate Discovered device E1419538-AEB1-6449-3E06-52F432D4D9B1: None @ RSSI: -46 (kCBAdvData <nsdict_keys(['kCBAdvDataIsConnectable', 'kCBAdvDataTimestamp', 'kCBAdvDataManufacturerData', 'kCBAdvDataRxSecondaryPHY', 'kCBAdvDataTxPowerLevel', 'kCBAdvDataRxPrimaryPHY'])>) and Central: <CBCentralManager: 0x10ce0fe00>
2026-03-17 18:09:39,548 DEBUG bleak.backends.corebluetooth.CentralManagerDelegate Discovered device E1419538-AEB1-6449-3E06-52F432D4D9B1: None @ RSSI: -46 (kCBAdvData <nsdict_keys(['kCBAdvDataIsConnectable', 'kCBAdvDataTimestamp', 'kCBAdvDataManufacturerData', 'kCBAdvDataRxSecondaryPHY', 'kCBAdvDataTxPowerLevel', 'kCBAdvDataRxPrimaryPHY'])>) and Central: <CBCentralManager: 0x10ce0fe00>
2026-03-17 18:09:39,581 DEBUG bleak.backends.corebluetooth.CentralManagerDelegate centralManager_didDiscoverPeripheral_advertisementData_RSSI_
2026-03-17 18:09:39,581 DEBUG bleak.backends.corebluetooth.CentralManagerDelegate Discovered device 14ADD827-CA00-F4ED-A519-7CBE5AA2A1D7: None @ RSSI: -45 (kCBAdvData <nsdict_keys(['kCBAdvDataIsConnectable', 'kCBAdvDataManufacturerData', 'kCBAdvDataRxSecondaryPHY', 'kCBAdvDataTimestamp', 'kCBAdvDataRxPrimaryPHY'])>) and Central: <CBCentralManager: 0x10ce0fe00>
2026-03-17 18:09:39,582 DEBUG bleak.backends.corebluetooth.CentralManagerDelegate centralManager_didDiscoverPeripheral_advertisementData_RSSI_
2026-03-17 18:09:39,582 DEBUG bleak.backends.corebluetooth.CentralManagerDelegate Discovered device 14ADD827-CA00-F4ED-A519-7CBE5AA2A1D7: None @ RSSI: -45 (kCBAdvData <nsdict_keys(['kCBAdvDataIsConnectable', 'kCBAdvDataManufacturerData', 'kCBAdvDataRxSecondaryPHY', 'kCBAdvDataTimestamp', 'kCBAdvDataRxPrimaryPHY'])>) and Central: <CBCentralManager: 0x10ce0fe00>
2026-03-17 18:09:39,837 DEBUG bleak.backends.corebluetooth.CentralManagerDelegate centralManager_didDiscoverPeripheral_advertisementData_RSSI_
2026-03-17 18:09:39,837 DEBUG bleak.backends.corebluetooth.CentralManagerDelegate Discovered device 86DDA426-B077-D1DA-4A2D-66DB6A8A9755: [TV] Samsung 7 Series (49) @ RSSI: -86 (kCBAdvData <nsdict_keys(['kCBAdvDataIsConnectable', 'kCBAdvDataManufacturerData', 'kCBAdvDataRxSecondaryPHY', 'kCBAdvDataTimestamp', 'kCBAdvDataRxPrimaryPHY'])>) and Central: <CBCentralManager: 0x10ce0fe00>
2026-03-17 18:09:39,846 DEBUG bleak.backends.corebluetooth.CentralManagerDelegate centralManager_didDiscoverPeripheral_advertisementData_RSSI_
2026-03-17 18:09:39,846 DEBUG bleak.backends.corebluetooth.CentralManagerDelegate Discovered device 12268CD3-B6ED-69C4-0DBD-2F05796F3E05: [TV] TV @ RSSI: -58 (kCBAdvData <nsdict_keys(['kCBAdvDataIsConnectable', 'kCBAdvDataManufacturerData', 'kCBAdvDataRxSecondaryPHY', 'kCBAdvDataTimestamp', 'kCBAdvDataRxPrimaryPHY'])>) and Central: <CBCentralManager: 0x10ce0fe00>
2026-03-17 18:09:39,874 DEBUG bleak.backends.corebluetooth.CentralManagerDelegate centralManager_didDiscoverPeripheral_advertisementData_RSSI_
2026-03-17 18:09:39,875 DEBUG bleak.backends.corebluetooth.CentralManagerDelegate Discovered device 78180ED1-70B7-E345-0F16-9F49620B11A2: None @ RSSI: -79 (kCBAdvData <nsdict_keys(['kCBAdvDataIsConnectable', 'kCBAdvDataTimestamp', 'kCBAdvDataManufacturerData', 'kCBAdvDataRxSecondaryPHY', 'kCBAdvDataTxPowerLevel', 'kCBAdvDataRxPrimaryPHY'])>) and Central: <CBCentralManager: 0x10ce0fe00>
2026-03-17 18:09:39,875 DEBUG bleak.backends.corebluetooth.CentralManagerDelegate centralManager_didDiscoverPeripheral_advertisementData_RSSI_
2026-03-17 18:09:39,876 DEBUG bleak.backends.corebluetooth.CentralManagerDelegate Discovered device 78180ED1-70B7-E345-0F16-9F49620B11A2: None @ RSSI: -79 (kCBAdvData <nsdict_keys(['kCBAdvDataIsConnectable', 'kCBAdvDataTimestamp', 'kCBAdvDataManufacturerData', 'kCBAdvDataRxSecondaryPHY', 'kCBAdvDataTxPowerLevel', 'kCBAdvDataRxPrimaryPHY'])>) and Central: <CBCentralManager: 0x10ce0fe00>
2026-03-17 18:09:40,137 DEBUG bleak.backends.corebluetooth.CentralManagerDelegate centralManager_didDiscoverPeripheral_advertisementData_RSSI_
2026-03-17 18:09:40,138 DEBUG bleak.backends.corebluetooth.CentralManagerDelegate Discovered device 8B5B5B03-7F32-29C2-BAF6-C3EEEA3A973C: None @ RSSI: -92 (kCBAdvData <nsdict_keys(['kCBAdvDataIsConnectable', 'kCBAdvDataManufacturerData', 'kCBAdvDataRxSecondaryPHY', 'kCBAdvDataTimestamp', 'kCBAdvDataRxPrimaryPHY'])>) and Central: <CBCentralManager: 0x10ce0fe00>
2026-03-17 18:09:40,140 DEBUG bleak.backends.corebluetooth.CentralManagerDelegate centralManager_didDiscoverPeripheral_advertisementData_RSSI_
2026-03-17 18:09:40,140 DEBUG bleak.backends.corebluetooth.CentralManagerDelegate Discovered device 86DDA426-B077-D1DA-4A2D-66DB6A8A9755: [TV] Samsung 7 Series (49) @ RSSI: -83 (kCBAdvData <nsdict_keys(['kCBAdvDataIsConnectable', 'kCBAdvDataManufacturerData', 'kCBAdvDataRxSecondaryPHY', 'kCBAdvDataTimestamp', 'kCBAdvDataRxPrimaryPHY'])>) and Central: <CBCentralManager: 0x10ce0fe00>
2026-03-17 18:09:40,164 DEBUG bleak.backends.corebluetooth.CentralManagerDelegate centralManager_didDiscoverPeripheral_advertisementData_RSSI_
2026-03-17 18:09:40,164 DEBUG bleak.backends.corebluetooth.CentralManagerDelegate Discovered device 97A9D8BE-4298-0A28-80C1-6F7213FE0D96: Noah’s iPhone @ RSSI: -37 (kCBAdvData <nsdict_keys(['kCBAdvDataIsConnectable', 'kCBAdvDataTimestamp', 'kCBAdvDataManufacturerData', 'kCBAdvDataRxSecondaryPHY', 'kCBAdvDataTxPowerLevel', 'kCBAdvDataRxPrimaryPHY'])>) and Central: <CBCentralManager: 0x10ce0fe00>
2026-03-17 18:09:40,165 DEBUG bleak.backends.corebluetooth.CentralManagerDelegate centralManager_didDiscoverPeripheral_advertisementData_RSSI_
2026-03-17 18:09:40,166 DEBUG bleak.backends.corebluetooth.CentralManagerDelegate Discovered device 97A9D8BE-4298-0A28-80C1-6F7213FE0D96: Noah’s iPhone @ RSSI: -37 (kCBAdvData <nsdict_keys(['kCBAdvDataIsConnectable', 'kCBAdvDataTimestamp', 'kCBAdvDataManufacturerData', 'kCBAdvDataRxSecondaryPHY', 'kCBAdvDataTxPowerLevel', 'kCBAdvDataRxPrimaryPHY'])>) and Central: <CBCentralManager: 0x10ce0fe00>
2026-03-17 18:09:40,436 DEBUG bleak.backends.corebluetooth.CentralManagerDelegate centralManager_didDiscoverPeripheral_advertisementData_RSSI_
2026-03-17 18:09:40,441 DEBUG bleak.backends.corebluetooth.CentralManagerDelegate centralManager_didDiscoverPeripheral_advertisementData_RSSI_
2026-03-17 18:09:40,442 DEBUG bleak.backends.corebluetooth.CentralManagerDelegate Discovered device 78180ED1-70B7-E345-0F16-9F49620B11A2: None @ RSSI: -78 (kCBAdvData <nsdict_keys(['kCBAdvDataIsConnectable', 'kCBAdvDataTimestamp', 'kCBAdvDataManufacturerData', 'kCBAdvDataRxSecondaryPHY', 'kCBAdvDataTxPowerLevel', 'kCBAdvDataRxPrimaryPHY'])>) and Central: <CBCentralManager: 0x10ce0fe00>
2026-03-17 18:09:40,443 DEBUG bleak.backends.corebluetooth.CentralManagerDelegate Discovered device 78180ED1-70B7-E345-0F16-9F49620B11A2: None @ RSSI: -77 (kCBAdvData <nsdict_keys(['kCBAdvDataIsConnectable', 'kCBAdvDataTimestamp', 'kCBAdvDataManufacturerData', 'kCBAdvDataRxSecondaryPHY', 'kCBAdvDataTxPowerLevel', 'kCBAdvDataRxPrimaryPHY'])>) and Central: <CBCentralManager: 0x10ce0fe00>
2026-03-17 18:09:40,444 DEBUG bleak.backends.corebluetooth.CentralManagerDelegate centralManager_didDiscoverPeripheral_advertisementData_RSSI_
2026-03-17 18:09:40,444 DEBUG bleak.backends.corebluetooth.CentralManagerDelegate Discovered device 86DDA426-B077-D1DA-4A2D-66DB6A8A9755: [TV] Samsung 7 Series (49) @ RSSI: -92 (kCBAdvData <nsdict_keys(['kCBAdvDataIsConnectable', 'kCBAdvDataManufacturerData', 'kCBAdvDataRxSecondaryPHY', 'kCBAdvDataTimestamp', 'kCBAdvDataRxPrimaryPHY'])>) and Central: <CBCentralManager: 0x10ce0fe00>
2026-03-17 18:09:40,764 DEBUG bleak.backends.corebluetooth.CentralManagerDelegate centralManager_didDiscoverPeripheral_advertisementData_RSSI_
2026-03-17 18:09:40,765 DEBUG bleak.backends.corebluetooth.CentralManagerDelegate Discovered device 12268CD3-B6ED-69C4-0DBD-2F05796F3E05: [TV] TV @ RSSI: -57 (kCBAdvData <nsdict_keys(['kCBAdvDataIsConnectable', 'kCBAdvDataManufacturerData', 'kCBAdvDataRxSecondaryPHY', 'kCBAdvDataTimestamp', 'kCBAdvDataRxPrimaryPHY'])>) and Central: <CBCentralManager: 0x10ce0fe00>
2026-03-17 18:09:41,046 DEBUG bleak.backends.corebluetooth.CentralManagerDelegate centralManager_didDiscoverPeripheral_advertisementData_RSSI_
2026-03-17 18:09:41,047 DEBUG bleak.backends.corebluetooth.CentralManagerDelegate Discovered device 4BBD7E5E-BC3C-9E48-2670-2097317F356A: None @ RSSI: -84 (kCBAdvData <nsdict_keys(['kCBAdvDataIsConnectable', 'kCBAdvDataTimestamp', 'kCBAdvDataManufacturerData', 'kCBAdvDataRxSecondaryPHY', 'kCBAdvDataTxPowerLevel', 'kCBAdvDataRxPrimaryPHY'])>) and Central: <CBCentralManager: 0x10ce0fe00>
2026-03-17 18:09:41,047 DEBUG bleak.backends.corebluetooth.CentralManagerDelegate centralManager_didDiscoverPeripheral_advertisementData_RSSI_
2026-03-17 18:09:41,048 DEBUG bleak.backends.corebluetooth.CentralManagerDelegate Discovered device 4BBD7E5E-BC3C-9E48-2670-2097317F356A: None @ RSSI: -84 (kCBAdvData <nsdict_keys(['kCBAdvDataIsConnectable', 'kCBAdvDataTimestamp', 'kCBAdvDataManufacturerData', 'kCBAdvDataRxSecondaryPHY', 'kCBAdvDataTxPowerLevel', 'kCBAdvDataRxPrimaryPHY'])>) and Central: <CBCentralManager: 0x10ce0fe00>
2026-03-17 18:09:41,052 DEBUG bleak.backends.corebluetooth.CentralManagerDelegate centralManager_didDiscoverPeripheral_advertisementData_RSSI_
2026-03-17 18:09:41,053 DEBUG bleak.backends.corebluetooth.CentralManagerDelegate Discovered device B44727D0-ACE2-3F36-1D3A-2B3B1C02B00C: None @ RSSI: -60 (kCBAdvData <nsdict_keys(['kCBAdvDataIsConnectable', 'kCBAdvDataManufacturerData', 'kCBAdvDataRxSecondaryPHY', 'kCBAdvDataTimestamp', 'kCBAdvDataRxPrimaryPHY'])>) and Central: <CBCentralManager: 0x10ce0fe00>
2026-03-17 18:09:41,053 DEBUG bleak.backends.corebluetooth.CentralManagerDelegate centralManager_didDiscoverPeripheral_advertisementData_RSSI_
2026-03-17 18:09:41,054 DEBUG bleak.backends.corebluetooth.CentralManagerDelegate Discovered device 86DDA426-B077-D1DA-4A2D-66DB6A8A9755: [TV] Samsung 7 Series (49) @ RSSI: -83 (kCBAdvData <nsdict_keys(['kCBAdvDataIsConnectable', 'kCBAdvDataManufacturerData', 'kCBAdvDataRxSecondaryPHY', 'kCBAdvDataTimestamp', 'kCBAdvDataRxPrimaryPHY'])>) and Central: <CBCentralManager: 0x10ce0fe00>
2026-03-17 18:09:41,667 DEBUG bleak.backends.corebluetooth.CentralManagerDelegate centralManager_didDiscoverPeripheral_advertisementData_RSSI_
2026-03-17 18:09:41,668 DEBUG bleak.backends.corebluetooth.CentralManagerDelegate Discovered device 86DDA426-B077-D1DA-4A2D-66DB6A8A9755: [TV] Samsung 7 Series (49) @ RSSI: -85 (kCBAdvData <nsdict_keys(['kCBAdvDataIsConnectable', 'kCBAdvDataManufacturerData', 'kCBAdvDataRxSecondaryPHY', 'kCBAdvDataTimestamp', 'kCBAdvDataRxPrimaryPHY'])>) and Central: <CBCentralManager: 0x10ce0fe00>
2026-03-17 18:09:41,669 DEBUG bleak.backends.corebluetooth.CentralManagerDelegate centralManager_didDiscoverPeripheral_advertisementData_RSSI_
2026-03-17 18:09:41,669 DEBUG bleak.backends.corebluetooth.CentralManagerDelegate centralManager_didDiscoverPeripheral_advertisementData_RSSI_
2026-03-17 18:09:41,670 DEBUG bleak.backends.corebluetooth.CentralManagerDelegate Discovered device 0A017875-33D8-559A-04D8-795EBA34E288: None @ RSSI: -93 (kCBAdvData <nsdict_keys(['kCBAdvDataIsConnectable', 'kCBAdvDataTimestamp', 'kCBAdvDataManufacturerData', 'kCBAdvDataRxSecondaryPHY', 'kCBAdvDataTxPowerLevel', 'kCBAdvDataRxPrimaryPHY'])>) and Central: <CBCentralManager: 0x10ce0fe00>
2026-03-17 18:09:41,671 DEBUG bleak.backends.corebluetooth.CentralManagerDelegate Discovered device 0A017875-33D8-559A-04D8-795EBA34E288: None @ RSSI: -93 (kCBAdvData <nsdict_keys(['kCBAdvDataIsConnectable', 'kCBAdvDataTimestamp', 'kCBAdvDataManufacturerData', 'kCBAdvDataRxSecondaryPHY', 'kCBAdvDataTxPowerLevel', 'kCBAdvDataRxPrimaryPHY'])>) and Central: <CBCentralManager: 0x10ce0fe00>
2026-03-17 18:09:42,267 DEBUG bleak.backends.corebluetooth.CentralManagerDelegate centralManager_didDiscoverPeripheral_advertisementData_RSSI_
2026-03-17 18:09:42,268 DEBUG bleak.backends.corebluetooth.CentralManagerDelegate Discovered device 493ABAA2-42A0-11C9-D28F-907C67F13792: None @ RSSI: -46 (kCBAdvData <nsdict_keys(['kCBAdvDataIsConnectable', 'kCBAdvDataTimestamp', 'kCBAdvDataManufacturerData', 'kCBAdvDataRxSecondaryPHY', 'kCBAdvDataTxPowerLevel', 'kCBAdvDataRxPrimaryPHY'])>) and Central: <CBCentralManager: 0x10ce0fe00>
2026-03-17 18:09:42,268 DEBUG bleak.backends.corebluetooth.CentralManagerDelegate centralManager_didDiscoverPeripheral_advertisementData_RSSI_
2026-03-17 18:09:42,269 DEBUG bleak.backends.corebluetooth.CentralManagerDelegate Discovered device 493ABAA2-42A0-11C9-D28F-907C67F13792: None @ RSSI: -47 (kCBAdvData <nsdict_keys(['kCBAdvDataIsConnectable', 'kCBAdvDataTimestamp', 'kCBAdvDataManufacturerData', 'kCBAdvDataRxSecondaryPHY', 'kCBAdvDataTxPowerLevel', 'kCBAdvDataRxPrimaryPHY'])>) and Central: <CBCentralManager: 0x10ce0fe00>
2026-03-17 18:09:42,543 DEBUG bleak.backends.corebluetooth.CentralManagerDelegate centralManager_didDiscoverPeripheral_advertisementData_RSSI_
2026-03-17 18:09:42,544 DEBUG bleak.backends.corebluetooth.CentralManagerDelegate centralManager_didDiscoverPeripheral_advertisementData_RSSI_
2026-03-17 18:09:42,545 DEBUG bleak.backends.corebluetooth.CentralManagerDelegate Discovered device 493ABAA2-42A0-11C9-D28F-907C67F13792: None @ RSSI: -44 (kCBAdvData <nsdict_keys(['kCBAdvDataIsConnectable', 'kCBAdvDataTimestamp', 'kCBAdvDataManufacturerData', 'kCBAdvDataRxSecondaryPHY', 'kCBAdvDataTxPowerLevel', 'kCBAdvDataRxPrimaryPHY'])>) and Central: <CBCentralManager: 0x10ce0fe00>
2026-03-17 18:09:42,545 DEBUG bleak.backends.corebluetooth.CentralManagerDelegate Discovered device 493ABAA2-42A0-11C9-D28F-907C67F13792: None @ RSSI: -44 (kCBAdvData <nsdict_keys(['kCBAdvDataIsConnectable', 'kCBAdvDataTimestamp', 'kCBAdvDataManufacturerData', 'kCBAdvDataRxSecondaryPHY', 'kCBAdvDataTxPowerLevel', 'kCBAdvDataRxPrimaryPHY'])>) and Central: <CBCentralManager: 0x10ce0fe00>
2026-03-17 18:09:42,555 DEBUG bleak.backends.corebluetooth.CentralManagerDelegate centralManager_didDiscoverPeripheral_advertisementData_RSSI_
2026-03-17 18:09:42,556 DEBUG bleak.backends.corebluetooth.CentralManagerDelegate centralManager_didDiscoverPeripheral_advertisementData_RSSI_
2026-03-17 18:09:42,556 DEBUG bleak.backends.corebluetooth.CentralManagerDelegate Discovered device 14ADD827-CA00-F4ED-A519-7CBE5AA2A1D7: None @ RSSI: -47 (kCBAdvData <nsdict_keys(['kCBAdvDataIsConnectable', 'kCBAdvDataManufacturerData', 'kCBAdvDataRxSecondaryPHY', 'kCBAdvDataTimestamp', 'kCBAdvDataRxPrimaryPHY'])>) and Central: <CBCentralManager: 0x10ce0fe00>
2026-03-17 18:09:42,557 DEBUG bleak.backends.corebluetooth.CentralManagerDelegate Discovered device 14ADD827-CA00-F4ED-A519-7CBE5AA2A1D7: None @ RSSI: -48 (kCBAdvData <nsdict_keys(['kCBAdvDataIsConnectable', 'kCBAdvDataManufacturerData', 'kCBAdvDataRxSecondaryPHY', 'kCBAdvDataTimestamp', 'kCBAdvDataRxPrimaryPHY'])>) and Central: <CBCentralManager: 0x10ce0fe00>
2026-03-17 18:09:42,587 DEBUG bleak.backends.corebluetooth.CentralManagerDelegate centralManager_didDiscoverPeripheral_advertisementData_RSSI_
2026-03-17 18:09:42,588 DEBUG bleak.backends.corebluetooth.CentralManagerDelegate centralManager_didDiscoverPeripheral_advertisementData_RSSI_
2026-03-17 18:09:42,589 DEBUG bleak.backends.corebluetooth.CentralManagerDelegate Discovered device 91500ADB-F357-BE00-E5E0-1DC52A29C89F: ELK-BLEDOM  0 @ RSSI: -71 (kCBAdvData <nsdict_keys(['kCBAdvDataLocalName', 'kCBAdvDataRxPrimaryPHY', 'kCBAdvDataRxSecondaryPHY', 'kCBAdvDataTimestamp', 'kCBAdvDataIsConnectable'])>) and Central: <CBCentralManager: 0x10ce0fe00>
2026-03-17 18:09:42,589 DEBUG bleak.backends.corebluetooth.CentralManagerDelegate Discovered device 91500ADB-F357-BE00-E5E0-1DC52A29C89F: ELK-BLEDOM  0 @ RSSI: -71 (kCBAdvData <nsdict_keys(['kCBAdvDataLocalName', 'kCBAdvDataRxPrimaryPHY', 'kCBAdvDataRxSecondaryPHY', 'kCBAdvDataTimestamp', 'kCBAdvDataIsConnectable'])>) and Central: <CBCentralManager: 0x10ce0fe00>
2026-03-17 18:09:42,832 DEBUG bleak.backends.corebluetooth.CentralManagerDelegate centralManager_didDiscoverPeripheral_advertisementData_RSSI_
2026-03-17 18:09:42,833 DEBUG bleak.backends.corebluetooth.CentralManagerDelegate Discovered device B44727D0-ACE2-3F36-1D3A-2B3B1C02B00C: None @ RSSI: -60 (kCBAdvData <nsdict_keys(['kCBAdvDataIsConnectable', 'kCBAdvDataManufacturerData', 'kCBAdvDataRxSecondaryPHY', 'kCBAdvDataTimestamp', 'kCBAdvDataRxPrimaryPHY'])>) and Central: <CBCentralManager: 0x10ce0fe00>
2026-03-17 18:09:42,848 DEBUG bleak.backends.corebluetooth.CentralManagerDelegate centralManager_didDiscoverPeripheral_advertisementData_RSSI_
2026-03-17 18:09:42,849 DEBUG bleak.backends.corebluetooth.CentralManagerDelegate centralManager_didDiscoverPeripheral_advertisementData_RSSI_
2026-03-17 18:09:42,849 DEBUG bleak.backends.corebluetooth.CentralManagerDelegate Discovered device E1419538-AEB1-6449-3E06-52F432D4D9B1: None @ RSSI: -44 (kCBAdvData <nsdict_keys(['kCBAdvDataIsConnectable', 'kCBAdvDataTimestamp', 'kCBAdvDataManufacturerData', 'kCBAdvDataRxSecondaryPHY', 'kCBAdvDataTxPowerLevel', 'kCBAdvDataRxPrimaryPHY'])>) and Central: <CBCentralManager: 0x10ce0fe00>
2026-03-17 18:09:42,850 DEBUG bleak.backends.corebluetooth.CentralManagerDelegate Discovered device E1419538-AEB1-6449-3E06-52F432D4D9B1: None @ RSSI: -44 (kCBAdvData <nsdict_keys(['kCBAdvDataIsConnectable', 'kCBAdvDataTimestamp', 'kCBAdvDataManufacturerData', 'kCBAdvDataRxSecondaryPHY', 'kCBAdvDataTxPowerLevel', 'kCBAdvDataRxPrimaryPHY'])>) and Central: <CBCentralManager: 0x10ce0fe00>
2026-03-17 18:09:43,148 DEBUG bleak.backends.corebluetooth.CentralManagerDelegate centralManager_didDiscoverPeripheral_advertisementData_RSSI_
2026-03-17 18:09:43,149 DEBUG bleak.backends.corebluetooth.CentralManagerDelegate Discovered device 794FD30C-C48D-B15B-332C-1C1A31B019EF: None @ RSSI: -46 (kCBAdvData <nsdict_keys(['kCBAdvDataIsConnectable', 'kCBAdvDataManufacturerData', 'kCBAdvDataRxSecondaryPHY', 'kCBAdvDataTimestamp', 'kCBAdvDataRxPrimaryPHY'])>) and Central: <CBCentralManager: 0x10ce0fe00>
2026-03-17 18:09:43,181 DEBUG bleak.backends.corebluetooth.CentralManagerDelegate centralManager_didDiscoverPeripheral_advertisementData_RSSI_
2026-03-17 18:09:43,182 DEBUG bleak.backends.corebluetooth.CentralManagerDelegate Discovered device 78180ED1-70B7-E345-0F16-9F49620B11A2: None @ RSSI: -78 (kCBAdvData <nsdict_keys(['kCBAdvDataIsConnectable', 'kCBAdvDataTimestamp', 'kCBAdvDataManufacturerData', 'kCBAdvDataRxSecondaryPHY', 'kCBAdvDataTxPowerLevel', 'kCBAdvDataRxPrimaryPHY'])>) and Central: <CBCentralManager: 0x10ce0fe00>
2026-03-17 18:09:43,451 DEBUG bleak.backends.corebluetooth.CentralManagerDelegate centralManager_didDiscoverPeripheral_advertisementData_RSSI_
2026-03-17 18:09:43,453 DEBUG bleak.backends.corebluetooth.CentralManagerDelegate Discovered device B44727D0-ACE2-3F36-1D3A-2B3B1C02B00C: None @ RSSI: -60 (kCBAdvData <nsdict_keys(['kCBAdvDataIsConnectable', 'kCBAdvDataManufacturerData', 'kCBAdvDataRxSecondaryPHY', 'kCBAdvDataTimestamp', 'kCBAdvDataRxPrimaryPHY'])>) and Central: <CBCentralManager: 0x10ce0fe00>
2026-03-17 18:09:43,454 DEBUG bleak.backends.corebluetooth.CentralManagerDelegate centralManager_didDiscoverPeripheral_advertisementData_RSSI_
2026-03-17 18:09:43,455 DEBUG bleak.backends.corebluetooth.CentralManagerDelegate Discovered device 78180ED1-70B7-E345-0F16-9F49620B11A2: None @ RSSI: -79 (kCBAdvData <nsdict_keys(['kCBAdvDataIsConnectable', 'kCBAdvDataTimestamp', 'kCBAdvDataManufacturerData', 'kCBAdvDataRxSecondaryPHY', 'kCBAdvDataTxPowerLevel', 'kCBAdvDataRxPrimaryPHY'])>) and Central: <CBCentralManager: 0x10ce0fe00>
2026-03-17 18:09:43,456 DEBUG bleak.backends.corebluetooth.CentralManagerDelegate centralManager_didDiscoverPeripheral_advertisementData_RSSI_
2026-03-17 18:09:43,457 DEBUG bleak.backends.corebluetooth.CentralManagerDelegate Discovered device 78180ED1-70B7-E345-0F16-9F49620B11A2: None @ RSSI: -79 (kCBAdvData <nsdict_keys(['kCBAdvDataIsConnectable', 'kCBAdvDataTimestamp', 'kCBAdvDataManufacturerData', 'kCBAdvDataRxSecondaryPHY', 'kCBAdvDataTxPowerLevel', 'kCBAdvDataRxPrimaryPHY'])>) and Central: <CBCentralManager: 0x10ce0fe00>
2026-03-17 18:09:43,489 DEBUG bleak.backends.corebluetooth.CentralManagerDelegate centralManager_didDiscoverPeripheral_advertisementData_RSSI_
2026-03-17 18:09:43,490 DEBUG bleak.backends.corebluetooth.CentralManagerDelegate Discovered device 86DDA426-B077-D1DA-4A2D-66DB6A8A9755: [TV] Samsung 7 Series (49) @ RSSI: -86 (kCBAdvData <nsdict_keys(['kCBAdvDataIsConnectable', 'kCBAdvDataManufacturerData', 'kCBAdvDataRxSecondaryPHY', 'kCBAdvDataTimestamp', 'kCBAdvDataRxPrimaryPHY'])>) and Central: <CBCentralManager: 0x10ce0fe00>
2026-03-17 18:09:43,734 DEBUG bleak.backends.corebluetooth.CentralManagerDelegate centralManager_didDiscoverPeripheral_advertisementData_RSSI_
2026-03-17 18:09:43,735 DEBUG bleak.backends.corebluetooth.CentralManagerDelegate Discovered device 12268CD3-B6ED-69C4-0DBD-2F05796F3E05: [TV] TV @ RSSI: -54 (kCBAdvData <nsdict_keys(['kCBAdvDataIsConnectable', 'kCBAdvDataManufacturerData', 'kCBAdvDataRxSecondaryPHY', 'kCBAdvDataTimestamp', 'kCBAdvDataRxPrimaryPHY'])>) and Central: <CBCentralManager: 0x10ce0fe00>
2026-03-17 18:09:43,741 DEBUG bleak.backends.corebluetooth.CentralManagerDelegate centralManager_didDiscoverPeripheral_advertisementData_RSSI_
2026-03-17 18:09:43,742 DEBUG bleak.backends.corebluetooth.CentralManagerDelegate centralManager_didDiscoverPeripheral_advertisementData_RSSI_
2026-03-17 18:09:43,743 DEBUG bleak.backends.corebluetooth.CentralManagerDelegate Discovered device 97A9D8BE-4298-0A28-80C1-6F7213FE0D96: Noah’s iPhone @ RSSI: -37 (kCBAdvData <nsdict_keys(['kCBAdvDataIsConnectable', 'kCBAdvDataTimestamp', 'kCBAdvDataManufacturerData', 'kCBAdvDataRxSecondaryPHY', 'kCBAdvDataTxPowerLevel', 'kCBAdvDataRxPrimaryPHY'])>) and Central: <CBCentralManager: 0x10ce0fe00>
2026-03-17 18:09:43,744 DEBUG bleak.backends.corebluetooth.CentralManagerDelegate Discovered device 97A9D8BE-4298-0A28-80C1-6F7213FE0D96: Noah’s iPhone @ RSSI: -37 (kCBAdvData <nsdict_keys(['kCBAdvDataIsConnectable', 'kCBAdvDataTimestamp', 'kCBAdvDataManufacturerData', 'kCBAdvDataRxSecondaryPHY', 'kCBAdvDataTxPowerLevel', 'kCBAdvDataRxPrimaryPHY'])>) and Central: <CBCentralManager: 0x10ce0fe00>
2026-03-17 18:09:43,769 DEBUG bleak.backends.corebluetooth.CentralManagerDelegate centralManager_didDiscoverPeripheral_advertisementData_RSSI_
2026-03-17 18:09:43,770 DEBUG bleak.backends.corebluetooth.CentralManagerDelegate Discovered device B44727D0-ACE2-3F36-1D3A-2B3B1C02B00C: None @ RSSI: -60 (kCBAdvData <nsdict_keys(['kCBAdvDataIsConnectable', 'kCBAdvDataManufacturerData', 'kCBAdvDataRxSecondaryPHY', 'kCBAdvDataTimestamp', 'kCBAdvDataRxPrimaryPHY'])>) and Central: <CBCentralManager: 0x10ce0fe00>
2026-03-17 18:09:44,078 DEBUG bleak.backends.corebluetooth.CentralManagerDelegate centralManager_didDiscoverPeripheral_advertisementData_RSSI_
2026-03-17 18:09:44,079 DEBUG bleak.backends.corebluetooth.CentralManagerDelegate centralManager_didDiscoverPeripheral_advertisementData_RSSI_
2026-03-17 18:09:44,079 DEBUG bleak.backends.corebluetooth.CentralManagerDelegate Discovered device 4BBD7E5E-BC3C-9E48-2670-2097317F356A: None @ RSSI: -78 (kCBAdvData <nsdict_keys(['kCBAdvDataIsConnectable', 'kCBAdvDataTimestamp', 'kCBAdvDataManufacturerData', 'kCBAdvDataRxSecondaryPHY', 'kCBAdvDataTxPowerLevel', 'kCBAdvDataRxPrimaryPHY'])>) and Central: <CBCentralManager: 0x10ce0fe00>
2026-03-17 18:09:44,082 DEBUG bleak.backends.corebluetooth.CentralManagerDelegate Discovered device 4BBD7E5E-BC3C-9E48-2670-2097317F356A: None @ RSSI: -77 (kCBAdvData <nsdict_keys(['kCBAdvDataIsConnectable', 'kCBAdvDataTimestamp', 'kCBAdvDataManufacturerData', 'kCBAdvDataRxSecondaryPHY', 'kCBAdvDataTxPowerLevel', 'kCBAdvDataRxPrimaryPHY'])>) and Central: <CBCentralManager: 0x10ce0fe00>
2026-03-17 18:09:44,083 DEBUG bleak.backends.corebluetooth.CentralManagerDelegate centralManager_didDiscoverPeripheral_advertisementData_RSSI_
2026-03-17 18:09:44,084 DEBUG bleak.backends.corebluetooth.CentralManagerDelegate Discovered device B44727D0-ACE2-3F36-1D3A-2B3B1C02B00C: None @ RSSI: -67 (kCBAdvData <nsdict_keys(['kCBAdvDataIsConnectable', 'kCBAdvDataManufacturerData', 'kCBAdvDataRxSecondaryPHY', 'kCBAdvDataTimestamp', 'kCBAdvDataRxPrimaryPHY'])>) and Central: <CBCentralManager: 0x10ce0fe00>
2026-03-17 18:09:44,278 DEBUG bleak.backends.corebluetooth.CentralManagerDelegate 'isScanning' changed
2026-03-17 18:09:44,279 WARNING sleep_receiver scan: no matching device found
2026-03-17 18:09:54,404 INFO sleep_receiver scan: looking for name prefix 'Bangle'
2026-03-17 18:09:54,493 DEBUG bleak.backends.corebluetooth.CentralManagerDelegate centralManagerDidUpdateState_
2026-03-17 18:09:54,493 DEBUG bleak.backends.corebluetooth.CentralManagerDelegate Bluetooth powered on
2026-03-17 18:09:54,493 DEBUG bleak.backends.corebluetooth.CentralManagerDelegate 'isScanning' changed
2026-03-17 18:09:54,530 DEBUG bleak.backends.corebluetooth.CentralManagerDelegate centralManager_didDiscoverPeripheral_advertisementData_RSSI_
2026-03-17 18:09:54,530 DEBUG bleak.backends.corebluetooth.CentralManagerDelegate Discovered device 77F1F409-AA83-DACC-35D6-9BFBDB2AD0EE: None @ RSSI: -87 (kCBAdvData <nsdict_keys(['kCBAdvDataIsConnectable', 'kCBAdvDataManufacturerData', 'kCBAdvDataRxSecondaryPHY', 'kCBAdvDataTimestamp', 'kCBAdvDataRxPrimaryPHY'])>) and Central: <CBCentralManager: 0x12ce39470>
2026-03-17 18:09:54,815 DEBUG bleak.backends.corebluetooth.CentralManagerDelegate centralManager_didDiscoverPeripheral_advertisementData_RSSI_
2026-03-17 18:09:54,815 DEBUG bleak.backends.corebluetooth.CentralManagerDelegate centralManager_didDiscoverPeripheral_advertisementData_RSSI_
2026-03-17 18:09:54,816 DEBUG bleak.backends.corebluetooth.CentralManagerDelegate Discovered device 4BBD7E5E-BC3C-9E48-2670-2097317F356A: None @ RSSI: -78 (kCBAdvData <nsdict_keys(['kCBAdvDataIsConnectable', 'kCBAdvDataTimestamp', 'kCBAdvDataManufacturerData', 'kCBAdvDataRxSecondaryPHY', 'kCBAdvDataTxPowerLevel', 'kCBAdvDataRxPrimaryPHY'])>) and Central: <CBCentralManager: 0x12ce39470>
2026-03-17 18:09:54,816 DEBUG bleak.backends.corebluetooth.CentralManagerDelegate Discovered device 4BBD7E5E-BC3C-9E48-2670-2097317F356A: None @ RSSI: -78 (kCBAdvData <nsdict_keys(['kCBAdvDataIsConnectable', 'kCBAdvDataTimestamp', 'kCBAdvDataManufacturerData', 'kCBAdvDataRxSecondaryPHY', 'kCBAdvDataTxPowerLevel', 'kCBAdvDataRxPrimaryPHY'])>) and Central: <CBCentralManager: 0x12ce39470>
2026-03-17 18:09:54,831 DEBUG bleak.backends.corebluetooth.CentralManagerDelegate centralManager_didDiscoverPeripheral_advertisementData_RSSI_
2026-03-17 18:09:54,832 DEBUG bleak.backends.corebluetooth.CentralManagerDelegate Discovered device 77F1F409-AA83-DACC-35D6-9BFBDB2AD0EE: None @ RSSI: -87 (kCBAdvData <nsdict_keys(['kCBAdvDataIsConnectable', 'kCBAdvDataManufacturerData', 'kCBAdvDataRxSecondaryPHY', 'kCBAdvDataTimestamp', 'kCBAdvDataRxPrimaryPHY'])>) and Central: <CBCentralManager: 0x12ce39470>
2026-03-17 18:09:54,868 DEBUG bleak.backends.corebluetooth.CentralManagerDelegate centralManager_didDiscoverPeripheral_advertisementData_RSSI_
2026-03-17 18:09:54,869 DEBUG bleak.backends.corebluetooth.CentralManagerDelegate Discovered device 794FD30C-C48D-B15B-332C-1C1A31B019EF: None @ RSSI: -43 (kCBAdvData <nsdict_keys(['kCBAdvDataIsConnectable', 'kCBAdvDataManufacturerData', 'kCBAdvDataRxSecondaryPHY', 'kCBAdvDataTimestamp', 'kCBAdvDataRxPrimaryPHY'])>) and Central: <CBCentralManager: 0x12ce39470>
2026-03-17 18:09:55,129 DEBUG bleak.backends.corebluetooth.CentralManagerDelegate centralManager_didDiscoverPeripheral_advertisementData_RSSI_
2026-03-17 18:09:55,129 DEBUG bleak.backends.corebluetooth.CentralManagerDelegate Discovered device 9927D8C7-CD57-F01E-4EF0-0F04EA874916: None @ RSSI: -89 (kCBAdvData <nsdict_keys(['kCBAdvDataIsConnectable', 'kCBAdvDataTimestamp', 'kCBAdvDataManufacturerData', 'kCBAdvDataRxSecondaryPHY', 'kCBAdvDataTxPowerLevel', 'kCBAdvDataRxPrimaryPHY'])>) and Central: <CBCentralManager: 0x12ce39470>
2026-03-17 18:09:55,131 DEBUG bleak.backends.corebluetooth.CentralManagerDelegate centralManager_didDiscoverPeripheral_advertisementData_RSSI_
2026-03-17 18:09:55,131 DEBUG bleak.backends.corebluetooth.CentralManagerDelegate Discovered device 9927D8C7-CD57-F01E-4EF0-0F04EA874916: None @ RSSI: -90 (kCBAdvData <nsdict_keys(['kCBAdvDataIsConnectable', 'kCBAdvDataTimestamp', 'kCBAdvDataManufacturerData', 'kCBAdvDataRxSecondaryPHY', 'kCBAdvDataTxPowerLevel', 'kCBAdvDataRxPrimaryPHY'])>) and Central: <CBCentralManager: 0x12ce39470>
2026-03-17 18:09:55,155 DEBUG bleak.backends.corebluetooth.CentralManagerDelegate centralManager_didDiscoverPeripheral_advertisementData_RSSI_
2026-03-17 18:09:55,158 DEBUG bleak.backends.corebluetooth.CentralManagerDelegate Discovered device 86DDA426-B077-D1DA-4A2D-66DB6A8A9755: [TV] Samsung 7 Series (49) @ RSSI: -92 (kCBAdvData <nsdict_keys(['kCBAdvDataIsConnectable', 'kCBAdvDataManufacturerData', 'kCBAdvDataRxSecondaryPHY', 'kCBAdvDataTimestamp', 'kCBAdvDataRxPrimaryPHY'])>) and Central: <CBCentralManager: 0x12ce39470>
2026-03-17 18:09:55,284 DEBUG bleak.backends.corebluetooth.CentralManagerDelegate centralManager_didDiscoverPeripheral_advertisementData_RSSI_
2026-03-17 18:09:55,285 DEBUG bleak.backends.corebluetooth.CentralManagerDelegate Discovered device B44727D0-ACE2-3F36-1D3A-2B3B1C02B00C: None @ RSSI: -62 (kCBAdvData <nsdict_keys(['kCBAdvDataIsConnectable', 'kCBAdvDataManufacturerData', 'kCBAdvDataRxSecondaryPHY', 'kCBAdvDataTimestamp', 'kCBAdvDataRxPrimaryPHY'])>) and Central: <CBCentralManager: 0x12ce39470>
2026-03-17 18:09:55,288 DEBUG bleak.backends.corebluetooth.CentralManagerDelegate centralManager_didDiscoverPeripheral_advertisementData_RSSI_
2026-03-17 18:09:55,288 DEBUG bleak.backends.corebluetooth.CentralManagerDelegate Discovered device 3D1D92D1-8121-4002-09A2-000FBEA6E08E: None @ RSSI: -36 (kCBAdvData <nsdict_keys(['kCBAdvDataIsConnectable', 'kCBAdvDataManufacturerData', 'kCBAdvDataRxSecondaryPHY', 'kCBAdvDataTimestamp', 'kCBAdvDataRxPrimaryPHY'])>) and Central: <CBCentralManager: 0x12ce39470>
2026-03-17 18:09:55,304 DEBUG bleak.backends.corebluetooth.CentralManagerDelegate centralManager_didDiscoverPeripheral_advertisementData_RSSI_
2026-03-17 18:09:55,305 DEBUG bleak.backends.corebluetooth.CentralManagerDelegate Discovered device E8DCE41A-F46D-D1BF-F09D-4EF0DDF5B35D: None @ RSSI: -37 (kCBAdvData <nsdict_keys(['kCBAdvDataIsConnectable', 'kCBAdvDataManufacturerData', 'kCBAdvDataRxSecondaryPHY', 'kCBAdvDataTimestamp', 'kCBAdvDataRxPrimaryPHY'])>) and Central: <CBCentralManager: 0x12ce39470>
2026-03-17 18:09:55,604 DEBUG bleak.backends.corebluetooth.CentralManagerDelegate centralManager_didDiscoverPeripheral_advertisementData_RSSI_
2026-03-17 18:09:55,605 DEBUG bleak.backends.corebluetooth.CentralManagerDelegate Discovered device 794FD30C-C48D-B15B-332C-1C1A31B019EF: None @ RSSI: -43 (kCBAdvData <nsdict_keys(['kCBAdvDataIsConnectable', 'kCBAdvDataManufacturerData', 'kCBAdvDataRxSecondaryPHY', 'kCBAdvDataTimestamp', 'kCBAdvDataRxPrimaryPHY'])>) and Central: <CBCentralManager: 0x12ce39470>
2026-03-17 18:09:55,608 DEBUG bleak.backends.corebluetooth.CentralManagerDelegate centralManager_didDiscoverPeripheral_advertisementData_RSSI_
2026-03-17 18:09:55,609 DEBUG bleak.backends.corebluetooth.CentralManagerDelegate Discovered device 86DDA426-B077-D1DA-4A2D-66DB6A8A9755: [TV] Samsung 7 Series (49) @ RSSI: -85 (kCBAdvData <nsdict_keys(['kCBAdvDataIsConnectable', 'kCBAdvDataManufacturerData', 'kCBAdvDataRxSecondaryPHY', 'kCBAdvDataTimestamp', 'kCBAdvDataRxPrimaryPHY'])>) and Central: <CBCentralManager: 0x12ce39470>
2026-03-17 18:09:55,917 DEBUG bleak.backends.corebluetooth.CentralManagerDelegate centralManager_didDiscoverPeripheral_advertisementData_RSSI_
2026-03-17 18:09:55,918 DEBUG bleak.backends.corebluetooth.CentralManagerDelegate centralManager_didDiscoverPeripheral_advertisementData_RSSI_
2026-03-17 18:09:55,918 DEBUG bleak.backends.corebluetooth.CentralManagerDelegate Discovered device 4BBD7E5E-BC3C-9E48-2670-2097317F356A: None @ RSSI: -79 (kCBAdvData <nsdict_keys(['kCBAdvDataIsConnectable', 'kCBAdvDataTimestamp', 'kCBAdvDataManufacturerData', 'kCBAdvDataRxSecondaryPHY', 'kCBAdvDataTxPowerLevel', 'kCBAdvDataRxPrimaryPHY'])>) and Central: <CBCentralManager: 0x12ce39470>
2026-03-17 18:09:55,919 DEBUG bleak.backends.corebluetooth.CentralManagerDelegate Discovered device 4BBD7E5E-BC3C-9E48-2670-2097317F356A: None @ RSSI: -79 (kCBAdvData <nsdict_keys(['kCBAdvDataIsConnectable', 'kCBAdvDataTimestamp', 'kCBAdvDataManufacturerData', 'kCBAdvDataRxSecondaryPHY', 'kCBAdvDataTxPowerLevel', 'kCBAdvDataRxPrimaryPHY'])>) and Central: <CBCentralManager: 0x12ce39470>
2026-03-17 18:09:56,165 DEBUG bleak.backends.corebluetooth.CentralManagerDelegate centralManager_didDiscoverPeripheral_advertisementData_RSSI_
2026-03-17 18:09:56,166 DEBUG bleak.backends.corebluetooth.CentralManagerDelegate Discovered device 794FD30C-C48D-B15B-332C-1C1A31B019EF: None @ RSSI: -43 (kCBAdvData <nsdict_keys(['kCBAdvDataIsConnectable', 'kCBAdvDataManufacturerData', 'kCBAdvDataRxSecondaryPHY', 'kCBAdvDataTimestamp', 'kCBAdvDataRxPrimaryPHY'])>) and Central: <CBCentralManager: 0x12ce39470>
2026-03-17 18:09:56,191 DEBUG bleak.backends.corebluetooth.CentralManagerDelegate centralManager_didDiscoverPeripheral_advertisementData_RSSI_
2026-03-17 18:09:56,192 DEBUG bleak.backends.corebluetooth.CentralManagerDelegate Discovered device 9927D8C7-CD57-F01E-4EF0-0F04EA874916: None @ RSSI: -83 (kCBAdvData <nsdict_keys(['kCBAdvDataIsConnectable', 'kCBAdvDataTimestamp', 'kCBAdvDataManufacturerData', 'kCBAdvDataRxSecondaryPHY', 'kCBAdvDataTxPowerLevel', 'kCBAdvDataRxPrimaryPHY'])>) and Central: <CBCentralManager: 0x12ce39470>
2026-03-17 18:09:56,219 DEBUG bleak.backends.corebluetooth.CentralManagerDelegate centralManager_didDiscoverPeripheral_advertisementData_RSSI_
2026-03-17 18:09:56,219 DEBUG bleak.backends.corebluetooth.CentralManagerDelegate Discovered device B44727D0-ACE2-3F36-1D3A-2B3B1C02B00C: None @ RSSI: -61 (kCBAdvData <nsdict_keys(['kCBAdvDataIsConnectable', 'kCBAdvDataManufacturerData', 'kCBAdvDataRxSecondaryPHY', 'kCBAdvDataTimestamp', 'kCBAdvDataRxPrimaryPHY'])>) and Central: <CBCentralManager: 0x12ce39470>
2026-03-17 18:09:56,467 DEBUG bleak.backends.corebluetooth.CentralManagerDelegate centralManager_didDiscoverPeripheral_advertisementData_RSSI_
2026-03-17 18:09:56,468 DEBUG bleak.backends.corebluetooth.CentralManagerDelegate Discovered device 4BBD7E5E-BC3C-9E48-2670-2097317F356A: None @ RSSI: -80 (kCBAdvData <nsdict_keys(['kCBAdvDataIsConnectable', 'kCBAdvDataTimestamp', 'kCBAdvDataManufacturerData', 'kCBAdvDataRxSecondaryPHY', 'kCBAdvDataTxPowerLevel', 'kCBAdvDataRxPrimaryPHY'])>) and Central: <CBCentralManager: 0x12ce39470>
2026-03-17 18:09:56,468 DEBUG bleak.backends.corebluetooth.CentralManagerDelegate centralManager_didDiscoverPeripheral_advertisementData_RSSI_
2026-03-17 18:09:56,469 DEBUG bleak.backends.corebluetooth.CentralManagerDelegate Discovered device 4BBD7E5E-BC3C-9E48-2670-2097317F356A: None @ RSSI: -80 (kCBAdvData <nsdict_keys(['kCBAdvDataIsConnectable', 'kCBAdvDataTimestamp', 'kCBAdvDataManufacturerData', 'kCBAdvDataRxSecondaryPHY', 'kCBAdvDataTxPowerLevel', 'kCBAdvDataRxPrimaryPHY'])>) and Central: <CBCentralManager: 0x12ce39470>
2026-03-17 18:09:57,073 DEBUG bleak.backends.corebluetooth.CentralManagerDelegate centralManager_didDiscoverPeripheral_advertisementData_RSSI_
2026-03-17 18:09:57,074 DEBUG bleak.backends.corebluetooth.CentralManagerDelegate Discovered device 77F1F409-AA83-DACC-35D6-9BFBDB2AD0EE: None @ RSSI: -92 (kCBAdvData <nsdict_keys(['kCBAdvDataIsConnectable', 'kCBAdvDataManufacturerData', 'kCBAdvDataRxSecondaryPHY', 'kCBAdvDataTimestamp', 'kCBAdvDataRxPrimaryPHY'])>) and Central: <CBCentralManager: 0x12ce39470>
2026-03-17 18:09:57,169 DEBUG bleak.backends.corebluetooth.CentralManagerDelegate centralManager_didDiscoverPeripheral_advertisementData_RSSI_
2026-03-17 18:09:57,169 DEBUG bleak.backends.corebluetooth.CentralManagerDelegate Discovered device B44727D0-ACE2-3F36-1D3A-2B3B1C02B00C: None @ RSSI: -60 (kCBAdvData <nsdict_keys(['kCBAdvDataIsConnectable', 'kCBAdvDataManufacturerData', 'kCBAdvDataRxSecondaryPHY', 'kCBAdvDataTimestamp', 'kCBAdvDataRxPrimaryPHY'])>) and Central: <CBCentralManager: 0x12ce39470>
2026-03-17 18:09:57,185 DEBUG bleak.backends.corebluetooth.CentralManagerDelegate centralManager_didDiscoverPeripheral_advertisementData_RSSI_
2026-03-17 18:09:57,186 DEBUG bleak.backends.corebluetooth.CentralManagerDelegate Discovered device 78180ED1-70B7-E345-0F16-9F49620B11A2: None @ RSSI: -79 (kCBAdvData <nsdict_keys(['kCBAdvDataIsConnectable', 'kCBAdvDataTimestamp', 'kCBAdvDataManufacturerData', 'kCBAdvDataRxSecondaryPHY', 'kCBAdvDataTxPowerLevel', 'kCBAdvDataRxPrimaryPHY'])>) and Central: <CBCentralManager: 0x12ce39470>
2026-03-17 18:09:57,186 DEBUG bleak.backends.corebluetooth.CentralManagerDelegate centralManager_didDiscoverPeripheral_advertisementData_RSSI_
2026-03-17 18:09:57,186 DEBUG bleak.backends.corebluetooth.CentralManagerDelegate Discovered device 78180ED1-70B7-E345-0F16-9F49620B11A2: None @ RSSI: -79 (kCBAdvData <nsdict_keys(['kCBAdvDataIsConnectable', 'kCBAdvDataTimestamp', 'kCBAdvDataManufacturerData', 'kCBAdvDataRxSecondaryPHY', 'kCBAdvDataTxPowerLevel', 'kCBAdvDataRxPrimaryPHY'])>) and Central: <CBCentralManager: 0x12ce39470>
2026-03-17 18:09:57,442 DEBUG bleak.backends.corebluetooth.CentralManagerDelegate centralManager_didDiscoverPeripheral_advertisementData_RSSI_
2026-03-17 18:09:57,443 DEBUG bleak.backends.corebluetooth.CentralManagerDelegate centralManager_didDiscoverPeripheral_advertisementData_RSSI_
2026-03-17 18:09:57,444 DEBUG bleak.backends.corebluetooth.CentralManagerDelegate Discovered device 09AD2A89-0D8D-A1E6-76B7-924F6E2A1F51: None @ RSSI: -58 (kCBAdvData <nsdict_keys(['kCBAdvDataIsConnectable', 'kCBAdvDataManufacturerData', 'kCBAdvDataRxSecondaryPHY', 'kCBAdvDataTimestamp', 'kCBAdvDataRxPrimaryPHY'])>) and Central: <CBCentralManager: 0x12ce39470>
2026-03-17 18:09:57,445 DEBUG bleak.backends.corebluetooth.CentralManagerDelegate Discovered device 86DDA426-B077-D1DA-4A2D-66DB6A8A9755: [TV] Samsung 7 Series (49) @ RSSI: -84 (kCBAdvData <nsdict_keys(['kCBAdvDataIsConnectable', 'kCBAdvDataManufacturerData', 'kCBAdvDataRxSecondaryPHY', 'kCBAdvDataTimestamp', 'kCBAdvDataRxPrimaryPHY'])>) and Central: <CBCentralManager: 0x12ce39470>
2026-03-17 18:09:57,469 DEBUG bleak.backends.corebluetooth.CentralManagerDelegate centralManager_didDiscoverPeripheral_advertisementData_RSSI_
2026-03-17 18:09:57,469 DEBUG bleak.backends.corebluetooth.CentralManagerDelegate Discovered device 794FD30C-C48D-B15B-332C-1C1A31B019EF: None @ RSSI: -43 (kCBAdvData <nsdict_keys(['kCBAdvDataIsConnectable', 'kCBAdvDataManufacturerData', 'kCBAdvDataRxSecondaryPHY', 'kCBAdvDataTimestamp', 'kCBAdvDataRxPrimaryPHY'])>) and Central: <CBCentralManager: 0x12ce39470>
2026-03-17 18:09:57,488 DEBUG bleak.backends.corebluetooth.CentralManagerDelegate centralManager_didDiscoverPeripheral_advertisementData_RSSI_
2026-03-17 18:09:57,489 DEBUG bleak.backends.corebluetooth.CentralManagerDelegate Discovered device 97A9D8BE-4298-0A28-80C1-6F7213FE0D96: Noah’s iPhone @ RSSI: -38 (kCBAdvData <nsdict_keys(['kCBAdvDataIsConnectable', 'kCBAdvDataTimestamp', 'kCBAdvDataManufacturerData', 'kCBAdvDataRxSecondaryPHY', 'kCBAdvDataTxPowerLevel', 'kCBAdvDataRxPrimaryPHY'])>) and Central: <CBCentralManager: 0x12ce39470>
2026-03-17 18:09:57,490 DEBUG bleak.backends.corebluetooth.CentralManagerDelegate centralManager_didDiscoverPeripheral_advertisementData_RSSI_
2026-03-17 18:09:57,490 DEBUG bleak.backends.corebluetooth.CentralManagerDelegate Discovered device 97A9D8BE-4298-0A28-80C1-6F7213FE0D96: Noah’s iPhone @ RSSI: -38 (kCBAdvData <nsdict_keys(['kCBAdvDataIsConnectable', 'kCBAdvDataTimestamp', 'kCBAdvDataManufacturerData', 'kCBAdvDataRxSecondaryPHY', 'kCBAdvDataTxPowerLevel', 'kCBAdvDataRxPrimaryPHY'])>) and Central: <CBCentralManager: 0x12ce39470>
2026-03-17 18:09:58,660 DEBUG bleak.backends.corebluetooth.CentralManagerDelegate centralManager_didDiscoverPeripheral_advertisementData_RSSI_
2026-03-17 18:09:58,661 DEBUG bleak.backends.corebluetooth.CentralManagerDelegate Discovered device 86DDA426-B077-D1DA-4A2D-66DB6A8A9755: [TV] Samsung 7 Series (49) @ RSSI: -94 (kCBAdvData <nsdict_keys(['kCBAdvDataIsConnectable', 'kCBAdvDataManufacturerData', 'kCBAdvDataRxSecondaryPHY', 'kCBAdvDataTimestamp', 'kCBAdvDataRxPrimaryPHY'])>) and Central: <CBCentralManager: 0x12ce39470>
2026-03-17 18:09:58,685 DEBUG bleak.backends.corebluetooth.CentralManagerDelegate centralManager_didDiscoverPeripheral_advertisementData_RSSI_
2026-03-17 18:09:58,686 DEBUG bleak.backends.corebluetooth.CentralManagerDelegate centralManager_didDiscoverPeripheral_advertisementData_RSSI_
2026-03-17 18:09:58,687 DEBUG bleak.backends.corebluetooth.CentralManagerDelegate Discovered device 4BBD7E5E-BC3C-9E48-2670-2097317F356A: None @ RSSI: -79 (kCBAdvData <nsdict_keys(['kCBAdvDataIsConnectable', 'kCBAdvDataTimestamp', 'kCBAdvDataManufacturerData', 'kCBAdvDataRxSecondaryPHY', 'kCBAdvDataTxPowerLevel', 'kCBAdvDataRxPrimaryPHY'])>) and Central: <CBCentralManager: 0x12ce39470>
2026-03-17 18:09:58,688 DEBUG bleak.backends.corebluetooth.CentralManagerDelegate Discovered device 4BBD7E5E-BC3C-9E48-2670-2097317F356A: None @ RSSI: -79 (kCBAdvData <nsdict_keys(['kCBAdvDataIsConnectable', 'kCBAdvDataTimestamp', 'kCBAdvDataManufacturerData', 'kCBAdvDataRxSecondaryPHY', 'kCBAdvDataTxPowerLevel', 'kCBAdvDataRxPrimaryPHY'])>) and Central: <CBCentralManager: 0x12ce39470>
2026-03-17 18:09:58,953 DEBUG bleak.backends.corebluetooth.CentralManagerDelegate centralManager_didDiscoverPeripheral_advertisementData_RSSI_
2026-03-17 18:09:58,953 DEBUG bleak.backends.corebluetooth.CentralManagerDelegate Discovered device B44727D0-ACE2-3F36-1D3A-2B3B1C02B00C: None @ RSSI: -61 (kCBAdvData <nsdict_keys(['kCBAdvDataIsConnectable', 'kCBAdvDataManufacturerData', 'kCBAdvDataRxSecondaryPHY', 'kCBAdvDataTimestamp', 'kCBAdvDataRxPrimaryPHY'])>) and Central: <CBCentralManager: 0x12ce39470>
2026-03-17 18:09:58,954 DEBUG bleak.backends.corebluetooth.CentralManagerDelegate centralManager_didDiscoverPeripheral_advertisementData_RSSI_
2026-03-17 18:09:58,954 DEBUG bleak.backends.corebluetooth.CentralManagerDelegate Discovered device 86DDA426-B077-D1DA-4A2D-66DB6A8A9755: [TV] Samsung 7 Series (49) @ RSSI: -85 (kCBAdvData <nsdict_keys(['kCBAdvDataIsConnectable', 'kCBAdvDataManufacturerData', 'kCBAdvDataRxSecondaryPHY', 'kCBAdvDataTimestamp', 'kCBAdvDataRxPrimaryPHY'])>) and Central: <CBCentralManager: 0x12ce39470>
2026-03-17 18:09:58,962 DEBUG bleak.backends.corebluetooth.CentralManagerDelegate centralManager_didDiscoverPeripheral_advertisementData_RSSI_
2026-03-17 18:09:58,962 DEBUG bleak.backends.corebluetooth.CentralManagerDelegate Discovered device 794FD30C-C48D-B15B-332C-1C1A31B019EF: None @ RSSI: -43 (kCBAdvData <nsdict_keys(['kCBAdvDataIsConnectable', 'kCBAdvDataManufacturerData', 'kCBAdvDataRxSecondaryPHY', 'kCBAdvDataTimestamp', 'kCBAdvDataRxPrimaryPHY'])>) and Central: <CBCentralManager: 0x12ce39470>
2026-03-17 18:09:59,266 DEBUG bleak.backends.corebluetooth.CentralManagerDelegate centralManager_didDiscoverPeripheral_advertisementData_RSSI_
2026-03-17 18:09:59,267 DEBUG bleak.backends.corebluetooth.CentralManagerDelegate Discovered device B44727D0-ACE2-3F36-1D3A-2B3B1C02B00C: None @ RSSI: -62 (kCBAdvData <nsdict_keys(['kCBAdvDataIsConnectable', 'kCBAdvDataManufacturerData', 'kCBAdvDataRxSecondaryPHY', 'kCBAdvDataTimestamp', 'kCBAdvDataRxPrimaryPHY'])>) and Central: <CBCentralManager: 0x12ce39470>
2026-03-17 18:09:59,271 DEBUG bleak.backends.corebluetooth.CentralManagerDelegate centralManager_didDiscoverPeripheral_advertisementData_RSSI_
2026-03-17 18:09:59,271 DEBUG bleak.backends.corebluetooth.CentralManagerDelegate Discovered device 0A017875-33D8-559A-04D8-795EBA34E288: None @ RSSI: -94 (kCBAdvData <nsdict_keys(['kCBAdvDataIsConnectable', 'kCBAdvDataTimestamp', 'kCBAdvDataManufacturerData', 'kCBAdvDataRxSecondaryPHY', 'kCBAdvDataTxPowerLevel', 'kCBAdvDataRxPrimaryPHY'])>) and Central: <CBCentralManager: 0x12ce39470>
2026-03-17 18:09:59,301 DEBUG bleak.backends.corebluetooth.CentralManagerDelegate centralManager_didDiscoverPeripheral_advertisementData_RSSI_
2026-03-17 18:09:59,302 DEBUG bleak.backends.corebluetooth.CentralManagerDelegate Discovered device ABF72931-1971-06EF-881F-F374D36912C1: None @ RSSI: -51 (kCBAdvData <nsdict_keys(['kCBAdvDataIsConnectable', 'kCBAdvDataManufacturerData', 'kCBAdvDataRxSecondaryPHY', 'kCBAdvDataTimestamp', 'kCBAdvDataRxPrimaryPHY'])>) and Central: <CBCentralManager: 0x12ce39470>
2026-03-17 18:09:59,585 DEBUG bleak.backends.corebluetooth.CentralManagerDelegate centralManager_didDiscoverPeripheral_advertisementData_RSSI_
2026-03-17 18:09:59,585 DEBUG bleak.backends.corebluetooth.CentralManagerDelegate Discovered device B44727D0-ACE2-3F36-1D3A-2B3B1C02B00C: None @ RSSI: -70 (kCBAdvData <nsdict_keys(['kCBAdvDataIsConnectable', 'kCBAdvDataManufacturerData', 'kCBAdvDataRxSecondaryPHY', 'kCBAdvDataTimestamp', 'kCBAdvDataRxPrimaryPHY'])>) and Central: <CBCentralManager: 0x12ce39470>
2026-03-17 18:09:59,864 DEBUG bleak.backends.corebluetooth.CentralManagerDelegate centralManager_didDiscoverPeripheral_advertisementData_RSSI_
2026-03-17 18:09:59,865 DEBUG bleak.backends.corebluetooth.CentralManagerDelegate Discovered device 86DDA426-B077-D1DA-4A2D-66DB6A8A9755: [TV] Samsung 7 Series (49) @ RSSI: -85 (kCBAdvData <nsdict_keys(['kCBAdvDataIsConnectable', 'kCBAdvDataManufacturerData', 'kCBAdvDataRxSecondaryPHY', 'kCBAdvDataTimestamp', 'kCBAdvDataRxPrimaryPHY'])>) and Central: <CBCentralManager: 0x12ce39470>
2026-03-17 18:09:59,887 DEBUG bleak.backends.corebluetooth.CentralManagerDelegate centralManager_didDiscoverPeripheral_advertisementData_RSSI_
2026-03-17 18:09:59,887 DEBUG bleak.backends.corebluetooth.CentralManagerDelegate Discovered device 493ABAA2-42A0-11C9-D28F-907C67F13792: None @ RSSI: -43 (kCBAdvData <nsdict_keys(['kCBAdvDataIsConnectable', 'kCBAdvDataTimestamp', 'kCBAdvDataManufacturerData', 'kCBAdvDataRxSecondaryPHY', 'kCBAdvDataTxPowerLevel', 'kCBAdvDataRxPrimaryPHY'])>) and Central: <CBCentralManager: 0x12ce39470>
2026-03-17 18:09:59,887 DEBUG bleak.backends.corebluetooth.CentralManagerDelegate centralManager_didDiscoverPeripheral_advertisementData_RSSI_
2026-03-17 18:09:59,888 DEBUG bleak.backends.corebluetooth.CentralManagerDelegate Discovered device 493ABAA2-42A0-11C9-D28F-907C67F13792: None @ RSSI: -43 (kCBAdvData <nsdict_keys(['kCBAdvDataIsConnectable', 'kCBAdvDataTimestamp', 'kCBAdvDataManufacturerData', 'kCBAdvDataRxSecondaryPHY', 'kCBAdvDataTxPowerLevel', 'kCBAdvDataRxPrimaryPHY'])>) and Central: <CBCentralManager: 0x12ce39470>
2026-03-17 18:09:59,894 DEBUG bleak.backends.corebluetooth.CentralManagerDelegate centralManager_didDiscoverPeripheral_advertisementData_RSSI_
2026-03-17 18:09:59,894 DEBUG bleak.backends.corebluetooth.CentralManagerDelegate Discovered device 794FD30C-C48D-B15B-332C-1C1A31B019EF: None @ RSSI: -43 (kCBAdvData <nsdict_keys(['kCBAdvDataIsConnectable', 'kCBAdvDataManufacturerData', 'kCBAdvDataRxSecondaryPHY', 'kCBAdvDataTimestamp', 'kCBAdvDataRxPrimaryPHY'])>) and Central: <CBCentralManager: 0x12ce39470>
2026-03-17 18:10:00,145 DEBUG bleak.backends.corebluetooth.CentralManagerDelegate centralManager_didDiscoverPeripheral_advertisementData_RSSI_
2026-03-17 18:10:00,146 DEBUG bleak.backends.corebluetooth.CentralManagerDelegate Discovered device 91500ADB-F357-BE00-E5E0-1DC52A29C89F: ELK-BLEDOM  0 @ RSSI: -66 (kCBAdvData <nsdict_keys(['kCBAdvDataLocalName', 'kCBAdvDataRxPrimaryPHY', 'kCBAdvDataRxSecondaryPHY', 'kCBAdvDataTimestamp', 'kCBAdvDataIsConnectable'])>) and Central: <CBCentralManager: 0x12ce39470>
2026-03-17 18:10:00,146 DEBUG bleak.backends.corebluetooth.CentralManagerDelegate centralManager_didDiscoverPeripheral_advertisementData_RSSI_
2026-03-17 18:10:00,147 DEBUG bleak.backends.corebluetooth.CentralManagerDelegate Discovered device 91500ADB-F357-BE00-E5E0-1DC52A29C89F: ELK-BLEDOM  0 @ RSSI: -66 (kCBAdvData <nsdict_keys(['kCBAdvDataLocalName', 'kCBAdvDataRxPrimaryPHY', 'kCBAdvDataRxSecondaryPHY', 'kCBAdvDataTimestamp', 'kCBAdvDataIsConnectable'])>) and Central: <CBCentralManager: 0x12ce39470>
2026-03-17 18:10:00,164 DEBUG bleak.backends.corebluetooth.CentralManagerDelegate centralManager_didDiscoverPeripheral_advertisementData_RSSI_
2026-03-17 18:10:00,165 DEBUG bleak.backends.corebluetooth.CentralManagerDelegate Discovered device 493ABAA2-42A0-11C9-D28F-907C67F13792: None @ RSSI: -42 (kCBAdvData <nsdict_keys(['kCBAdvDataIsConnectable', 'kCBAdvDataTimestamp', 'kCBAdvDataManufacturerData', 'kCBAdvDataRxSecondaryPHY', 'kCBAdvDataTxPowerLevel', 'kCBAdvDataRxPrimaryPHY'])>) and Central: <CBCentralManager: 0x12ce39470>
2026-03-17 18:10:00,165 DEBUG bleak.backends.corebluetooth.CentralManagerDelegate centralManager_didDiscoverPeripheral_advertisementData_RSSI_
2026-03-17 18:10:00,166 DEBUG bleak.backends.corebluetooth.CentralManagerDelegate Discovered device 493ABAA2-42A0-11C9-D28F-907C67F13792: None @ RSSI: -42 (kCBAdvData <nsdict_keys(['kCBAdvDataIsConnectable', 'kCBAdvDataTimestamp', 'kCBAdvDataManufacturerData', 'kCBAdvDataRxSecondaryPHY', 'kCBAdvDataTxPowerLevel', 'kCBAdvDataRxPrimaryPHY'])>) and Central: <CBCentralManager: 0x12ce39470>
2026-03-17 18:10:00,170 DEBUG bleak.backends.corebluetooth.CentralManagerDelegate centralManager_didDiscoverPeripheral_advertisementData_RSSI_
2026-03-17 18:10:00,170 DEBUG bleak.backends.corebluetooth.CentralManagerDelegate Discovered device 86DDA426-B077-D1DA-4A2D-66DB6A8A9755: [TV] Samsung 7 Series (49) @ RSSI: -84 (kCBAdvData <nsdict_keys(['kCBAdvDataIsConnectable', 'kCBAdvDataManufacturerData', 'kCBAdvDataRxSecondaryPHY', 'kCBAdvDataTimestamp', 'kCBAdvDataRxPrimaryPHY'])>) and Central: <CBCentralManager: 0x12ce39470>
2026-03-17 18:10:00,454 DEBUG bleak.backends.corebluetooth.CentralManagerDelegate centralManager_didDiscoverPeripheral_advertisementData_RSSI_
2026-03-17 18:10:00,455 DEBUG bleak.backends.corebluetooth.CentralManagerDelegate Discovered device 794FD30C-C48D-B15B-332C-1C1A31B019EF: None @ RSSI: -46 (kCBAdvData <nsdict_keys(['kCBAdvDataIsConnectable', 'kCBAdvDataManufacturerData', 'kCBAdvDataRxSecondaryPHY', 'kCBAdvDataTimestamp', 'kCBAdvDataRxPrimaryPHY'])>) and Central: <CBCentralManager: 0x12ce39470>
2026-03-17 18:10:00,470 DEBUG bleak.backends.corebluetooth.CentralManagerDelegate centralManager_didDiscoverPeripheral_advertisementData_RSSI_
2026-03-17 18:10:00,470 DEBUG bleak.backends.corebluetooth.CentralManagerDelegate Discovered device E1419538-AEB1-6449-3E06-52F432D4D9B1: None @ RSSI: -46 (kCBAdvData <nsdict_keys(['kCBAdvDataIsConnectable', 'kCBAdvDataTimestamp', 'kCBAdvDataManufacturerData', 'kCBAdvDataRxSecondaryPHY', 'kCBAdvDataTxPowerLevel', 'kCBAdvDataRxPrimaryPHY'])>) and Central: <CBCentralManager: 0x12ce39470>
2026-03-17 18:10:00,470 DEBUG bleak.backends.corebluetooth.CentralManagerDelegate centralManager_didDiscoverPeripheral_advertisementData_RSSI_
2026-03-17 18:10:00,471 DEBUG bleak.backends.corebluetooth.CentralManagerDelegate Discovered device E1419538-AEB1-6449-3E06-52F432D4D9B1: None @ RSSI: -46 (kCBAdvData <nsdict_keys(['kCBAdvDataIsConnectable', 'kCBAdvDataTimestamp', 'kCBAdvDataManufacturerData', 'kCBAdvDataRxSecondaryPHY', 'kCBAdvDataTxPowerLevel', 'kCBAdvDataRxPrimaryPHY'])>) and Central: <CBCentralManager: 0x12ce39470>
2026-03-17 18:10:00,740 DEBUG bleak.backends.corebluetooth.CentralManagerDelegate centralManager_didDiscoverPeripheral_advertisementData_RSSI_
2026-03-17 18:10:00,741 DEBUG bleak.backends.corebluetooth.CentralManagerDelegate Discovered device E1419538-AEB1-6449-3E06-52F432D4D9B1: None @ RSSI: -44 (kCBAdvData <nsdict_keys(['kCBAdvDataIsConnectable', 'kCBAdvDataTimestamp', 'kCBAdvDataManufacturerData', 'kCBAdvDataRxSecondaryPHY', 'kCBAdvDataTxPowerLevel', 'kCBAdvDataRxPrimaryPHY'])>) and Central: <CBCentralManager: 0x12ce39470>
2026-03-17 18:10:00,741 DEBUG bleak.backends.corebluetooth.CentralManagerDelegate centralManager_didDiscoverPeripheral_advertisementData_RSSI_
2026-03-17 18:10:00,741 DEBUG bleak.backends.corebluetooth.CentralManagerDelegate Discovered device E1419538-AEB1-6449-3E06-52F432D4D9B1: None @ RSSI: -43 (kCBAdvData <nsdict_keys(['kCBAdvDataIsConnectable', 'kCBAdvDataTimestamp', 'kCBAdvDataManufacturerData', 'kCBAdvDataRxSecondaryPHY', 'kCBAdvDataTxPowerLevel', 'kCBAdvDataRxPrimaryPHY'])>) and Central: <CBCentralManager: 0x12ce39470>
2026-03-17 18:10:00,778 DEBUG bleak.backends.corebluetooth.CentralManagerDelegate centralManager_didDiscoverPeripheral_advertisementData_RSSI_
2026-03-17 18:10:00,779 DEBUG bleak.backends.corebluetooth.CentralManagerDelegate Discovered device 78180ED1-70B7-E345-0F16-9F49620B11A2: None @ RSSI: -78 (kCBAdvData <nsdict_keys(['kCBAdvDataIsConnectable', 'kCBAdvDataTimestamp', 'kCBAdvDataManufacturerData', 'kCBAdvDataRxSecondaryPHY', 'kCBAdvDataTxPowerLevel', 'kCBAdvDataRxPrimaryPHY'])>) and Central: <CBCentralManager: 0x12ce39470>
2026-03-17 18:10:00,780 DEBUG bleak.backends.corebluetooth.CentralManagerDelegate centralManager_didDiscoverPeripheral_advertisementData_RSSI_
2026-03-17 18:10:00,780 DEBUG bleak.backends.corebluetooth.CentralManagerDelegate Discovered device 78180ED1-70B7-E345-0F16-9F49620B11A2: None @ RSSI: -78 (kCBAdvData <nsdict_keys(['kCBAdvDataIsConnectable', 'kCBAdvDataTimestamp', 'kCBAdvDataManufacturerData', 'kCBAdvDataRxSecondaryPHY', 'kCBAdvDataTxPowerLevel', 'kCBAdvDataRxPrimaryPHY'])>) and Central: <CBCentralManager: 0x12ce39470>
2026-03-17 18:10:00,785 DEBUG bleak.backends.corebluetooth.CentralManagerDelegate centralManager_didDiscoverPeripheral_advertisementData_RSSI_
2026-03-17 18:10:00,786 DEBUG bleak.backends.corebluetooth.CentralManagerDelegate centralManager_didDiscoverPeripheral_advertisementData_RSSI_
2026-03-17 18:10:00,786 DEBUG bleak.backends.corebluetooth.CentralManagerDelegate Discovered device 91500ADB-F357-BE00-E5E0-1DC52A29C89F: ELK-BLEDOM  0 @ RSSI: -73 (kCBAdvData <nsdict_keys(['kCBAdvDataLocalName', 'kCBAdvDataRxPrimaryPHY', 'kCBAdvDataRxSecondaryPHY', 'kCBAdvDataTimestamp', 'kCBAdvDataIsConnectable'])>) and Central: <CBCentralManager: 0x12ce39470>
2026-03-17 18:10:00,788 DEBUG bleak.backends.corebluetooth.CentralManagerDelegate Discovered device 91500ADB-F357-BE00-E5E0-1DC52A29C89F: ELK-BLEDOM  0 @ RSSI: -74 (kCBAdvData <nsdict_keys(['kCBAdvDataLocalName', 'kCBAdvDataRxPrimaryPHY', 'kCBAdvDataRxSecondaryPHY', 'kCBAdvDataTimestamp', 'kCBAdvDataIsConnectable'])>) and Central: <CBCentralManager: 0x12ce39470>
2026-03-17 18:10:01,087 DEBUG bleak.backends.corebluetooth.CentralManagerDelegate centralManager_didDiscoverPeripheral_advertisementData_RSSI_
2026-03-17 18:10:01,089 DEBUG bleak.backends.corebluetooth.CentralManagerDelegate Discovered device 86DDA426-B077-D1DA-4A2D-66DB6A8A9755: [TV] Samsung 7 Series (49) @ RSSI: -87 (kCBAdvData <nsdict_keys(['kCBAdvDataIsConnectable', 'kCBAdvDataManufacturerData', 'kCBAdvDataRxSecondaryPHY', 'kCBAdvDataTimestamp', 'kCBAdvDataRxPrimaryPHY'])>) and Central: <CBCentralManager: 0x12ce39470>
2026-03-17 18:10:01,347 DEBUG bleak.backends.corebluetooth.CentralManagerDelegate centralManager_didDiscoverPeripheral_advertisementData_RSSI_
2026-03-17 18:10:01,347 DEBUG bleak.backends.corebluetooth.CentralManagerDelegate Discovered device 12268CD3-B6ED-69C4-0DBD-2F05796F3E05: [TV] TV @ RSSI: -54 (kCBAdvData <nsdict_keys(['kCBAdvDataIsConnectable', 'kCBAdvDataManufacturerData', 'kCBAdvDataRxSecondaryPHY', 'kCBAdvDataTimestamp', 'kCBAdvDataRxPrimaryPHY'])>) and Central: <CBCentralManager: 0x12ce39470>
2026-03-17 18:10:01,394 DEBUG bleak.backends.corebluetooth.CentralManagerDelegate centralManager_didDiscoverPeripheral_advertisementData_RSSI_
2026-03-17 18:10:01,395 DEBUG bleak.backends.corebluetooth.CentralManagerDelegate Discovered device 86DDA426-B077-D1DA-4A2D-66DB6A8A9755: [TV] Samsung 7 Series (49) @ RSSI: -91 (kCBAdvData <nsdict_keys(['kCBAdvDataIsConnectable', 'kCBAdvDataManufacturerData', 'kCBAdvDataRxSecondaryPHY', 'kCBAdvDataTimestamp', 'kCBAdvDataRxPrimaryPHY'])>) and Central: <CBCentralManager: 0x12ce39470>
2026-03-17 18:10:01,669 DEBUG bleak.backends.corebluetooth.CentralManagerDelegate centralManager_didDiscoverPeripheral_advertisementData_RSSI_
2026-03-17 18:10:01,670 DEBUG bleak.backends.corebluetooth.CentralManagerDelegate centralManager_didDiscoverPeripheral_advertisementData_RSSI_
2026-03-17 18:10:01,671 DEBUG bleak.backends.corebluetooth.CentralManagerDelegate Discovered device 9927D8C7-CD57-F01E-4EF0-0F04EA874916: None @ RSSI: -89 (kCBAdvData <nsdict_keys(['kCBAdvDataIsConnectable', 'kCBAdvDataTimestamp', 'kCBAdvDataManufacturerData', 'kCBAdvDataRxSecondaryPHY', 'kCBAdvDataTxPowerLevel', 'kCBAdvDataRxPrimaryPHY'])>) and Central: <CBCentralManager: 0x12ce39470>
2026-03-17 18:10:01,672 DEBUG bleak.backends.corebluetooth.CentralManagerDelegate Discovered device 9927D8C7-CD57-F01E-4EF0-0F04EA874916: None @ RSSI: -90 (kCBAdvData <nsdict_keys(['kCBAdvDataIsConnectable', 'kCBAdvDataTimestamp', 'kCBAdvDataManufacturerData', 'kCBAdvDataRxSecondaryPHY', 'kCBAdvDataTxPowerLevel', 'kCBAdvDataRxPrimaryPHY'])>) and Central: <CBCentralManager: 0x12ce39470>
2026-03-17 18:10:01,700 DEBUG bleak.backends.corebluetooth.CentralManagerDelegate centralManager_didDiscoverPeripheral_advertisementData_RSSI_
2026-03-17 18:10:01,700 DEBUG bleak.backends.corebluetooth.CentralManagerDelegate Discovered device B44727D0-ACE2-3F36-1D3A-2B3B1C02B00C: None @ RSSI: -61 (kCBAdvData <nsdict_keys(['kCBAdvDataIsConnectable', 'kCBAdvDataManufacturerData', 'kCBAdvDataRxSecondaryPHY', 'kCBAdvDataTimestamp', 'kCBAdvDataRxPrimaryPHY'])>) and Central: <CBCentralManager: 0x12ce39470>
2026-03-17 18:10:02,255 DEBUG bleak.backends.corebluetooth.CentralManagerDelegate centralManager_didDiscoverPeripheral_advertisementData_RSSI_
2026-03-17 18:10:02,255 DEBUG bleak.backends.corebluetooth.CentralManagerDelegate Discovered device 600D5636-4D11-13B0-A98D-68234C053980: None @ RSSI: -72 (kCBAdvData <nsdict_keys(['kCBAdvDataIsConnectable', 'kCBAdvDataManufacturerData', 'kCBAdvDataRxSecondaryPHY', 'kCBAdvDataTimestamp', 'kCBAdvDataRxPrimaryPHY'])>) and Central: <CBCentralManager: 0x12ce39470>
2026-03-17 18:10:02,256 DEBUG bleak.backends.corebluetooth.CentralManagerDelegate centralManager_didDiscoverPeripheral_advertisementData_RSSI_
2026-03-17 18:10:02,256 DEBUG bleak.backends.corebluetooth.CentralManagerDelegate Discovered device 600D5636-4D11-13B0-A98D-68234C053980: None @ RSSI: -72 (kCBAdvData <nsdict_keys(['kCBAdvDataIsConnectable', 'kCBAdvDataManufacturerData', 'kCBAdvDataRxSecondaryPHY', 'kCBAdvDataTimestamp', 'kCBAdvDataRxPrimaryPHY'])>) and Central: <CBCentralManager: 0x12ce39470>
2026-03-17 18:10:02,265 DEBUG bleak.backends.corebluetooth.CentralManagerDelegate centralManager_didDiscoverPeripheral_advertisementData_RSSI_
2026-03-17 18:10:02,265 DEBUG bleak.backends.corebluetooth.CentralManagerDelegate Discovered device 4BBD7E5E-BC3C-9E48-2670-2097317F356A: None @ RSSI: -81 (kCBAdvData <nsdict_keys(['kCBAdvDataIsConnectable', 'kCBAdvDataTimestamp', 'kCBAdvDataManufacturerData', 'kCBAdvDataRxSecondaryPHY', 'kCBAdvDataTxPowerLevel', 'kCBAdvDataRxPrimaryPHY'])>) and Central: <CBCentralManager: 0x12ce39470>
2026-03-17 18:10:02,265 DEBUG bleak.backends.corebluetooth.CentralManagerDelegate centralManager_didDiscoverPeripheral_advertisementData_RSSI_
2026-03-17 18:10:02,266 DEBUG bleak.backends.corebluetooth.CentralManagerDelegate Discovered device 4BBD7E5E-BC3C-9E48-2670-2097317F356A: None @ RSSI: -81 (kCBAdvData <nsdict_keys(['kCBAdvDataIsConnectable', 'kCBAdvDataTimestamp', 'kCBAdvDataManufacturerData', 'kCBAdvDataRxSecondaryPHY', 'kCBAdvDataTxPowerLevel', 'kCBAdvDataRxPrimaryPHY'])>) and Central: <CBCentralManager: 0x12ce39470>
2026-03-17 18:10:02,495 DEBUG bleak.backends.corebluetooth.CentralManagerDelegate 'isScanning' changed
2026-03-17 18:10:02,495 WARNING sleep_receiver scan: no matching device found
2026-03-17 18:10:17,685 INFO sleep_receiver scan: looking for name prefix 'Bangle'
2026-03-17 18:10:17,775 DEBUG bleak.backends.corebluetooth.CentralManagerDelegate centralManagerDidUpdateState_
2026-03-17 18:10:17,775 DEBUG bleak.backends.corebluetooth.CentralManagerDelegate Bluetooth powered on
2026-03-17 18:10:17,775 DEBUG bleak.backends.corebluetooth.CentralManagerDelegate 'isScanning' changed
2026-03-17 18:10:18,100 DEBUG bleak.backends.corebluetooth.CentralManagerDelegate centralManager_didDiscoverPeripheral_advertisementData_RSSI_
2026-03-17 18:10:18,101 DEBUG bleak.backends.corebluetooth.CentralManagerDelegate Discovered device 14ADD827-CA00-F4ED-A519-7CBE5AA2A1D7: None @ RSSI: -49 (kCBAdvData <nsdict_keys(['kCBAdvDataIsConnectable', 'kCBAdvDataManufacturerData', 'kCBAdvDataRxSecondaryPHY', 'kCBAdvDataTimestamp', 'kCBAdvDataRxPrimaryPHY'])>) and Central: <CBCentralManager: 0x10ce0d4e0>
2026-03-17 18:10:18,101 DEBUG bleak.backends.corebluetooth.CentralManagerDelegate centralManager_didDiscoverPeripheral_advertisementData_RSSI_
2026-03-17 18:10:18,102 DEBUG bleak.backends.corebluetooth.CentralManagerDelegate Discovered device 14ADD827-CA00-F4ED-A519-7CBE5AA2A1D7: None @ RSSI: -49 (kCBAdvData <nsdict_keys(['kCBAdvDataIsConnectable', 'kCBAdvDataManufacturerData', 'kCBAdvDataRxSecondaryPHY', 'kCBAdvDataTimestamp', 'kCBAdvDataRxPrimaryPHY'])>) and Central: <CBCentralManager: 0x10ce0d4e0>
2026-03-17 18:10:18,110 DEBUG bleak.backends.corebluetooth.CentralManagerDelegate centralManager_didDiscoverPeripheral_advertisementData_RSSI_
2026-03-17 18:10:18,110 DEBUG bleak.backends.corebluetooth.CentralManagerDelegate Discovered device B44727D0-ACE2-3F36-1D3A-2B3B1C02B00C: None @ RSSI: -66 (kCBAdvData <nsdict_keys(['kCBAdvDataIsConnectable', 'kCBAdvDataManufacturerData', 'kCBAdvDataRxSecondaryPHY', 'kCBAdvDataTimestamp', 'kCBAdvDataRxPrimaryPHY'])>) and Central: <CBCentralManager: 0x10ce0d4e0>
2026-03-17 18:10:18,119 DEBUG bleak.backends.corebluetooth.CentralManagerDelegate centralManager_didDiscoverPeripheral_advertisementData_RSSI_
2026-03-17 18:10:18,120 DEBUG bleak.backends.corebluetooth.CentralManagerDelegate Discovered device 794FD30C-C48D-B15B-332C-1C1A31B019EF: None @ RSSI: -45 (kCBAdvData <nsdict_keys(['kCBAdvDataIsConnectable', 'kCBAdvDataManufacturerData', 'kCBAdvDataRxSecondaryPHY', 'kCBAdvDataTimestamp', 'kCBAdvDataRxPrimaryPHY'])>) and Central: <CBCentralManager: 0x10ce0d4e0>
2026-03-17 18:10:18,130 DEBUG bleak.backends.corebluetooth.CentralManagerDelegate centralManager_didDiscoverPeripheral_advertisementData_RSSI_
2026-03-17 18:10:18,131 DEBUG bleak.backends.corebluetooth.CentralManagerDelegate centralManager_didDiscoverPeripheral_advertisementData_RSSI_
2026-03-17 18:10:18,132 DEBUG bleak.backends.corebluetooth.CentralManagerDelegate Discovered device F64DEABE-F4AD-3CC0-0573-408759FB0400: Bangle.js ac0a @ RSSI: -46 (kCBAdvData <nsdict_keys(['kCBAdvDataManufacturerData', 'kCBAdvDataTimestamp', 'kCBAdvDataIsConnectable', 'kCBAdvDataRxPrimaryPHY', 'kCBAdvDataRxSecondaryPHY', 'kCBAdvDataLocalName', 'kCBAdvDataServiceUUIDs'])>) and Central: <CBCentralManager: 0x10ce0d4e0>
2026-03-17 18:10:18,132 DEBUG bleak.backends.corebluetooth.CentralManagerDelegate Discovered device F64DEABE-F4AD-3CC0-0573-408759FB0400: Bangle.js ac0a @ RSSI: -46 (kCBAdvData <nsdict_keys(['kCBAdvDataManufacturerData', 'kCBAdvDataTimestamp', 'kCBAdvDataIsConnectable', 'kCBAdvDataRxPrimaryPHY', 'kCBAdvDataRxSecondaryPHY', 'kCBAdvDataLocalName', 'kCBAdvDataServiceUUIDs'])>) and Central: <CBCentralManager: 0x10ce0d4e0>
2026-03-17 18:10:18,416 DEBUG bleak.backends.corebluetooth.CentralManagerDelegate centralManager_didDiscoverPeripheral_advertisementData_RSSI_
2026-03-17 18:10:18,416 DEBUG bleak.backends.corebluetooth.CentralManagerDelegate centralManager_didDiscoverPeripheral_advertisementData_RSSI_
2026-03-17 18:10:18,417 DEBUG bleak.backends.corebluetooth.CentralManagerDelegate Discovered device 97A9D8BE-4298-0A28-80C1-6F7213FE0D96: Noah’s iPhone @ RSSI: -36 (kCBAdvData <nsdict_keys(['kCBAdvDataIsConnectable', 'kCBAdvDataTimestamp', 'kCBAdvDataManufacturerData', 'kCBAdvDataRxSecondaryPHY', 'kCBAdvDataTxPowerLevel', 'kCBAdvDataRxPrimaryPHY'])>) and Central: <CBCentralManager: 0x10ce0d4e0>
2026-03-17 18:10:18,418 DEBUG bleak.backends.corebluetooth.CentralManagerDelegate Discovered device 97A9D8BE-4298-0A28-80C1-6F7213FE0D96: Noah’s iPhone @ RSSI: -36 (kCBAdvData <nsdict_keys(['kCBAdvDataIsConnectable', 'kCBAdvDataTimestamp', 'kCBAdvDataManufacturerData', 'kCBAdvDataRxSecondaryPHY', 'kCBAdvDataTxPowerLevel', 'kCBAdvDataRxPrimaryPHY'])>) and Central: <CBCentralManager: 0x10ce0d4e0>
2026-03-17 18:10:18,427 DEBUG bleak.backends.corebluetooth.CentralManagerDelegate centralManager_didDiscoverPeripheral_advertisementData_RSSI_
2026-03-17 18:10:18,428 DEBUG bleak.backends.corebluetooth.CentralManagerDelegate Discovered device B44727D0-ACE2-3F36-1D3A-2B3B1C02B00C: None @ RSSI: -67 (kCBAdvData <nsdict_keys(['kCBAdvDataIsConnectable', 'kCBAdvDataManufacturerData', 'kCBAdvDataRxSecondaryPHY', 'kCBAdvDataTimestamp', 'kCBAdvDataRxPrimaryPHY'])>) and Central: <CBCentralManager: 0x10ce0d4e0>
2026-03-17 18:10:18,997 DEBUG bleak.backends.corebluetooth.CentralManagerDelegate centralManager_didDiscoverPeripheral_advertisementData_RSSI_
2026-03-17 18:10:18,998 DEBUG bleak.backends.corebluetooth.CentralManagerDelegate Discovered device 86DDA426-B077-D1DA-4A2D-66DB6A8A9755: [TV] Samsung 7 Series (49) @ RSSI: -86 (kCBAdvData <nsdict_keys(['kCBAdvDataIsConnectable', 'kCBAdvDataManufacturerData', 'kCBAdvDataRxSecondaryPHY', 'kCBAdvDataTimestamp', 'kCBAdvDataRxPrimaryPHY'])>) and Central: <CBCentralManager: 0x10ce0d4e0>
2026-03-17 18:10:19,024 DEBUG bleak.backends.corebluetooth.CentralManagerDelegate centralManager_didDiscoverPeripheral_advertisementData_RSSI_
2026-03-17 18:10:19,025 DEBUG bleak.backends.corebluetooth.CentralManagerDelegate centralManager_didDiscoverPeripheral_advertisementData_RSSI_
2026-03-17 18:10:19,033 DEBUG bleak.backends.corebluetooth.CentralManagerDelegate centralManager_didDiscoverPeripheral_advertisementData_RSSI_
2026-03-17 18:10:19,033 DEBUG bleak.backends.corebluetooth.CentralManagerDelegate Discovered device 4BBD7E5E-BC3C-9E48-2670-2097317F356A: None @ RSSI: -70 (kCBAdvData <nsdict_keys(['kCBAdvDataIsConnectable', 'kCBAdvDataTimestamp', 'kCBAdvDataManufacturerData', 'kCBAdvDataRxSecondaryPHY', 'kCBAdvDataTxPowerLevel', 'kCBAdvDataRxPrimaryPHY'])>) and Central: <CBCentralManager: 0x10ce0d4e0>
2026-03-17 18:10:19,035 DEBUG bleak.backends.corebluetooth.CentralManagerDelegate Discovered device 4BBD7E5E-BC3C-9E48-2670-2097317F356A: None @ RSSI: -70 (kCBAdvData <nsdict_keys(['kCBAdvDataIsConnectable', 'kCBAdvDataTimestamp', 'kCBAdvDataManufacturerData', 'kCBAdvDataRxSecondaryPHY', 'kCBAdvDataTxPowerLevel', 'kCBAdvDataRxPrimaryPHY'])>) and Central: <CBCentralManager: 0x10ce0d4e0>
2026-03-17 18:10:19,035 DEBUG bleak.backends.corebluetooth.CentralManagerDelegate Discovered device 0B4F923E-74B9-0125-B040-018F0F316148: None @ RSSI: -71 (kCBAdvData <nsdict_keys(['kCBAdvDataIsConnectable', 'kCBAdvDataManufacturerData', 'kCBAdvDataRxSecondaryPHY', 'kCBAdvDataTimestamp', 'kCBAdvDataRxPrimaryPHY'])>) and Central: <CBCentralManager: 0x10ce0d4e0>
2026-03-17 18:10:19,298 DEBUG bleak.backends.corebluetooth.CentralManagerDelegate centralManager_didDiscoverPeripheral_advertisementData_RSSI_
2026-03-17 18:10:19,298 DEBUG bleak.backends.corebluetooth.CentralManagerDelegate Discovered device 91500ADB-F357-BE00-E5E0-1DC52A29C89F: ELK-BLEDOM  0 @ RSSI: -72 (kCBAdvData <nsdict_keys(['kCBAdvDataLocalName', 'kCBAdvDataRxPrimaryPHY', 'kCBAdvDataRxSecondaryPHY', 'kCBAdvDataTimestamp', 'kCBAdvDataIsConnectable'])>) and Central: <CBCentralManager: 0x10ce0d4e0>
2026-03-17 18:10:19,299 DEBUG bleak.backends.corebluetooth.CentralManagerDelegate centralManager_didDiscoverPeripheral_advertisementData_RSSI_
2026-03-17 18:10:19,299 DEBUG bleak.backends.corebluetooth.CentralManagerDelegate Discovered device 91500ADB-F357-BE00-E5E0-1DC52A29C89F: ELK-BLEDOM  0 @ RSSI: -72 (kCBAdvData <nsdict_keys(['kCBAdvDataLocalName', 'kCBAdvDataRxPrimaryPHY', 'kCBAdvDataRxSecondaryPHY', 'kCBAdvDataTimestamp', 'kCBAdvDataIsConnectable'])>) and Central: <CBCentralManager: 0x10ce0d4e0>
2026-03-17 18:10:19,305 DEBUG bleak.backends.corebluetooth.CentralManagerDelegate centralManager_didDiscoverPeripheral_advertisementData_RSSI_
2026-03-17 18:10:19,306 DEBUG bleak.backends.corebluetooth.CentralManagerDelegate centralManager_didDiscoverPeripheral_advertisementData_RSSI_
2026-03-17 18:10:19,306 DEBUG bleak.backends.corebluetooth.CentralManagerDelegate Discovered device 0A33F74D-71C2-5E7A-65D3-61713EED3C31: None @ RSSI: -87 (kCBAdvData <nsdict_keys(['kCBAdvDataIsConnectable', 'kCBAdvDataManufacturerData', 'kCBAdvDataRxSecondaryPHY', 'kCBAdvDataTimestamp', 'kCBAdvDataRxPrimaryPHY'])>) and Central: <CBCentralManager: 0x10ce0d4e0>
2026-03-17 18:10:19,306 DEBUG bleak.backends.corebluetooth.CentralManagerDelegate Discovered device 0A33F74D-71C2-5E7A-65D3-61713EED3C31: None @ RSSI: -87 (kCBAdvData <nsdict_keys(['kCBAdvDataIsConnectable', 'kCBAdvDataManufacturerData', 'kCBAdvDataRxSecondaryPHY', 'kCBAdvDataTimestamp', 'kCBAdvDataRxPrimaryPHY'])>) and Central: <CBCentralManager: 0x10ce0d4e0>
2026-03-17 18:10:19,315 DEBUG bleak.backends.corebluetooth.CentralManagerDelegate centralManager_didDiscoverPeripheral_advertisementData_RSSI_
2026-03-17 18:10:19,315 DEBUG bleak.backends.corebluetooth.CentralManagerDelegate Discovered device ABF72931-1971-06EF-881F-F374D36912C1: None @ RSSI: -55 (kCBAdvData <nsdict_keys(['kCBAdvDataIsConnectable', 'kCBAdvDataManufacturerData', 'kCBAdvDataRxSecondaryPHY', 'kCBAdvDataTimestamp', 'kCBAdvDataRxPrimaryPHY'])>) and Central: <CBCentralManager: 0x10ce0d4e0>
2026-03-17 18:10:19,606 DEBUG bleak.backends.corebluetooth.CentralManagerDelegate centralManager_didDiscoverPeripheral_advertisementData_RSSI_
2026-03-17 18:10:19,606 DEBUG bleak.backends.corebluetooth.CentralManagerDelegate Discovered device 86DDA426-B077-D1DA-4A2D-66DB6A8A9755: [TV] Samsung 7 Series (49) @ RSSI: -90 (kCBAdvData <nsdict_keys(['kCBAdvDataIsConnectable', 'kCBAdvDataManufacturerData', 'kCBAdvDataRxSecondaryPHY', 'kCBAdvDataTimestamp', 'kCBAdvDataRxPrimaryPHY'])>) and Central: <CBCentralManager: 0x10ce0d4e0>
2026-03-17 18:10:19,610 DEBUG bleak.backends.corebluetooth.CentralManagerDelegate centralManager_didDiscoverPeripheral_advertisementData_RSSI_
2026-03-17 18:10:19,611 DEBUG bleak.backends.corebluetooth.CentralManagerDelegate Discovered device 794FD30C-C48D-B15B-332C-1C1A31B019EF: None @ RSSI: -43 (kCBAdvData <nsdict_keys(['kCBAdvDataIsConnectable', 'kCBAdvDataManufacturerData', 'kCBAdvDataRxSecondaryPHY', 'kCBAdvDataTimestamp', 'kCBAdvDataRxPrimaryPHY'])>) and Central: <CBCentralManager: 0x10ce0d4e0>
2026-03-17 18:10:19,619 DEBUG bleak.backends.corebluetooth.CentralManagerDelegate centralManager_didDiscoverPeripheral_advertisementData_RSSI_
2026-03-17 18:10:19,619 DEBUG bleak.backends.corebluetooth.CentralManagerDelegate centralManager_didDiscoverPeripheral_advertisementData_RSSI_
2026-03-17 18:10:19,619 DEBUG bleak.backends.corebluetooth.CentralManagerDelegate Discovered device 91500ADB-F357-BE00-E5E0-1DC52A29C89F: ELK-BLEDOM  0 @ RSSI: -69 (kCBAdvData <nsdict_keys(['kCBAdvDataLocalName', 'kCBAdvDataRxPrimaryPHY', 'kCBAdvDataRxSecondaryPHY', 'kCBAdvDataTimestamp', 'kCBAdvDataIsConnectable'])>) and Central: <CBCentralManager: 0x10ce0d4e0>
2026-03-17 18:10:19,620 DEBUG bleak.backends.corebluetooth.CentralManagerDelegate Discovered device 91500ADB-F357-BE00-E5E0-1DC52A29C89F: ELK-BLEDOM  0 @ RSSI: -69 (kCBAdvData <nsdict_keys(['kCBAdvDataLocalName', 'kCBAdvDataRxPrimaryPHY', 'kCBAdvDataRxSecondaryPHY', 'kCBAdvDataTimestamp', 'kCBAdvDataIsConnectable'])>) and Central: <CBCentralManager: 0x10ce0d4e0>
2026-03-17 18:10:19,906 DEBUG bleak.backends.corebluetooth.CentralManagerDelegate centralManager_didDiscoverPeripheral_advertisementData_RSSI_
2026-03-17 18:10:19,906 DEBUG bleak.backends.corebluetooth.CentralManagerDelegate Discovered device 12268CD3-B6ED-69C4-0DBD-2F05796F3E05: [TV] TV @ RSSI: -65 (kCBAdvData <nsdict_keys(['kCBAdvDataIsConnectable', 'kCBAdvDataManufacturerData', 'kCBAdvDataRxSecondaryPHY', 'kCBAdvDataTimestamp', 'kCBAdvDataRxPrimaryPHY'])>) and Central: <CBCentralManager: 0x10ce0d4e0>
2026-03-17 18:10:19,911 DEBUG bleak.backends.corebluetooth.CentralManagerDelegate centralManager_didDiscoverPeripheral_advertisementData_RSSI_
2026-03-17 18:10:19,912 DEBUG bleak.backends.corebluetooth.CentralManagerDelegate Discovered device 86DDA426-B077-D1DA-4A2D-66DB6A8A9755: [TV] Samsung 7 Series (49) @ RSSI: -86 (kCBAdvData <nsdict_keys(['kCBAdvDataIsConnectable', 'kCBAdvDataManufacturerData', 'kCBAdvDataRxSecondaryPHY', 'kCBAdvDataTimestamp', 'kCBAdvDataRxPrimaryPHY'])>) and Central: <CBCentralManager: 0x10ce0d4e0>
2026-03-17 18:10:20,203 DEBUG bleak.backends.corebluetooth.CentralManagerDelegate centralManager_didDiscoverPeripheral_advertisementData_RSSI_
2026-03-17 18:10:20,204 DEBUG bleak.backends.corebluetooth.CentralManagerDelegate Discovered device B44727D0-ACE2-3F36-1D3A-2B3B1C02B00C: None @ RSSI: -65 (kCBAdvData <nsdict_keys(['kCBAdvDataIsConnectable', 'kCBAdvDataManufacturerData', 'kCBAdvDataRxSecondaryPHY', 'kCBAdvDataTimestamp', 'kCBAdvDataRxPrimaryPHY'])>) and Central: <CBCentralManager: 0x10ce0d4e0>
2026-03-17 18:10:20,507 DEBUG bleak.backends.corebluetooth.CentralManagerDelegate centralManager_didDiscoverPeripheral_advertisementData_RSSI_
2026-03-17 18:10:20,508 DEBUG bleak.backends.corebluetooth.CentralManagerDelegate Discovered device 12268CD3-B6ED-69C4-0DBD-2F05796F3E05: [TV] TV @ RSSI: -63 (kCBAdvData <nsdict_keys(['kCBAdvDataIsConnectable', 'kCBAdvDataManufacturerData', 'kCBAdvDataRxSecondaryPHY', 'kCBAdvDataTimestamp', 'kCBAdvDataRxPrimaryPHY'])>) and Central: <CBCentralManager: 0x10ce0d4e0>
2026-03-17 18:10:20,511 DEBUG bleak.backends.corebluetooth.CentralManagerDelegate centralManager_didDiscoverPeripheral_advertisementData_RSSI_
2026-03-17 18:10:20,511 DEBUG bleak.backends.corebluetooth.CentralManagerDelegate Discovered device 86DDA426-B077-D1DA-4A2D-66DB6A8A9755: [TV] Samsung 7 Series (49) @ RSSI: -89 (kCBAdvData <nsdict_keys(['kCBAdvDataIsConnectable', 'kCBAdvDataManufacturerData', 'kCBAdvDataRxSecondaryPHY', 'kCBAdvDataTimestamp', 'kCBAdvDataRxPrimaryPHY'])>) and Central: <CBCentralManager: 0x10ce0d4e0>
2026-03-17 18:10:20,522 DEBUG bleak.backends.corebluetooth.CentralManagerDelegate centralManager_didDiscoverPeripheral_advertisementData_RSSI_
2026-03-17 18:10:20,523 DEBUG bleak.backends.corebluetooth.CentralManagerDelegate centralManager_didDiscoverPeripheral_advertisementData_RSSI_
2026-03-17 18:10:20,523 DEBUG bleak.backends.corebluetooth.CentralManagerDelegate Discovered device 493ABAA2-42A0-11C9-D28F-907C67F13792: None @ RSSI: -44 (kCBAdvData <nsdict_keys(['kCBAdvDataIsConnectable', 'kCBAdvDataTimestamp', 'kCBAdvDataManufacturerData', 'kCBAdvDataRxSecondaryPHY', 'kCBAdvDataTxPowerLevel', 'kCBAdvDataRxPrimaryPHY'])>) and Central: <CBCentralManager: 0x10ce0d4e0>
2026-03-17 18:10:20,524 DEBUG bleak.backends.corebluetooth.CentralManagerDelegate centralManager_didDiscoverPeripheral_advertisementData_RSSI_
2026-03-17 18:10:20,525 DEBUG bleak.backends.corebluetooth.CentralManagerDelegate Discovered device 493ABAA2-42A0-11C9-D28F-907C67F13792: None @ RSSI: -44 (kCBAdvData <nsdict_keys(['kCBAdvDataIsConnectable', 'kCBAdvDataTimestamp', 'kCBAdvDataManufacturerData', 'kCBAdvDataRxSecondaryPHY', 'kCBAdvDataTxPowerLevel', 'kCBAdvDataRxPrimaryPHY'])>) and Central: <CBCentralManager: 0x10ce0d4e0>
2026-03-17 18:10:20,525 DEBUG bleak.backends.corebluetooth.CentralManagerDelegate Discovered device B44727D0-ACE2-3F36-1D3A-2B3B1C02B00C: None @ RSSI: -61 (kCBAdvData <nsdict_keys(['kCBAdvDataIsConnectable', 'kCBAdvDataManufacturerData', 'kCBAdvDataRxSecondaryPHY', 'kCBAdvDataTimestamp', 'kCBAdvDataRxPrimaryPHY'])>) and Central: <CBCentralManager: 0x10ce0d4e0>
2026-03-17 18:10:20,525 DEBUG bleak.backends.corebluetooth.CentralManagerDelegate centralManager_didDiscoverPeripheral_advertisementData_RSSI_
2026-03-17 18:10:20,526 DEBUG bleak.backends.corebluetooth.CentralManagerDelegate Discovered device 14ADD827-CA00-F4ED-A519-7CBE5AA2A1D7: None @ RSSI: -46 (kCBAdvData <nsdict_keys(['kCBAdvDataIsConnectable', 'kCBAdvDataManufacturerData', 'kCBAdvDataRxSecondaryPHY', 'kCBAdvDataTimestamp', 'kCBAdvDataRxPrimaryPHY'])>) and Central: <CBCentralManager: 0x10ce0d4e0>
2026-03-17 18:10:20,798 DEBUG bleak.backends.corebluetooth.CentralManagerDelegate centralManager_didDiscoverPeripheral_advertisementData_RSSI_
2026-03-17 18:10:20,798 DEBUG bleak.backends.corebluetooth.CentralManagerDelegate Discovered device F64DEABE-F4AD-3CC0-0573-408759FB0400: Bangle.js ac0a @ RSSI: -46 (kCBAdvData <nsdict_keys(['kCBAdvDataManufacturerData', 'kCBAdvDataTimestamp', 'kCBAdvDataIsConnectable', 'kCBAdvDataRxPrimaryPHY', 'kCBAdvDataRxSecondaryPHY', 'kCBAdvDataLocalName', 'kCBAdvDataServiceUUIDs'])>) and Central: <CBCentralManager: 0x10ce0d4e0>
2026-03-17 18:10:20,799 DEBUG bleak.backends.corebluetooth.CentralManagerDelegate centralManager_didDiscoverPeripheral_advertisementData_RSSI_
2026-03-17 18:10:20,799 DEBUG bleak.backends.corebluetooth.CentralManagerDelegate Discovered device F64DEABE-F4AD-3CC0-0573-408759FB0400: Bangle.js ac0a @ RSSI: -46 (kCBAdvData <nsdict_keys(['kCBAdvDataManufacturerData', 'kCBAdvDataTimestamp', 'kCBAdvDataIsConnectable', 'kCBAdvDataRxPrimaryPHY', 'kCBAdvDataRxSecondaryPHY', 'kCBAdvDataLocalName', 'kCBAdvDataServiceUUIDs'])>) and Central: <CBCentralManager: 0x10ce0d4e0>
2026-03-17 18:10:20,812 DEBUG bleak.backends.corebluetooth.CentralManagerDelegate centralManager_didDiscoverPeripheral_advertisementData_RSSI_
2026-03-17 18:10:20,812 DEBUG bleak.backends.corebluetooth.CentralManagerDelegate Discovered device 86DDA426-B077-D1DA-4A2D-66DB6A8A9755: [TV] Samsung 7 Series (49) @ RSSI: -89 (kCBAdvData <nsdict_keys(['kCBAdvDataIsConnectable', 'kCBAdvDataManufacturerData', 'kCBAdvDataRxSecondaryPHY', 'kCBAdvDataTimestamp', 'kCBAdvDataRxPrimaryPHY'])>) and Central: <CBCentralManager: 0x10ce0d4e0>
2026-03-17 18:10:20,820 DEBUG bleak.backends.corebluetooth.CentralManagerDelegate centralManager_didDiscoverPeripheral_advertisementData_RSSI_
2026-03-17 18:10:20,821 DEBUG bleak.backends.corebluetooth.CentralManagerDelegate Discovered device 8B5B5B03-7F32-29C2-BAF6-C3EEEA3A973C: None @ RSSI: -85 (kCBAdvData <nsdict_keys(['kCBAdvDataIsConnectable', 'kCBAdvDataManufacturerData', 'kCBAdvDataRxSecondaryPHY', 'kCBAdvDataTimestamp', 'kCBAdvDataRxPrimaryPHY'])>) and Central: <CBCentralManager: 0x10ce0d4e0>
2026-03-17 18:10:20,834 DEBUG bleak.backends.corebluetooth.CentralManagerDelegate centralManager_didDiscoverPeripheral_advertisementData_RSSI_
2026-03-17 18:10:20,835 DEBUG bleak.backends.corebluetooth.CentralManagerDelegate Discovered device B44727D0-ACE2-3F36-1D3A-2B3B1C02B00C: None @ RSSI: -65 (kCBAdvData <nsdict_keys(['kCBAdvDataIsConnectable', 'kCBAdvDataManufacturerData', 'kCBAdvDataRxSecondaryPHY', 'kCBAdvDataTimestamp', 'kCBAdvDataRxPrimaryPHY'])>) and Central: <CBCentralManager: 0x10ce0d4e0>
2026-03-17 18:10:21,714 DEBUG bleak.backends.corebluetooth.CentralManagerDelegate centralManager_didDiscoverPeripheral_advertisementData_RSSI_
2026-03-17 18:10:21,715 DEBUG bleak.backends.corebluetooth.CentralManagerDelegate centralManager_didDiscoverPeripheral_advertisementData_RSSI_
2026-03-17 18:10:21,715 DEBUG bleak.backends.corebluetooth.CentralManagerDelegate Discovered device 97A9D8BE-4298-0A28-80C1-6F7213FE0D96: Noah’s iPhone @ RSSI: -32 (kCBAdvData <nsdict_keys(['kCBAdvDataIsConnectable', 'kCBAdvDataTimestamp', 'kCBAdvDataManufacturerData', 'kCBAdvDataRxSecondaryPHY', 'kCBAdvDataTxPowerLevel', 'kCBAdvDataRxPrimaryPHY'])>) and Central: <CBCentralManager: 0x10ce0d4e0>
2026-03-17 18:10:21,716 DEBUG bleak.backends.corebluetooth.CentralManagerDelegate Discovered device 97A9D8BE-4298-0A28-80C1-6F7213FE0D96: Noah’s iPhone @ RSSI: -32 (kCBAdvData <nsdict_keys(['kCBAdvDataIsConnectable', 'kCBAdvDataTimestamp', 'kCBAdvDataManufacturerData', 'kCBAdvDataRxSecondaryPHY', 'kCBAdvDataTxPowerLevel', 'kCBAdvDataRxPrimaryPHY'])>) and Central: <CBCentralManager: 0x10ce0d4e0>
2026-03-17 18:10:21,720 DEBUG bleak.backends.corebluetooth.CentralManagerDelegate centralManager_didDiscoverPeripheral_advertisementData_RSSI_
2026-03-17 18:10:21,721 DEBUG bleak.backends.corebluetooth.CentralManagerDelegate Discovered device 581B159E-4557-BA6C-4909-5B756CA34025: None @ RSSI: -71 (kCBAdvData <nsdict_keys(['kCBAdvDataIsConnectable', 'kCBAdvDataManufacturerData', 'kCBAdvDataRxSecondaryPHY', 'kCBAdvDataTimestamp', 'kCBAdvDataRxPrimaryPHY'])>) and Central: <CBCentralManager: 0x10ce0d4e0>
2026-03-17 18:10:21,996 DEBUG bleak.backends.corebluetooth.CentralManagerDelegate centralManager_didDiscoverPeripheral_advertisementData_RSSI_
2026-03-17 18:10:21,997 DEBUG bleak.backends.corebluetooth.CentralManagerDelegate Discovered device 97A9D8BE-4298-0A28-80C1-6F7213FE0D96: Noah’s iPhone @ RSSI: -35 (kCBAdvData <nsdict_keys(['kCBAdvDataIsConnectable', 'kCBAdvDataTimestamp', 'kCBAdvDataManufacturerData', 'kCBAdvDataRxSecondaryPHY', 'kCBAdvDataTxPowerLevel', 'kCBAdvDataRxPrimaryPHY'])>) and Central: <CBCentralManager: 0x10ce0d4e0>
2026-03-17 18:10:21,998 DEBUG bleak.backends.corebluetooth.CentralManagerDelegate centralManager_didDiscoverPeripheral_advertisementData_RSSI_
2026-03-17 18:10:21,998 DEBUG bleak.backends.corebluetooth.CentralManagerDelegate Discovered device 97A9D8BE-4298-0A28-80C1-6F7213FE0D96: Noah’s iPhone @ RSSI: -35 (kCBAdvData <nsdict_keys(['kCBAdvDataIsConnectable', 'kCBAdvDataTimestamp', 'kCBAdvDataManufacturerData', 'kCBAdvDataRxSecondaryPHY', 'kCBAdvDataTxPowerLevel', 'kCBAdvDataRxPrimaryPHY'])>) and Central: <CBCentralManager: 0x10ce0d4e0>
2026-03-17 18:10:22,013 DEBUG bleak.backends.corebluetooth.CentralManagerDelegate centralManager_didDiscoverPeripheral_advertisementData_RSSI_
2026-03-17 18:10:22,013 DEBUG bleak.backends.corebluetooth.CentralManagerDelegate centralManager_didDiscoverPeripheral_advertisementData_RSSI_
2026-03-17 18:10:22,014 DEBUG bleak.backends.corebluetooth.CentralManagerDelegate Discovered device 14ADD827-CA00-F4ED-A519-7CBE5AA2A1D7: None @ RSSI: -69 (kCBAdvData <nsdict_keys(['kCBAdvDataIsConnectable', 'kCBAdvDataManufacturerData', 'kCBAdvDataRxSecondaryPHY', 'kCBAdvDataTimestamp', 'kCBAdvDataRxPrimaryPHY'])>) and Central: <CBCentralManager: 0x10ce0d4e0>
2026-03-17 18:10:22,014 DEBUG bleak.backends.corebluetooth.CentralManagerDelegate Discovered device 14ADD827-CA00-F4ED-A519-7CBE5AA2A1D7: None @ RSSI: -69 (kCBAdvData <nsdict_keys(['kCBAdvDataIsConnectable', 'kCBAdvDataManufacturerData', 'kCBAdvDataRxSecondaryPHY', 'kCBAdvDataTimestamp', 'kCBAdvDataRxPrimaryPHY'])>) and Central: <CBCentralManager: 0x10ce0d4e0>
2026-03-17 18:10:22,021 DEBUG bleak.backends.corebluetooth.CentralManagerDelegate centralManager_didDiscoverPeripheral_advertisementData_RSSI_
2026-03-17 18:10:22,021 DEBUG bleak.backends.corebluetooth.CentralManagerDelegate Discovered device 794FD30C-C48D-B15B-332C-1C1A31B019EF: None @ RSSI: -50 (kCBAdvData <nsdict_keys(['kCBAdvDataIsConnectable', 'kCBAdvDataManufacturerData', 'kCBAdvDataRxSecondaryPHY', 'kCBAdvDataTimestamp', 'kCBAdvDataRxPrimaryPHY'])>) and Central: <CBCentralManager: 0x10ce0d4e0>
2026-03-17 18:10:22,296 DEBUG bleak.backends.corebluetooth.CentralManagerDelegate centralManager_didDiscoverPeripheral_advertisementData_RSSI_
2026-03-17 18:10:22,297 DEBUG bleak.backends.corebluetooth.CentralManagerDelegate centralManager_didDiscoverPeripheral_advertisementData_RSSI_
2026-03-17 18:10:22,298 DEBUG bleak.backends.corebluetooth.CentralManagerDelegate Discovered device 600D5636-4D11-13B0-A98D-68234C053980: None @ RSSI: -70 (kCBAdvData <nsdict_keys(['kCBAdvDataIsConnectable', 'kCBAdvDataManufacturerData', 'kCBAdvDataRxSecondaryPHY', 'kCBAdvDataTimestamp', 'kCBAdvDataRxPrimaryPHY'])>) and Central: <CBCentralManager: 0x10ce0d4e0>
2026-03-17 18:10:22,298 DEBUG bleak.backends.corebluetooth.CentralManagerDelegate Discovered device 600D5636-4D11-13B0-A98D-68234C053980: None @ RSSI: -70 (kCBAdvData <nsdict_keys(['kCBAdvDataIsConnectable', 'kCBAdvDataManufacturerData', 'kCBAdvDataRxSecondaryPHY', 'kCBAdvDataTimestamp', 'kCBAdvDataRxPrimaryPHY'])>) and Central: <CBCentralManager: 0x10ce0d4e0>
2026-03-17 18:10:22,300 DEBUG bleak.backends.corebluetooth.CentralManagerDelegate centralManager_didDiscoverPeripheral_advertisementData_RSSI_
2026-03-17 18:10:22,300 DEBUG bleak.backends.corebluetooth.CentralManagerDelegate Discovered device B44727D0-ACE2-3F36-1D3A-2B3B1C02B00C: None @ RSSI: -61 (kCBAdvData <nsdict_keys(['kCBAdvDataIsConnectable', 'kCBAdvDataManufacturerData', 'kCBAdvDataRxSecondaryPHY', 'kCBAdvDataTimestamp', 'kCBAdvDataRxPrimaryPHY'])>) and Central: <CBCentralManager: 0x10ce0d4e0>
2026-03-17 18:10:22,318 DEBUG bleak.backends.corebluetooth.CentralManagerDelegate centralManager_didDiscoverPeripheral_advertisementData_RSSI_
2026-03-17 18:10:22,318 DEBUG bleak.backends.corebluetooth.CentralManagerDelegate Discovered device 86DDA426-B077-D1DA-4A2D-66DB6A8A9755: [TV] Samsung 7 Series (49) @ RSSI: -89 (kCBAdvData <nsdict_keys(['kCBAdvDataIsConnectable', 'kCBAdvDataManufacturerData', 'kCBAdvDataRxSecondaryPHY', 'kCBAdvDataTimestamp', 'kCBAdvDataRxPrimaryPHY'])>) and Central: <CBCentralManager: 0x10ce0d4e0>
2026-03-17 18:10:22,319 DEBUG bleak.backends.corebluetooth.CentralManagerDelegate centralManager_didDiscoverPeripheral_advertisementData_RSSI_
2026-03-17 18:10:22,319 DEBUG bleak.backends.corebluetooth.CentralManagerDelegate centralManager_didDiscoverPeripheral_advertisementData_RSSI_
2026-03-17 18:10:22,319 DEBUG bleak.backends.corebluetooth.CentralManagerDelegate Discovered device F64DEABE-F4AD-3CC0-0573-408759FB0400: Bangle.js ac0a @ RSSI: -47 (kCBAdvData <nsdict_keys(['kCBAdvDataManufacturerData', 'kCBAdvDataTimestamp', 'kCBAdvDataIsConnectable', 'kCBAdvDataRxPrimaryPHY', 'kCBAdvDataRxSecondaryPHY', 'kCBAdvDataLocalName', 'kCBAdvDataServiceUUIDs'])>) and Central: <CBCentralManager: 0x10ce0d4e0>
2026-03-17 18:10:22,320 DEBUG bleak.backends.corebluetooth.CentralManagerDelegate Discovered device F64DEABE-F4AD-3CC0-0573-408759FB0400: Bangle.js ac0a @ RSSI: -47 (kCBAdvData <nsdict_keys(['kCBAdvDataManufacturerData', 'kCBAdvDataTimestamp', 'kCBAdvDataIsConnectable', 'kCBAdvDataRxPrimaryPHY', 'kCBAdvDataRxSecondaryPHY', 'kCBAdvDataLocalName', 'kCBAdvDataServiceUUIDs'])>) and Central: <CBCentralManager: 0x10ce0d4e0>
2026-03-17 18:10:22,603 DEBUG bleak.backends.corebluetooth.CentralManagerDelegate centralManager_didDiscoverPeripheral_advertisementData_RSSI_
2026-03-17 18:10:22,604 DEBUG bleak.backends.corebluetooth.CentralManagerDelegate Discovered device 0A017875-33D8-559A-04D8-795EBA34E288: None @ RSSI: -92 (kCBAdvData <nsdict_keys(['kCBAdvDataIsConnectable', 'kCBAdvDataTimestamp', 'kCBAdvDataManufacturerData', 'kCBAdvDataRxSecondaryPHY', 'kCBAdvDataTxPowerLevel', 'kCBAdvDataRxPrimaryPHY'])>) and Central: <CBCentralManager: 0x10ce0d4e0>
2026-03-17 18:10:22,613 DEBUG bleak.backends.corebluetooth.CentralManagerDelegate centralManager_didDiscoverPeripheral_advertisementData_RSSI_
2026-03-17 18:10:22,614 DEBUG bleak.backends.corebluetooth.CentralManagerDelegate Discovered device B44727D0-ACE2-3F36-1D3A-2B3B1C02B00C: None @ RSSI: -65 (kCBAdvData <nsdict_keys(['kCBAdvDataIsConnectable', 'kCBAdvDataManufacturerData', 'kCBAdvDataRxSecondaryPHY', 'kCBAdvDataTimestamp', 'kCBAdvDataRxPrimaryPHY'])>) and Central: <CBCentralManager: 0x10ce0d4e0>
2026-03-17 18:10:22,926 DEBUG bleak.backends.corebluetooth.CentralManagerDelegate centralManager_didDiscoverPeripheral_advertisementData_RSSI_
2026-03-17 18:10:22,927 DEBUG bleak.backends.corebluetooth.CentralManagerDelegate Discovered device B44727D0-ACE2-3F36-1D3A-2B3B1C02B00C: None @ RSSI: -66 (kCBAdvData <nsdict_keys(['kCBAdvDataIsConnectable', 'kCBAdvDataManufacturerData', 'kCBAdvDataRxSecondaryPHY', 'kCBAdvDataTimestamp', 'kCBAdvDataRxPrimaryPHY'])>) and Central: <CBCentralManager: 0x10ce0d4e0>
2026-03-17 18:10:23,220 DEBUG bleak.backends.corebluetooth.CentralManagerDelegate centralManager_didDiscoverPeripheral_advertisementData_RSSI_
2026-03-17 18:10:23,222 DEBUG bleak.backends.corebluetooth.CentralManagerDelegate Discovered device 86DDA426-B077-D1DA-4A2D-66DB6A8A9755: [TV] Samsung 7 Series (49) @ RSSI: -90 (kCBAdvData <nsdict_keys(['kCBAdvDataIsConnectable', 'kCBAdvDataManufacturerData', 'kCBAdvDataRxSecondaryPHY', 'kCBAdvDataTimestamp', 'kCBAdvDataRxPrimaryPHY'])>) and Central: <CBCentralManager: 0x10ce0d4e0>
2026-03-17 18:10:23,511 DEBUG bleak.backends.corebluetooth.CentralManagerDelegate centralManager_didDiscoverPeripheral_advertisementData_RSSI_
2026-03-17 18:10:23,511 DEBUG bleak.backends.corebluetooth.CentralManagerDelegate centralManager_didDiscoverPeripheral_advertisementData_RSSI_
2026-03-17 18:10:23,512 DEBUG bleak.backends.corebluetooth.CentralManagerDelegate Discovered device 14ADD827-CA00-F4ED-A519-7CBE5AA2A1D7: None @ RSSI: -56 (kCBAdvData <nsdict_keys(['kCBAdvDataIsConnectable', 'kCBAdvDataManufacturerData', 'kCBAdvDataRxSecondaryPHY', 'kCBAdvDataTimestamp', 'kCBAdvDataRxPrimaryPHY'])>) and Central: <CBCentralManager: 0x10ce0d4e0>
2026-03-17 18:10:23,513 DEBUG bleak.backends.corebluetooth.CentralManagerDelegate Discovered device 14ADD827-CA00-F4ED-A519-7CBE5AA2A1D7: None @ RSSI: -56 (kCBAdvData <nsdict_keys(['kCBAdvDataIsConnectable', 'kCBAdvDataManufacturerData', 'kCBAdvDataRxSecondaryPHY', 'kCBAdvDataTimestamp', 'kCBAdvDataRxPrimaryPHY'])>) and Central: <CBCentralManager: 0x10ce0d4e0>
2026-03-17 18:10:23,514 DEBUG bleak.backends.corebluetooth.CentralManagerDelegate centralManager_didDiscoverPeripheral_advertisementData_RSSI_
2026-03-17 18:10:23,515 DEBUG bleak.backends.corebluetooth.CentralManagerDelegate Discovered device 794FD30C-C48D-B15B-332C-1C1A31B019EF: None @ RSSI: -46 (kCBAdvData <nsdict_keys(['kCBAdvDataIsConnectable', 'kCBAdvDataManufacturerData', 'kCBAdvDataRxSecondaryPHY', 'kCBAdvDataTimestamp', 'kCBAdvDataRxPrimaryPHY'])>) and Central: <CBCentralManager: 0x10ce0d4e0>
2026-03-17 18:10:23,523 DEBUG bleak.backends.corebluetooth.CentralManagerDelegate centralManager_didDiscoverPeripheral_advertisementData_RSSI_
2026-03-17 18:10:23,523 DEBUG bleak.backends.corebluetooth.CentralManagerDelegate Discovered device 86DDA426-B077-D1DA-4A2D-66DB6A8A9755: [TV] Samsung 7 Series (49) @ RSSI: -90 (kCBAdvData <nsdict_keys(['kCBAdvDataIsConnectable', 'kCBAdvDataManufacturerData', 'kCBAdvDataRxSecondaryPHY', 'kCBAdvDataTimestamp', 'kCBAdvDataRxPrimaryPHY'])>) and Central: <CBCentralManager: 0x10ce0d4e0>
2026-03-17 18:10:23,532 DEBUG bleak.backends.corebluetooth.CentralManagerDelegate centralManager_didDiscoverPeripheral_advertisementData_RSSI_
2026-03-17 18:10:23,532 DEBUG bleak.backends.corebluetooth.CentralManagerDelegate Discovered device 09AD2A89-0D8D-A1E6-76B7-924F6E2A1F51: None @ RSSI: -57 (kCBAdvData <nsdict_keys(['kCBAdvDataIsConnectable', 'kCBAdvDataManufacturerData', 'kCBAdvDataRxSecondaryPHY', 'kCBAdvDataTimestamp', 'kCBAdvDataRxPrimaryPHY'])>) and Central: <CBCentralManager: 0x10ce0d4e0>
2026-03-17 18:10:23,814 DEBUG bleak.backends.corebluetooth.CentralManagerDelegate centralManager_didDiscoverPeripheral_advertisementData_RSSI_
2026-03-17 18:10:23,815 DEBUG bleak.backends.corebluetooth.CentralManagerDelegate Discovered device 14ADD827-CA00-F4ED-A519-7CBE5AA2A1D7: None @ RSSI: -51 (kCBAdvData <nsdict_keys(['kCBAdvDataIsConnectable', 'kCBAdvDataManufacturerData', 'kCBAdvDataRxSecondaryPHY', 'kCBAdvDataTimestamp', 'kCBAdvDataRxPrimaryPHY'])>) and Central: <CBCentralManager: 0x10ce0d4e0>
2026-03-17 18:10:23,815 DEBUG bleak.backends.corebluetooth.CentralManagerDelegate centralManager_didDiscoverPeripheral_advertisementData_RSSI_
2026-03-17 18:10:23,816 DEBUG bleak.backends.corebluetooth.CentralManagerDelegate Discovered device 14ADD827-CA00-F4ED-A519-7CBE5AA2A1D7: None @ RSSI: -51 (kCBAdvData <nsdict_keys(['kCBAdvDataIsConnectable', 'kCBAdvDataManufacturerData', 'kCBAdvDataRxSecondaryPHY', 'kCBAdvDataTimestamp', 'kCBAdvDataRxPrimaryPHY'])>) and Central: <CBCentralManager: 0x10ce0d4e0>
2026-03-17 18:10:23,824 DEBUG bleak.backends.corebluetooth.CentralManagerDelegate centralManager_didDiscoverPeripheral_advertisementData_RSSI_
2026-03-17 18:10:23,824 DEBUG bleak.backends.corebluetooth.CentralManagerDelegate Discovered device 493ABAA2-42A0-11C9-D28F-907C67F13792: None @ RSSI: -48 (kCBAdvData <nsdict_keys(['kCBAdvDataIsConnectable', 'kCBAdvDataTimestamp', 'kCBAdvDataManufacturerData', 'kCBAdvDataRxSecondaryPHY', 'kCBAdvDataTxPowerLevel', 'kCBAdvDataRxPrimaryPHY'])>) and Central: <CBCentralManager: 0x10ce0d4e0>
2026-03-17 18:10:23,824 DEBUG bleak.backends.corebluetooth.CentralManagerDelegate centralManager_didDiscoverPeripheral_advertisementData_RSSI_
2026-03-17 18:10:23,825 DEBUG bleak.backends.corebluetooth.CentralManagerDelegate Discovered device 493ABAA2-42A0-11C9-D28F-907C67F13792: None @ RSSI: -48 (kCBAdvData <nsdict_keys(['kCBAdvDataIsConnectable', 'kCBAdvDataTimestamp', 'kCBAdvDataManufacturerData', 'kCBAdvDataRxSecondaryPHY', 'kCBAdvDataTxPowerLevel', 'kCBAdvDataRxPrimaryPHY'])>) and Central: <CBCentralManager: 0x10ce0d4e0>
2026-03-17 18:10:24,101 DEBUG bleak.backends.corebluetooth.CentralManagerDelegate centralManager_didDiscoverPeripheral_advertisementData_RSSI_
2026-03-17 18:10:24,102 DEBUG bleak.backends.corebluetooth.CentralManagerDelegate centralManager_didDiscoverPeripheral_advertisementData_RSSI_
2026-03-17 18:10:24,102 DEBUG bleak.backends.corebluetooth.CentralManagerDelegate Discovered device 493ABAA2-42A0-11C9-D28F-907C67F13792: None @ RSSI: -46 (kCBAdvData <nsdict_keys(['kCBAdvDataIsConnectable', 'kCBAdvDataTimestamp', 'kCBAdvDataManufacturerData', 'kCBAdvDataRxSecondaryPHY', 'kCBAdvDataTxPowerLevel', 'kCBAdvDataRxPrimaryPHY'])>) and Central: <CBCentralManager: 0x10ce0d4e0>
2026-03-17 18:10:24,103 DEBUG bleak.backends.corebluetooth.CentralManagerDelegate Discovered device 493ABAA2-42A0-11C9-D28F-907C67F13792: None @ RSSI: -46 (kCBAdvData <nsdict_keys(['kCBAdvDataIsConnectable', 'kCBAdvDataTimestamp', 'kCBAdvDataManufacturerData', 'kCBAdvDataRxSecondaryPHY', 'kCBAdvDataTxPowerLevel', 'kCBAdvDataRxPrimaryPHY'])>) and Central: <CBCentralManager: 0x10ce0d4e0>
2026-03-17 18:10:24,106 DEBUG bleak.backends.corebluetooth.CentralManagerDelegate centralManager_didDiscoverPeripheral_advertisementData_RSSI_
2026-03-17 18:10:24,106 DEBUG bleak.backends.corebluetooth.CentralManagerDelegate centralManager_didDiscoverPeripheral_advertisementData_RSSI_
2026-03-17 18:10:24,107 DEBUG bleak.backends.corebluetooth.CentralManagerDelegate Discovered device 14ADD827-CA00-F4ED-A519-7CBE5AA2A1D7: None @ RSSI: -64 (kCBAdvData <nsdict_keys(['kCBAdvDataIsConnectable', 'kCBAdvDataManufacturerData', 'kCBAdvDataRxSecondaryPHY', 'kCBAdvDataTimestamp', 'kCBAdvDataRxPrimaryPHY'])>) and Central: <CBCentralManager: 0x10ce0d4e0>
2026-03-17 18:10:24,107 DEBUG bleak.backends.corebluetooth.CentralManagerDelegate Discovered device 14ADD827-CA00-F4ED-A519-7CBE5AA2A1D7: None @ RSSI: -64 (kCBAdvData <nsdict_keys(['kCBAdvDataIsConnectable', 'kCBAdvDataManufacturerData', 'kCBAdvDataRxSecondaryPHY', 'kCBAdvDataTimestamp', 'kCBAdvDataRxPrimaryPHY'])>) and Central: <CBCentralManager: 0x10ce0d4e0>
2026-03-17 18:10:24,121 DEBUG bleak.backends.corebluetooth.CentralManagerDelegate centralManager_didDiscoverPeripheral_advertisementData_RSSI_
2026-03-17 18:10:24,121 DEBUG bleak.backends.corebluetooth.CentralManagerDelegate centralManager_didDiscoverPeripheral_advertisementData_RSSI_
2026-03-17 18:10:24,122 DEBUG bleak.backends.corebluetooth.CentralManagerDelegate Discovered device E1419538-AEB1-6449-3E06-52F432D4D9B1: None @ RSSI: -46 (kCBAdvData <nsdict_keys(['kCBAdvDataIsConnectable', 'kCBAdvDataTimestamp', 'kCBAdvDataManufacturerData', 'kCBAdvDataRxSecondaryPHY', 'kCBAdvDataTxPowerLevel', 'kCBAdvDataRxPrimaryPHY'])>) and Central: <CBCentralManager: 0x10ce0d4e0>
2026-03-17 18:10:24,123 DEBUG bleak.backends.corebluetooth.CentralManagerDelegate Discovered device E1419538-AEB1-6449-3E06-52F432D4D9B1: None @ RSSI: -46 (kCBAdvData <nsdict_keys(['kCBAdvDataIsConnectable', 'kCBAdvDataTimestamp', 'kCBAdvDataManufacturerData', 'kCBAdvDataRxSecondaryPHY', 'kCBAdvDataTxPowerLevel', 'kCBAdvDataRxPrimaryPHY'])>) and Central: <CBCentralManager: 0x10ce0d4e0>
2026-03-17 18:10:24,129 DEBUG bleak.backends.corebluetooth.CentralManagerDelegate centralManager_didDiscoverPeripheral_advertisementData_RSSI_
2026-03-17 18:10:24,130 DEBUG bleak.backends.corebluetooth.CentralManagerDelegate Discovered device 86DDA426-B077-D1DA-4A2D-66DB6A8A9755: [TV] Samsung 7 Series (49) @ RSSI: -89 (kCBAdvData <nsdict_keys(['kCBAdvDataIsConnectable', 'kCBAdvDataManufacturerData', 'kCBAdvDataRxSecondaryPHY', 'kCBAdvDataTimestamp', 'kCBAdvDataRxPrimaryPHY'])>) and Central: <CBCentralManager: 0x10ce0d4e0>
2026-03-17 18:10:24,410 DEBUG bleak.backends.corebluetooth.CentralManagerDelegate centralManager_didDiscoverPeripheral_advertisementData_RSSI_
2026-03-17 18:10:24,411 DEBUG bleak.backends.corebluetooth.CentralManagerDelegate centralManager_didDiscoverPeripheral_advertisementData_RSSI_
2026-03-17 18:10:24,411 DEBUG bleak.backends.corebluetooth.CentralManagerDelegate Discovered device E1419538-AEB1-6449-3E06-52F432D4D9B1: None @ RSSI: -45 (kCBAdvData <nsdict_keys(['kCBAdvDataIsConnectable', 'kCBAdvDataTimestamp', 'kCBAdvDataManufacturerData', 'kCBAdvDataRxSecondaryPHY', 'kCBAdvDataTxPowerLevel', 'kCBAdvDataRxPrimaryPHY'])>) and Central: <CBCentralManager: 0x10ce0d4e0>
2026-03-17 18:10:24,412 DEBUG bleak.backends.corebluetooth.CentralManagerDelegate Discovered device E1419538-AEB1-6449-3E06-52F432D4D9B1: None @ RSSI: -45 (kCBAdvData <nsdict_keys(['kCBAdvDataIsConnectable', 'kCBAdvDataTimestamp', 'kCBAdvDataManufacturerData', 'kCBAdvDataRxSecondaryPHY', 'kCBAdvDataTxPowerLevel', 'kCBAdvDataRxPrimaryPHY'])>) and Central: <CBCentralManager: 0x10ce0d4e0>
2026-03-17 18:10:24,693 DEBUG bleak.backends.corebluetooth.CentralManagerDelegate centralManager_didDiscoverPeripheral_advertisementData_RSSI_
2026-03-17 18:10:24,700 DEBUG bleak.backends.corebluetooth.CentralManagerDelegate Discovered device 12268CD3-B6ED-69C4-0DBD-2F05796F3E05: [TV] TV @ RSSI: -73 (kCBAdvData <nsdict_keys(['kCBAdvDataIsConnectable', 'kCBAdvDataManufacturerData', 'kCBAdvDataRxSecondaryPHY', 'kCBAdvDataTimestamp', 'kCBAdvDataRxPrimaryPHY'])>) and Central: <CBCentralManager: 0x10ce0d4e0>
2026-03-17 18:10:24,703 DEBUG bleak.backends.corebluetooth.CentralManagerDelegate centralManager_didDiscoverPeripheral_advertisementData_RSSI_
2026-03-17 18:10:24,704 DEBUG bleak.backends.corebluetooth.CentralManagerDelegate Discovered device B44727D0-ACE2-3F36-1D3A-2B3B1C02B00C: None @ RSSI: -64 (kCBAdvData <nsdict_keys(['kCBAdvDataIsConnectable', 'kCBAdvDataManufacturerData', 'kCBAdvDataRxSecondaryPHY', 'kCBAdvDataTimestamp', 'kCBAdvDataRxPrimaryPHY'])>) and Central: <CBCentralManager: 0x10ce0d4e0>
2026-03-17 18:10:24,726 DEBUG bleak.backends.corebluetooth.CentralManagerDelegate centralManager_didDiscoverPeripheral_advertisementData_RSSI_
2026-03-17 18:10:24,727 DEBUG bleak.backends.corebluetooth.CentralManagerDelegate centralManager_didDiscoverPeripheral_advertisementData_RSSI_
2026-03-17 18:10:24,728 DEBUG bleak.backends.corebluetooth.CentralManagerDelegate Discovered device 14ADD827-CA00-F4ED-A519-7CBE5AA2A1D7: None @ RSSI: -48 (kCBAdvData <nsdict_keys(['kCBAdvDataIsConnectable', 'kCBAdvDataManufacturerData', 'kCBAdvDataRxSecondaryPHY', 'kCBAdvDataTimestamp', 'kCBAdvDataRxPrimaryPHY'])>) and Central: <CBCentralManager: 0x10ce0d4e0>
2026-03-17 18:10:24,728 DEBUG bleak.backends.corebluetooth.CentralManagerDelegate centralManager_didDiscoverPeripheral_advertisementData_RSSI_
2026-03-17 18:10:24,729 DEBUG bleak.backends.corebluetooth.CentralManagerDelegate Discovered device 14ADD827-CA00-F4ED-A519-7CBE5AA2A1D7: None @ RSSI: -48 (kCBAdvData <nsdict_keys(['kCBAdvDataIsConnectable', 'kCBAdvDataManufacturerData', 'kCBAdvDataRxSecondaryPHY', 'kCBAdvDataTimestamp', 'kCBAdvDataRxPrimaryPHY'])>) and Central: <CBCentralManager: 0x10ce0d4e0>
2026-03-17 18:10:24,729 DEBUG bleak.backends.corebluetooth.CentralManagerDelegate centralManager_didDiscoverPeripheral_advertisementData_RSSI_
2026-03-17 18:10:24,730 DEBUG bleak.backends.corebluetooth.CentralManagerDelegate Discovered device 91500ADB-F357-BE00-E5E0-1DC52A29C89F: ELK-BLEDOM  0 @ RSSI: -75 (kCBAdvData <nsdict_keys(['kCBAdvDataLocalName', 'kCBAdvDataRxPrimaryPHY', 'kCBAdvDataRxSecondaryPHY', 'kCBAdvDataTimestamp', 'kCBAdvDataIsConnectable'])>) and Central: <CBCentralManager: 0x10ce0d4e0>
2026-03-17 18:10:24,731 DEBUG bleak.backends.corebluetooth.CentralManagerDelegate Discovered device 91500ADB-F357-BE00-E5E0-1DC52A29C89F: ELK-BLEDOM  0 @ RSSI: -75 (kCBAdvData <nsdict_keys(['kCBAdvDataLocalName', 'kCBAdvDataRxPrimaryPHY', 'kCBAdvDataRxSecondaryPHY', 'kCBAdvDataTimestamp', 'kCBAdvDataIsConnectable'])>) and Central: <CBCentralManager: 0x10ce0d4e0>
2026-03-17 18:10:24,992 DEBUG bleak.backends.corebluetooth.CentralManagerDelegate centralManager_didDiscoverPeripheral_advertisementData_RSSI_
2026-03-17 18:10:24,993 DEBUG bleak.backends.corebluetooth.CentralManagerDelegate centralManager_didDiscoverPeripheral_advertisementData_RSSI_
2026-03-17 18:10:24,993 DEBUG bleak.backends.corebluetooth.CentralManagerDelegate Discovered device F64DEABE-F4AD-3CC0-0573-408759FB0400: Bangle.js ac0a @ RSSI: -47 (kCBAdvData <nsdict_keys(['kCBAdvDataManufacturerData', 'kCBAdvDataTimestamp', 'kCBAdvDataIsConnectable', 'kCBAdvDataRxPrimaryPHY', 'kCBAdvDataRxSecondaryPHY', 'kCBAdvDataLocalName', 'kCBAdvDataServiceUUIDs'])>) and Central: <CBCentralManager: 0x10ce0d4e0>
2026-03-17 18:10:24,995 DEBUG bleak.backends.corebluetooth.CentralManagerDelegate Discovered device F64DEABE-F4AD-3CC0-0573-408759FB0400: Bangle.js ac0a @ RSSI: -47 (kCBAdvData <nsdict_keys(['kCBAdvDataManufacturerData', 'kCBAdvDataTimestamp', 'kCBAdvDataIsConnectable', 'kCBAdvDataRxPrimaryPHY', 'kCBAdvDataRxSecondaryPHY', 'kCBAdvDataLocalName', 'kCBAdvDataServiceUUIDs'])>) and Central: <CBCentralManager: 0x10ce0d4e0>
2026-03-17 18:10:24,997 DEBUG bleak.backends.corebluetooth.CentralManagerDelegate centralManager_didDiscoverPeripheral_advertisementData_RSSI_
2026-03-17 18:10:24,997 DEBUG bleak.backends.corebluetooth.CentralManagerDelegate Discovered device 12268CD3-B6ED-69C4-0DBD-2F05796F3E05: [TV] TV @ RSSI: -66 (kCBAdvData <nsdict_keys(['kCBAdvDataIsConnectable', 'kCBAdvDataManufacturerData', 'kCBAdvDataRxSecondaryPHY', 'kCBAdvDataTimestamp', 'kCBAdvDataRxPrimaryPHY'])>) and Central: <CBCentralManager: 0x10ce0d4e0>
2026-03-17 18:10:25,008 DEBUG bleak.backends.corebluetooth.CentralManagerDelegate centralManager_didDiscoverPeripheral_advertisementData_RSSI_
2026-03-17 18:10:25,009 DEBUG bleak.backends.corebluetooth.CentralManagerDelegate centralManager_didDiscoverPeripheral_advertisementData_RSSI_
2026-03-17 18:10:25,009 DEBUG bleak.backends.corebluetooth.CentralManagerDelegate Discovered device 14ADD827-CA00-F4ED-A519-7CBE5AA2A1D7: None @ RSSI: -53 (kCBAdvData <nsdict_keys(['kCBAdvDataIsConnectable', 'kCBAdvDataManufacturerData', 'kCBAdvDataRxSecondaryPHY', 'kCBAdvDataTimestamp', 'kCBAdvDataRxPrimaryPHY'])>) and Central: <CBCentralManager: 0x10ce0d4e0>
2026-03-17 18:10:25,010 DEBUG bleak.backends.corebluetooth.CentralManagerDelegate centralManager_didDiscoverPeripheral_advertisementData_RSSI_
2026-03-17 18:10:25,011 DEBUG bleak.backends.corebluetooth.CentralManagerDelegate Discovered device 14ADD827-CA00-F4ED-A519-7CBE5AA2A1D7: None @ RSSI: -53 (kCBAdvData <nsdict_keys(['kCBAdvDataIsConnectable', 'kCBAdvDataManufacturerData', 'kCBAdvDataRxSecondaryPHY', 'kCBAdvDataTimestamp', 'kCBAdvDataRxPrimaryPHY'])>) and Central: <CBCentralManager: 0x10ce0d4e0>
2026-03-17 18:10:25,011 DEBUG bleak.backends.corebluetooth.CentralManagerDelegate Discovered device B44727D0-ACE2-3F36-1D3A-2B3B1C02B00C: None @ RSSI: -61 (kCBAdvData <nsdict_keys(['kCBAdvDataIsConnectable', 'kCBAdvDataManufacturerData', 'kCBAdvDataRxSecondaryPHY', 'kCBAdvDataTimestamp', 'kCBAdvDataRxPrimaryPHY'])>) and Central: <CBCentralManager: 0x10ce0d4e0>
2026-03-17 18:10:25,011 DEBUG bleak.backends.corebluetooth.CentralManagerDelegate centralManager_didDiscoverPeripheral_advertisementData_RSSI_
2026-03-17 18:10:25,011 DEBUG bleak.backends.corebluetooth.CentralManagerDelegate centralManager_didDiscoverPeripheral_advertisementData_RSSI_
2026-03-17 18:10:25,012 DEBUG bleak.backends.corebluetooth.CentralManagerDelegate Discovered device 97A9D8BE-4298-0A28-80C1-6F7213FE0D96: Noah’s iPhone @ RSSI: -32 (kCBAdvData <nsdict_keys(['kCBAdvDataIsConnectable', 'kCBAdvDataTimestamp', 'kCBAdvDataManufacturerData', 'kCBAdvDataRxSecondaryPHY', 'kCBAdvDataTxPowerLevel', 'kCBAdvDataRxPrimaryPHY'])>) and Central: <CBCentralManager: 0x10ce0d4e0>
2026-03-17 18:10:25,012 DEBUG bleak.backends.corebluetooth.CentralManagerDelegate Discovered device 97A9D8BE-4298-0A28-80C1-6F7213FE0D96: Noah’s iPhone @ RSSI: -32 (kCBAdvData <nsdict_keys(['kCBAdvDataIsConnectable', 'kCBAdvDataTimestamp', 'kCBAdvDataManufacturerData', 'kCBAdvDataRxSecondaryPHY', 'kCBAdvDataTxPowerLevel', 'kCBAdvDataRxPrimaryPHY'])>) and Central: <CBCentralManager: 0x10ce0d4e0>
2026-03-17 18:10:25,293 DEBUG bleak.backends.corebluetooth.CentralManagerDelegate centralManager_didDiscoverPeripheral_advertisementData_RSSI_
2026-03-17 18:10:25,293 DEBUG bleak.backends.corebluetooth.CentralManagerDelegate centralManager_didDiscoverPeripheral_advertisementData_RSSI_
2026-03-17 18:10:25,294 DEBUG bleak.backends.corebluetooth.CentralManagerDelegate Discovered device 97A9D8BE-4298-0A28-80C1-6F7213FE0D96: Noah’s iPhone @ RSSI: -32 (kCBAdvData <nsdict_keys(['kCBAdvDataIsConnectable', 'kCBAdvDataTimestamp', 'kCBAdvDataManufacturerData', 'kCBAdvDataRxSecondaryPHY', 'kCBAdvDataTxPowerLevel', 'kCBAdvDataRxPrimaryPHY'])>) and Central: <CBCentralManager: 0x10ce0d4e0>
2026-03-17 18:10:25,295 DEBUG bleak.backends.corebluetooth.CentralManagerDelegate Discovered device 97A9D8BE-4298-0A28-80C1-6F7213FE0D96: Noah’s iPhone @ RSSI: -32 (kCBAdvData <nsdict_keys(['kCBAdvDataIsConnectable', 'kCBAdvDataTimestamp', 'kCBAdvDataManufacturerData', 'kCBAdvDataRxSecondaryPHY', 'kCBAdvDataTxPowerLevel', 'kCBAdvDataRxPrimaryPHY'])>) and Central: <CBCentralManager: 0x10ce0d4e0>
2026-03-17 18:10:25,579 DEBUG bleak.backends.corebluetooth.CentralManagerDelegate centralManager_didDiscoverPeripheral_advertisementData_RSSI_
2026-03-17 18:10:25,580 DEBUG bleak.backends.corebluetooth.CentralManagerDelegate Discovered device 14ADD827-CA00-F4ED-A519-7CBE5AA2A1D7: None @ RSSI: -56 (kCBAdvData <nsdict_keys(['kCBAdvDataIsConnectable', 'kCBAdvDataManufacturerData', 'kCBAdvDataRxSecondaryPHY', 'kCBAdvDataTimestamp', 'kCBAdvDataRxPrimaryPHY'])>) and Central: <CBCentralManager: 0x10ce0d4e0>
2026-03-17 18:10:25,581 DEBUG bleak.backends.corebluetooth.CentralManagerDelegate centralManager_didDiscoverPeripheral_advertisementData_RSSI_
2026-03-17 18:10:25,581 DEBUG bleak.backends.corebluetooth.CentralManagerDelegate Discovered device 14ADD827-CA00-F4ED-A519-7CBE5AA2A1D7: None @ RSSI: -56 (kCBAdvData <nsdict_keys(['kCBAdvDataIsConnectable', 'kCBAdvDataManufacturerData', 'kCBAdvDataRxSecondaryPHY', 'kCBAdvDataTimestamp', 'kCBAdvDataRxPrimaryPHY'])>) and Central: <CBCentralManager: 0x10ce0d4e0>
2026-03-17 18:10:25,777 DEBUG bleak.backends.corebluetooth.CentralManagerDelegate 'isScanning' changed
2026-03-17 18:10:25,777 INFO sleep_receiver scan: selected Bangle.js ac0a (F64DEABE-F4AD-3CC0-0573-408759FB0400) rssi=-47
2026-03-17 18:10:25,778 INFO sleep_receiver ble: connecting to F64DEABE-F4AD-3CC0-0573-408759FB0400
2026-03-17 18:10:25,792 DEBUG bleak.backends.corebluetooth.client CentralManagerDelegate  at <CentralManagerDelegate: 0x10ce13ab0>
2026-03-17 18:10:25,792 DEBUG bleak.backends.corebluetooth.client Connecting to BLE device @ F64DEABE-F4AD-3CC0-0573-408759FB0400
2026-03-17 18:10:26,451 DEBUG bleak.backends.corebluetooth.CentralManagerDelegate centralManager_didConnectPeripheral_
2026-03-17 18:10:26,451 DEBUG bleak.backends.corebluetooth.client Retrieving services...
2026-03-17 18:10:26,495 DEBUG bleak.backends.corebluetooth.PeripheralDelegate peripheral_didDiscoverServices_
2026-03-17 18:10:26,496 DEBUG bleak.backends.corebluetooth.PeripheralDelegate Services discovered
2026-03-17 18:10:26,496 DEBUG bleak.backends.corebluetooth.client Retrieving characteristics for service 6E400001-B5A3-F393-E0A9-E50E24DCCA9E
2026-03-17 18:10:26,496 DEBUG bleak.backends.corebluetooth.PeripheralDelegate peripheral_didDiscoverCharacteristicsForService_error_
2026-03-17 18:10:26,497 DEBUG bleak.backends.corebluetooth.PeripheralDelegate Characteristics discovered
2026-03-17 18:10:26,497 DEBUG bleak.backends.corebluetooth.client Retrieving descriptors for characteristic 6E400002-B5A3-F393-E0A9-E50E24DCCA9E
2026-03-17 18:10:26,497 DEBUG bleak.backends.corebluetooth.PeripheralDelegate peripheral_didDiscoverDescriptorsForCharacteristic_error_
2026-03-17 18:10:26,497 DEBUG bleak.backends.corebluetooth.PeripheralDelegate Descriptor discovered 12
2026-03-17 18:10:26,498 DEBUG bleak.backends.corebluetooth.client Retrieving descriptors for characteristic 6E400003-B5A3-F393-E0A9-E50E24DCCA9E
2026-03-17 18:10:26,498 DEBUG bleak.backends.corebluetooth.PeripheralDelegate peripheral_didDiscoverDescriptorsForCharacteristic_error_
2026-03-17 18:10:26,498 DEBUG bleak.backends.corebluetooth.PeripheralDelegate Descriptor discovered 14
2026-03-17 18:10:26,498 DEBUG bleak.backends.corebluetooth.client Services resolved for BleakClientCoreBluetooth (F64DEABE-F4AD-3CC0-0573-408759FB0400)
2026-03-17 18:10:27,499 WARNING sleep_receiver ble: custom characteristic missing, falling back to UART notify (6e400003-b5a3-f393-e0a9-e50e24dcca9e)
2026-03-17 18:10:27,500 INFO sleep_receiver gatt: service 6e400001-b5a3-f393-e0a9-e50e24dcca9e
2026-03-17 18:10:27,500 INFO sleep_receiver gatt:   char 6e400002-b5a3-f393-e0a9-e50e24dcca9e props=write-without-response,write
2026-03-17 18:10:27,500 INFO sleep_receiver gatt:   char 6e400003-b5a3-f393-e0a9-e50e24dcca9e props=notify
2026-03-17 18:10:27,515 DEBUG bleak.backends.corebluetooth.PeripheralDelegate peripheral_didUpdateNotificationStateForCharacteristic_error_
2026-03-17 18:10:27,515 DEBUG bleak.backends.corebluetooth.PeripheralDelegate Character Notify Update
2026-03-17 18:10:27,515 INFO sleep_receiver ble: subscribed to UART fallback notifications
2026-03-17 18:10:28,656 DEBUG bleak.backends.corebluetooth.PeripheralDelegate peripheral_didUpdateValueForCharacteristic_error_
2026-03-17 18:10:28,678 DEBUG bleak.backends.corebluetooth.PeripheralDelegate peripheral_didUpdateValueForCharacteristic_error_
2026-03-17 18:10:30,911 DEBUG bleak.backends.corebluetooth.PeripheralDelegate peripheral_didUpdateValueForCharacteristic_error_
2026-03-17 18:10:30,935 DEBUG bleak.backends.corebluetooth.PeripheralDelegate peripheral_didUpdateValueForCharacteristic_error_
2026-03-17 18:10:30,943 DEBUG bleak.backends.corebluetooth.PeripheralDelegate peripheral_didUpdateValueForCharacteristic_error_
2026-03-17 18:10:30,950 DEBUG bleak.backends.corebluetooth.PeripheralDelegate peripheral_didUpdateValueForCharacteristic_error_
2026-03-17 18:10:31,152 DEBUG bleak.backends.corebluetooth.PeripheralDelegate peripheral_didUpdateValueForCharacteristic_error_
2026-03-17 18:11:36,996 DEBUG bleak.backends.corebluetooth.PeripheralDelegate peripheral_didUpdateNotificationStateForCharacteristic_error_
2026-03-17 18:11:36,997 DEBUG bleak.backends.corebluetooth.PeripheralDelegate Character Notify Update
2026-03-17 18:11:36,998 DEBUG bleak.backends.corebluetooth.CentralManagerDelegate centralManager_didDisconnectPeripheral_error_
2026-03-17 18:11:36,998 DEBUG bleak.backends.corebluetooth.CentralManagerDelegate Peripheral Device disconnected!
2026-03-17 18:11:36,999 WARNING sleep_receiver ble: disconnected
2026-03-17 18:27:04,062 DEBUG asyncio Using selector: KqueueSelector
2026-03-17 18:27:04,068 INFO sleep_receiver scan: looking for name prefix 'Bangle'
2026-03-17 18:27:04,232 DEBUG bleak.backends.corebluetooth.CentralManagerDelegate centralManagerDidUpdateState_
2026-03-17 18:27:04,233 DEBUG bleak.backends.corebluetooth.CentralManagerDelegate Bluetooth powered on
2026-03-17 18:27:04,233 DEBUG bleak.backends.corebluetooth.CentralManagerDelegate 'isScanning' changed
2026-03-17 18:27:04,266 DEBUG bleak.backends.corebluetooth.CentralManagerDelegate centralManager_didDiscoverPeripheral_advertisementData_RSSI_
2026-03-17 18:27:04,267 DEBUG bleak.backends.corebluetooth.CentralManagerDelegate Discovered device 97A9D8BE-4298-0A28-80C1-6F7213FE0D96: Noah’s iPhone @ RSSI: -38 (kCBAdvData <nsdict_keys(['kCBAdvDataIsConnectable', 'kCBAdvDataTimestamp', 'kCBAdvDataManufacturerData', 'kCBAdvDataRxSecondaryPHY', 'kCBAdvDataTxPowerLevel', 'kCBAdvDataRxPrimaryPHY'])>) and Central: <CBCentralManager: 0x1598a2ca0>
2026-03-17 18:27:04,271 DEBUG bleak.backends.corebluetooth.CentralManagerDelegate centralManager_didDiscoverPeripheral_advertisementData_RSSI_
2026-03-17 18:27:04,271 DEBUG bleak.backends.corebluetooth.CentralManagerDelegate Discovered device 97A9D8BE-4298-0A28-80C1-6F7213FE0D96: Noah’s iPhone @ RSSI: -39 (kCBAdvData <nsdict_keys(['kCBAdvDataIsConnectable', 'kCBAdvDataTimestamp', 'kCBAdvDataManufacturerData', 'kCBAdvDataRxSecondaryPHY', 'kCBAdvDataTxPowerLevel', 'kCBAdvDataRxPrimaryPHY'])>) and Central: <CBCentralManager: 0x1598a2ca0>
2026-03-17 18:27:04,272 DEBUG bleak.backends.corebluetooth.CentralManagerDelegate centralManager_didDiscoverPeripheral_advertisementData_RSSI_
2026-03-17 18:27:04,272 DEBUG bleak.backends.corebluetooth.CentralManagerDelegate Discovered device 8BE94512-03ED-57EC-707E-52F21E144866: None @ RSSI: -45 (kCBAdvData <nsdict_keys(['kCBAdvDataIsConnectable', 'kCBAdvDataManufacturerData', 'kCBAdvDataRxSecondaryPHY', 'kCBAdvDataTimestamp', 'kCBAdvDataRxPrimaryPHY'])>) and Central: <CBCentralManager: 0x1598a2ca0>
2026-03-17 18:27:04,273 DEBUG bleak.backends.corebluetooth.CentralManagerDelegate centralManager_didDiscoverPeripheral_advertisementData_RSSI_
2026-03-17 18:27:04,274 DEBUG bleak.backends.corebluetooth.CentralManagerDelegate Discovered device 8BE94512-03ED-57EC-707E-52F21E144866: None @ RSSI: -45 (kCBAdvData <nsdict_keys(['kCBAdvDataIsConnectable', 'kCBAdvDataManufacturerData', 'kCBAdvDataRxSecondaryPHY', 'kCBAdvDataTimestamp', 'kCBAdvDataRxPrimaryPHY'])>) and Central: <CBCentralManager: 0x1598a2ca0>
2026-03-17 18:27:04,274 DEBUG bleak.backends.corebluetooth.CentralManagerDelegate centralManager_didDiscoverPeripheral_advertisementData_RSSI_
2026-03-17 18:27:04,274 DEBUG bleak.backends.corebluetooth.CentralManagerDelegate centralManager_didDiscoverPeripheral_advertisementData_RSSI_
2026-03-17 18:27:04,274 DEBUG bleak.backends.corebluetooth.CentralManagerDelegate Discovered device B4A69DF8-5194-1EC1-716B-F6342B8CB1DE: None @ RSSI: -56 (kCBAdvData <nsdict_keys(['kCBAdvDataIsConnectable', 'kCBAdvDataTimestamp', 'kCBAdvDataManufacturerData', 'kCBAdvDataRxSecondaryPHY', 'kCBAdvDataTxPowerLevel', 'kCBAdvDataRxPrimaryPHY'])>) and Central: <CBCentralManager: 0x1598a2ca0>
2026-03-17 18:27:04,275 DEBUG bleak.backends.corebluetooth.CentralManagerDelegate Discovered device B4A69DF8-5194-1EC1-716B-F6342B8CB1DE: None @ RSSI: -57 (kCBAdvData <nsdict_keys(['kCBAdvDataIsConnectable', 'kCBAdvDataTimestamp', 'kCBAdvDataManufacturerData', 'kCBAdvDataRxSecondaryPHY', 'kCBAdvDataTxPowerLevel', 'kCBAdvDataRxPrimaryPHY'])>) and Central: <CBCentralManager: 0x1598a2ca0>
2026-03-17 18:27:04,550 DEBUG bleak.backends.corebluetooth.CentralManagerDelegate centralManager_didDiscoverPeripheral_advertisementData_RSSI_
2026-03-17 18:27:04,551 DEBUG bleak.backends.corebluetooth.CentralManagerDelegate Discovered device FD637DAC-6AE0-6C4E-2B1B-E7CE689CEE24: None @ RSSI: -72 (kCBAdvData <nsdict_keys(['kCBAdvDataIsConnectable', 'kCBAdvDataTimestamp', 'kCBAdvDataManufacturerData', 'kCBAdvDataRxSecondaryPHY', 'kCBAdvDataTxPowerLevel', 'kCBAdvDataRxPrimaryPHY'])>) and Central: <CBCentralManager: 0x1598a2ca0>
2026-03-17 18:27:04,552 DEBUG bleak.backends.corebluetooth.CentralManagerDelegate centralManager_didDiscoverPeripheral_advertisementData_RSSI_
2026-03-17 18:27:04,553 DEBUG bleak.backends.corebluetooth.CentralManagerDelegate Discovered device FD637DAC-6AE0-6C4E-2B1B-E7CE689CEE24: None @ RSSI: -72 (kCBAdvData <nsdict_keys(['kCBAdvDataIsConnectable', 'kCBAdvDataTimestamp', 'kCBAdvDataManufacturerData', 'kCBAdvDataRxSecondaryPHY', 'kCBAdvDataTxPowerLevel', 'kCBAdvDataRxPrimaryPHY'])>) and Central: <CBCentralManager: 0x1598a2ca0>
2026-03-17 18:27:05,156 DEBUG bleak.backends.corebluetooth.CentralManagerDelegate centralManager_didDiscoverPeripheral_advertisementData_RSSI_
2026-03-17 18:27:05,157 DEBUG bleak.backends.corebluetooth.CentralManagerDelegate centralManager_didDiscoverPeripheral_advertisementData_RSSI_
2026-03-17 18:27:05,157 DEBUG bleak.backends.corebluetooth.CentralManagerDelegate Discovered device 8BE94512-03ED-57EC-707E-52F21E144866: None @ RSSI: -45 (kCBAdvData <nsdict_keys(['kCBAdvDataIsConnectable', 'kCBAdvDataManufacturerData', 'kCBAdvDataRxSecondaryPHY', 'kCBAdvDataTimestamp', 'kCBAdvDataRxPrimaryPHY'])>) and Central: <CBCentralManager: 0x1598a2ca0>
2026-03-17 18:27:05,158 DEBUG bleak.backends.corebluetooth.CentralManagerDelegate Discovered device 8BE94512-03ED-57EC-707E-52F21E144866: None @ RSSI: -45 (kCBAdvData <nsdict_keys(['kCBAdvDataIsConnectable', 'kCBAdvDataManufacturerData', 'kCBAdvDataRxSecondaryPHY', 'kCBAdvDataTimestamp', 'kCBAdvDataRxPrimaryPHY'])>) and Central: <CBCentralManager: 0x1598a2ca0>
2026-03-17 18:27:05,183 DEBUG bleak.backends.corebluetooth.CentralManagerDelegate centralManager_didDiscoverPeripheral_advertisementData_RSSI_
2026-03-17 18:27:05,183 DEBUG bleak.backends.corebluetooth.CentralManagerDelegate centralManager_didDiscoverPeripheral_advertisementData_RSSI_
2026-03-17 18:27:05,184 DEBUG bleak.backends.corebluetooth.CentralManagerDelegate Discovered device 8BE94512-03ED-57EC-707E-52F21E144866: None @ RSSI: -45 (kCBAdvData <nsdict_keys(['kCBAdvDataIsConnectable', 'kCBAdvDataManufacturerData', 'kCBAdvDataRxSecondaryPHY', 'kCBAdvDataTimestamp', 'kCBAdvDataRxPrimaryPHY'])>) and Central: <CBCentralManager: 0x1598a2ca0>
2026-03-17 18:27:05,184 DEBUG bleak.backends.corebluetooth.CentralManagerDelegate Discovered device 8BE94512-03ED-57EC-707E-52F21E144866: None @ RSSI: -45 (kCBAdvData <nsdict_keys(['kCBAdvDataIsConnectable', 'kCBAdvDataManufacturerData', 'kCBAdvDataRxSecondaryPHY', 'kCBAdvDataTimestamp', 'kCBAdvDataRxPrimaryPHY'])>) and Central: <CBCentralManager: 0x1598a2ca0>
2026-03-17 18:27:05,276 DEBUG bleak.backends.corebluetooth.CentralManagerDelegate centralManager_didDiscoverPeripheral_advertisementData_RSSI_
2026-03-17 18:27:05,277 DEBUG bleak.backends.corebluetooth.CentralManagerDelegate Discovered device 7A5A2ADE-895B-A350-1F52-9469F42360A6: None @ RSSI: -45 (kCBAdvData <nsdict_keys(['kCBAdvDataIsConnectable', 'kCBAdvDataManufacturerData', 'kCBAdvDataRxSecondaryPHY', 'kCBAdvDataTimestamp', 'kCBAdvDataRxPrimaryPHY'])>) and Central: <CBCentralManager: 0x1598a2ca0>
2026-03-17 18:27:05,277 DEBUG bleak.backends.corebluetooth.CentralManagerDelegate centralManager_didDiscoverPeripheral_advertisementData_RSSI_
2026-03-17 18:27:05,277 DEBUG bleak.backends.corebluetooth.CentralManagerDelegate Discovered device 7A5A2ADE-895B-A350-1F52-9469F42360A6: None @ RSSI: -45 (kCBAdvData <nsdict_keys(['kCBAdvDataIsConnectable', 'kCBAdvDataManufacturerData', 'kCBAdvDataRxSecondaryPHY', 'kCBAdvDataTimestamp', 'kCBAdvDataRxPrimaryPHY'])>) and Central: <CBCentralManager: 0x1598a2ca0>
2026-03-17 18:27:05,280 DEBUG bleak.backends.corebluetooth.CentralManagerDelegate centralManager_didDiscoverPeripheral_advertisementData_RSSI_
2026-03-17 18:27:05,280 DEBUG bleak.backends.corebluetooth.CentralManagerDelegate Discovered device 12268CD3-B6ED-69C4-0DBD-2F05796F3E05: [TV] TV @ RSSI: -61 (kCBAdvData <nsdict_keys(['kCBAdvDataIsConnectable', 'kCBAdvDataManufacturerData', 'kCBAdvDataRxSecondaryPHY', 'kCBAdvDataTimestamp', 'kCBAdvDataRxPrimaryPHY'])>) and Central: <CBCentralManager: 0x1598a2ca0>
2026-03-17 18:27:05,295 DEBUG bleak.backends.corebluetooth.CentralManagerDelegate centralManager_didDiscoverPeripheral_advertisementData_RSSI_
2026-03-17 18:27:05,296 DEBUG bleak.backends.corebluetooth.CentralManagerDelegate Discovered device 8BE94512-03ED-57EC-707E-52F21E144866: None @ RSSI: -45 (kCBAdvData <nsdict_keys(['kCBAdvDataIsConnectable', 'kCBAdvDataManufacturerData', 'kCBAdvDataRxSecondaryPHY', 'kCBAdvDataTimestamp', 'kCBAdvDataRxPrimaryPHY'])>) and Central: <CBCentralManager: 0x1598a2ca0>
2026-03-17 18:27:05,296 DEBUG bleak.backends.corebluetooth.CentralManagerDelegate centralManager_didDiscoverPeripheral_advertisementData_RSSI_
2026-03-17 18:27:05,297 DEBUG bleak.backends.corebluetooth.CentralManagerDelegate Discovered device 8BE94512-03ED-57EC-707E-52F21E144866: None @ RSSI: -45 (kCBAdvData <nsdict_keys(['kCBAdvDataIsConnectable', 'kCBAdvDataManufacturerData', 'kCBAdvDataRxSecondaryPHY', 'kCBAdvDataTimestamp', 'kCBAdvDataRxPrimaryPHY'])>) and Central: <CBCentralManager: 0x1598a2ca0>
2026-03-17 18:27:05,569 DEBUG bleak.backends.corebluetooth.CentralManagerDelegate centralManager_didDiscoverPeripheral_advertisementData_RSSI_
2026-03-17 18:27:05,570 DEBUG bleak.backends.corebluetooth.CentralManagerDelegate Discovered device 8BE94512-03ED-57EC-707E-52F21E144866: None @ RSSI: -47 (kCBAdvData <nsdict_keys(['kCBAdvDataIsConnectable', 'kCBAdvDataManufacturerData', 'kCBAdvDataRxSecondaryPHY', 'kCBAdvDataTimestamp', 'kCBAdvDataRxPrimaryPHY'])>) and Central: <CBCentralManager: 0x1598a2ca0>
2026-03-17 18:27:05,570 DEBUG bleak.backends.corebluetooth.CentralManagerDelegate centralManager_didDiscoverPeripheral_advertisementData_RSSI_
2026-03-17 18:27:05,571 DEBUG bleak.backends.corebluetooth.CentralManagerDelegate Discovered device 8BE94512-03ED-57EC-707E-52F21E144866: None @ RSSI: -47 (kCBAdvData <nsdict_keys(['kCBAdvDataIsConnectable', 'kCBAdvDataManufacturerData', 'kCBAdvDataRxSecondaryPHY', 'kCBAdvDataTimestamp', 'kCBAdvDataRxPrimaryPHY'])>) and Central: <CBCentralManager: 0x1598a2ca0>
2026-03-17 18:27:05,580 DEBUG bleak.backends.corebluetooth.CentralManagerDelegate centralManager_didDiscoverPeripheral_advertisementData_RSSI_
2026-03-17 18:27:05,580 DEBUG bleak.backends.corebluetooth.CentralManagerDelegate centralManager_didDiscoverPeripheral_advertisementData_RSSI_
2026-03-17 18:27:05,581 DEBUG bleak.backends.corebluetooth.CentralManagerDelegate Discovered device 80559E55-8750-B760-FB75-937550BEB3E6: GVH5075_2389 @ RSSI: -83 (kCBAdvData <nsdict_keys(['kCBAdvDataManufacturerData', 'kCBAdvDataTimestamp', 'kCBAdvDataIsConnectable', 'kCBAdvDataRxPrimaryPHY', 'kCBAdvDataRxSecondaryPHY', 'kCBAdvDataLocalName', 'kCBAdvDataServiceUUIDs'])>) and Central: <CBCentralManager: 0x1598a2ca0>
2026-03-17 18:27:05,582 DEBUG bleak.backends.corebluetooth.CentralManagerDelegate Discovered device 80559E55-8750-B760-FB75-937550BEB3E6: GVH5075_2389 @ RSSI: -83 (kCBAdvData <nsdict_keys(['kCBAdvDataManufacturerData', 'kCBAdvDataTimestamp', 'kCBAdvDataIsConnectable', 'kCBAdvDataRxPrimaryPHY', 'kCBAdvDataRxSecondaryPHY', 'kCBAdvDataLocalName', 'kCBAdvDataServiceUUIDs'])>) and Central: <CBCentralManager: 0x1598a2ca0>
2026-03-17 18:27:05,585 DEBUG bleak.backends.corebluetooth.CentralManagerDelegate centralManager_didDiscoverPeripheral_advertisementData_RSSI_
2026-03-17 18:27:05,585 DEBUG bleak.backends.corebluetooth.CentralManagerDelegate Discovered device 1C2166A4-74B7-8440-3751-E67D32D004F3: None @ RSSI: -99 (kCBAdvData <nsdict_keys(['kCBAdvDataIsConnectable', 'kCBAdvDataManufacturerData', 'kCBAdvDataRxSecondaryPHY', 'kCBAdvDataTimestamp', 'kCBAdvDataRxPrimaryPHY'])>) and Central: <CBCentralManager: 0x1598a2ca0>
2026-03-17 18:27:05,585 DEBUG bleak.backends.corebluetooth.CentralManagerDelegate centralManager_didDiscoverPeripheral_advertisementData_RSSI_
2026-03-17 18:27:05,586 DEBUG bleak.backends.corebluetooth.CentralManagerDelegate Discovered device 12268CD3-B6ED-69C4-0DBD-2F05796F3E05: [TV] TV @ RSSI: -59 (kCBAdvData <nsdict_keys(['kCBAdvDataIsConnectable', 'kCBAdvDataManufacturerData', 'kCBAdvDataRxSecondaryPHY', 'kCBAdvDataTimestamp', 'kCBAdvDataRxPrimaryPHY'])>) and Central: <CBCentralManager: 0x1598a2ca0>
2026-03-17 18:27:05,606 DEBUG bleak.backends.corebluetooth.CentralManagerDelegate centralManager_didDiscoverPeripheral_advertisementData_RSSI_
2026-03-17 18:27:05,607 DEBUG bleak.backends.corebluetooth.CentralManagerDelegate Discovered device 8BE94512-03ED-57EC-707E-52F21E144866: None @ RSSI: -47 (kCBAdvData <nsdict_keys(['kCBAdvDataIsConnectable', 'kCBAdvDataManufacturerData', 'kCBAdvDataRxSecondaryPHY', 'kCBAdvDataTimestamp', 'kCBAdvDataRxPrimaryPHY'])>) and Central: <CBCentralManager: 0x1598a2ca0>
2026-03-17 18:27:05,607 DEBUG bleak.backends.corebluetooth.CentralManagerDelegate centralManager_didDiscoverPeripheral_advertisementData_RSSI_
2026-03-17 18:27:05,607 DEBUG bleak.backends.corebluetooth.CentralManagerDelegate Discovered device 8BE94512-03ED-57EC-707E-52F21E144866: None @ RSSI: -47 (kCBAdvData <nsdict_keys(['kCBAdvDataIsConnectable', 'kCBAdvDataManufacturerData', 'kCBAdvDataRxSecondaryPHY', 'kCBAdvDataTimestamp', 'kCBAdvDataRxPrimaryPHY'])>) and Central: <CBCentralManager: 0x1598a2ca0>
2026-03-17 18:27:05,866 DEBUG bleak.backends.corebluetooth.CentralManagerDelegate centralManager_didDiscoverPeripheral_advertisementData_RSSI_
2026-03-17 18:27:05,868 DEBUG bleak.backends.corebluetooth.CentralManagerDelegate Discovered device 7A5A2ADE-895B-A350-1F52-9469F42360A6: None @ RSSI: -47 (kCBAdvData <nsdict_keys(['kCBAdvDataIsConnectable', 'kCBAdvDataManufacturerData', 'kCBAdvDataRxSecondaryPHY', 'kCBAdvDataTimestamp', 'kCBAdvDataRxPrimaryPHY'])>) and Central: <CBCentralManager: 0x1598a2ca0>
2026-03-17 18:27:05,869 DEBUG bleak.backends.corebluetooth.CentralManagerDelegate centralManager_didDiscoverPeripheral_advertisementData_RSSI_
2026-03-17 18:27:05,869 DEBUG bleak.backends.corebluetooth.CentralManagerDelegate Discovered device 7A5A2ADE-895B-A350-1F52-9469F42360A6: None @ RSSI: -47 (kCBAdvData <nsdict_keys(['kCBAdvDataIsConnectable', 'kCBAdvDataManufacturerData', 'kCBAdvDataRxSecondaryPHY', 'kCBAdvDataTimestamp', 'kCBAdvDataRxPrimaryPHY'])>) and Central: <CBCentralManager: 0x1598a2ca0>
2026-03-17 18:27:05,880 DEBUG bleak.backends.corebluetooth.CentralManagerDelegate centralManager_didDiscoverPeripheral_advertisementData_RSSI_
2026-03-17 18:27:05,880 DEBUG bleak.backends.corebluetooth.CentralManagerDelegate Discovered device 8BE94512-03ED-57EC-707E-52F21E144866: None @ RSSI: -47 (kCBAdvData <nsdict_keys(['kCBAdvDataIsConnectable', 'kCBAdvDataManufacturerData', 'kCBAdvDataRxSecondaryPHY', 'kCBAdvDataTimestamp', 'kCBAdvDataRxPrimaryPHY'])>) and Central: <CBCentralManager: 0x1598a2ca0>
2026-03-17 18:27:05,880 DEBUG bleak.backends.corebluetooth.CentralManagerDelegate centralManager_didDiscoverPeripheral_advertisementData_RSSI_
2026-03-17 18:27:05,880 DEBUG bleak.backends.corebluetooth.CentralManagerDelegate Discovered device 8BE94512-03ED-57EC-707E-52F21E144866: None @ RSSI: -47 (kCBAdvData <nsdict_keys(['kCBAdvDataIsConnectable', 'kCBAdvDataManufacturerData', 'kCBAdvDataRxSecondaryPHY', 'kCBAdvDataTimestamp', 'kCBAdvDataRxPrimaryPHY'])>) and Central: <CBCentralManager: 0x1598a2ca0>
2026-03-17 18:27:05,890 DEBUG bleak.backends.corebluetooth.CentralManagerDelegate centralManager_didDiscoverPeripheral_advertisementData_RSSI_
2026-03-17 18:27:05,895 DEBUG bleak.backends.corebluetooth.CentralManagerDelegate Discovered device 12268CD3-B6ED-69C4-0DBD-2F05796F3E05: [TV] TV @ RSSI: -58 (kCBAdvData <nsdict_keys(['kCBAdvDataIsConnectable', 'kCBAdvDataManufacturerData', 'kCBAdvDataRxSecondaryPHY', 'kCBAdvDataTimestamp', 'kCBAdvDataRxPrimaryPHY'])>) and Central: <CBCentralManager: 0x1598a2ca0>
2026-03-17 18:27:05,902 DEBUG bleak.backends.corebluetooth.CentralManagerDelegate centralManager_didDiscoverPeripheral_advertisementData_RSSI_
2026-03-17 18:27:05,902 DEBUG bleak.backends.corebluetooth.CentralManagerDelegate Discovered device 7A5A2ADE-895B-A350-1F52-9469F42360A6: None @ RSSI: -47 (kCBAdvData <nsdict_keys(['kCBAdvDataIsConnectable', 'kCBAdvDataManufacturerData', 'kCBAdvDataRxSecondaryPHY', 'kCBAdvDataTimestamp', 'kCBAdvDataRxPrimaryPHY'])>) and Central: <CBCentralManager: 0x1598a2ca0>
2026-03-17 18:27:05,902 DEBUG bleak.backends.corebluetooth.CentralManagerDelegate centralManager_didDiscoverPeripheral_advertisementData_RSSI_
2026-03-17 18:27:05,903 DEBUG bleak.backends.corebluetooth.CentralManagerDelegate Discovered device 7A5A2ADE-895B-A350-1F52-9469F42360A6: None @ RSSI: -47 (kCBAdvData <nsdict_keys(['kCBAdvDataIsConnectable', 'kCBAdvDataManufacturerData', 'kCBAdvDataRxSecondaryPHY', 'kCBAdvDataTimestamp', 'kCBAdvDataRxPrimaryPHY'])>) and Central: <CBCentralManager: 0x1598a2ca0>
2026-03-17 18:27:06,182 DEBUG bleak.backends.corebluetooth.CentralManagerDelegate centralManager_didDiscoverPeripheral_advertisementData_RSSI_
2026-03-17 18:27:06,184 DEBUG bleak.backends.corebluetooth.CentralManagerDelegate centralManager_didDiscoverPeripheral_advertisementData_RSSI_
2026-03-17 18:27:06,184 DEBUG bleak.backends.corebluetooth.CentralManagerDelegate centralManager_didDiscoverPeripheral_advertisementData_RSSI_
2026-03-17 18:27:06,185 DEBUG bleak.backends.corebluetooth.CentralManagerDelegate Discovered device 8BE94512-03ED-57EC-707E-52F21E144866: None @ RSSI: -45 (kCBAdvData <nsdict_keys(['kCBAdvDataIsConnectable', 'kCBAdvDataManufacturerData', 'kCBAdvDataRxSecondaryPHY', 'kCBAdvDataTimestamp', 'kCBAdvDataRxPrimaryPHY'])>) and Central: <CBCentralManager: 0x1598a2ca0>
2026-03-17 18:27:06,186 DEBUG bleak.backends.corebluetooth.CentralManagerDelegate centralManager_didDiscoverPeripheral_advertisementData_RSSI_
2026-03-17 18:27:06,187 DEBUG bleak.backends.corebluetooth.CentralManagerDelegate Discovered device 8BE94512-03ED-57EC-707E-52F21E144866: None @ RSSI: -46 (kCBAdvData <nsdict_keys(['kCBAdvDataIsConnectable', 'kCBAdvDataManufacturerData', 'kCBAdvDataRxSecondaryPHY', 'kCBAdvDataTimestamp', 'kCBAdvDataRxPrimaryPHY'])>) and Central: <CBCentralManager: 0x1598a2ca0>
2026-03-17 18:27:06,187 DEBUG bleak.backends.corebluetooth.CentralManagerDelegate centralManager_didDiscoverPeripheral_advertisementData_RSSI_
2026-03-17 18:27:06,188 DEBUG bleak.backends.corebluetooth.CentralManagerDelegate Discovered device 8E518A4C-FEE8-EBB9-AEA9-B7A5DA4F1C20: None @ RSSI: -70 (kCBAdvData <nsdict_keys(['kCBAdvDataIsConnectable', 'kCBAdvDataManufacturerData', 'kCBAdvDataRxSecondaryPHY', 'kCBAdvDataTimestamp', 'kCBAdvDataRxPrimaryPHY'])>) and Central: <CBCentralManager: 0x1598a2ca0>
2026-03-17 18:27:06,189 DEBUG bleak.backends.corebluetooth.CentralManagerDelegate centralManager_didDiscoverPeripheral_advertisementData_RSSI_
2026-03-17 18:27:06,190 DEBUG bleak.backends.corebluetooth.CentralManagerDelegate Discovered device 7A5A2ADE-895B-A350-1F52-9469F42360A6: None @ RSSI: -45 (kCBAdvData <nsdict_keys(['kCBAdvDataIsConnectable', 'kCBAdvDataManufacturerData', 'kCBAdvDataRxSecondaryPHY', 'kCBAdvDataTimestamp', 'kCBAdvDataRxPrimaryPHY'])>) and Central: <CBCentralManager: 0x1598a2ca0>
2026-03-17 18:27:06,190 DEBUG bleak.backends.corebluetooth.CentralManagerDelegate Discovered device 7A5A2ADE-895B-A350-1F52-9469F42360A6: None @ RSSI: -46 (kCBAdvData <nsdict_keys(['kCBAdvDataIsConnectable', 'kCBAdvDataManufacturerData', 'kCBAdvDataRxSecondaryPHY', 'kCBAdvDataTimestamp', 'kCBAdvDataRxPrimaryPHY'])>) and Central: <CBCentralManager: 0x1598a2ca0>
2026-03-17 18:27:06,191 DEBUG bleak.backends.corebluetooth.CentralManagerDelegate Discovered device 64694C84-02AA-6264-CB8F-8CB0E5013C2F: None @ RSSI: -99 (kCBAdvData <nsdict_keys(['kCBAdvDataIsConnectable', 'kCBAdvDataManufacturerData', 'kCBAdvDataRxSecondaryPHY', 'kCBAdvDataTimestamp', 'kCBAdvDataRxPrimaryPHY'])>) and Central: <CBCentralManager: 0x1598a2ca0>
2026-03-17 18:27:06,198 DEBUG bleak.backends.corebluetooth.CentralManagerDelegate centralManager_didDiscoverPeripheral_advertisementData_RSSI_
2026-03-17 18:27:06,199 DEBUG bleak.backends.corebluetooth.CentralManagerDelegate Discovered device B4A69DF8-5194-1EC1-716B-F6342B8CB1DE: None @ RSSI: -51 (kCBAdvData <nsdict_keys(['kCBAdvDataIsConnectable', 'kCBAdvDataTimestamp', 'kCBAdvDataManufacturerData', 'kCBAdvDataRxSecondaryPHY', 'kCBAdvDataTxPowerLevel', 'kCBAdvDataRxPrimaryPHY'])>) and Central: <CBCentralManager: 0x1598a2ca0>
2026-03-17 18:27:06,199 DEBUG bleak.backends.corebluetooth.CentralManagerDelegate centralManager_didDiscoverPeripheral_advertisementData_RSSI_
2026-03-17 18:27:06,200 DEBUG bleak.backends.corebluetooth.CentralManagerDelegate Discovered device B4A69DF8-5194-1EC1-716B-F6342B8CB1DE: None @ RSSI: -51 (kCBAdvData <nsdict_keys(['kCBAdvDataIsConnectable', 'kCBAdvDataTimestamp', 'kCBAdvDataManufacturerData', 'kCBAdvDataRxSecondaryPHY', 'kCBAdvDataTxPowerLevel', 'kCBAdvDataRxPrimaryPHY'])>) and Central: <CBCentralManager: 0x1598a2ca0>
2026-03-17 18:27:06,472 DEBUG bleak.backends.corebluetooth.CentralManagerDelegate centralManager_didDiscoverPeripheral_advertisementData_RSSI_
2026-03-17 18:27:06,473 DEBUG bleak.backends.corebluetooth.CentralManagerDelegate centralManager_didDiscoverPeripheral_advertisementData_RSSI_
2026-03-17 18:27:06,476 DEBUG bleak.backends.corebluetooth.CentralManagerDelegate centralManager_didDiscoverPeripheral_advertisementData_RSSI_
2026-03-17 18:27:06,476 DEBUG bleak.backends.corebluetooth.CentralManagerDelegate Discovered device 8BE94512-03ED-57EC-707E-52F21E144866: None @ RSSI: -47 (kCBAdvData <nsdict_keys(['kCBAdvDataIsConnectable', 'kCBAdvDataManufacturerData', 'kCBAdvDataRxSecondaryPHY', 'kCBAdvDataTimestamp', 'kCBAdvDataRxPrimaryPHY'])>) and Central: <CBCentralManager: 0x1598a2ca0>
2026-03-17 18:27:06,479 DEBUG bleak.backends.corebluetooth.CentralManagerDelegate Discovered device 8BE94512-03ED-57EC-707E-52F21E144866: None @ RSSI: -47 (kCBAdvData <nsdict_keys(['kCBAdvDataIsConnectable', 'kCBAdvDataManufacturerData', 'kCBAdvDataRxSecondaryPHY', 'kCBAdvDataTimestamp', 'kCBAdvDataRxPrimaryPHY'])>) and Central: <CBCentralManager: 0x1598a2ca0>
2026-03-17 18:27:06,479 DEBUG bleak.backends.corebluetooth.CentralManagerDelegate centralManager_didDiscoverPeripheral_advertisementData_RSSI_
2026-03-17 18:27:06,480 DEBUG bleak.backends.corebluetooth.CentralManagerDelegate centralManager_didDiscoverPeripheral_advertisementData_RSSI_
2026-03-17 18:27:06,481 DEBUG bleak.backends.corebluetooth.CentralManagerDelegate Discovered device 7A5A2ADE-895B-A350-1F52-9469F42360A6: None @ RSSI: -47 (kCBAdvData <nsdict_keys(['kCBAdvDataIsConnectable', 'kCBAdvDataManufacturerData', 'kCBAdvDataRxSecondaryPHY', 'kCBAdvDataTimestamp', 'kCBAdvDataRxPrimaryPHY'])>) and Central: <CBCentralManager: 0x1598a2ca0>
2026-03-17 18:27:06,481 DEBUG bleak.backends.corebluetooth.CentralManagerDelegate centralManager_didDiscoverPeripheral_advertisementData_RSSI_
2026-03-17 18:27:06,482 DEBUG bleak.backends.corebluetooth.CentralManagerDelegate Discovered device 7A5A2ADE-895B-A350-1F52-9469F42360A6: None @ RSSI: -48 (kCBAdvData <nsdict_keys(['kCBAdvDataIsConnectable', 'kCBAdvDataManufacturerData', 'kCBAdvDataRxSecondaryPHY', 'kCBAdvDataTimestamp', 'kCBAdvDataRxPrimaryPHY'])>) and Central: <CBCentralManager: 0x1598a2ca0>
2026-03-17 18:27:06,482 DEBUG bleak.backends.corebluetooth.CentralManagerDelegate Discovered device B4A69DF8-5194-1EC1-716B-F6342B8CB1DE: None @ RSSI: -58 (kCBAdvData <nsdict_keys(['kCBAdvDataIsConnectable', 'kCBAdvDataTimestamp', 'kCBAdvDataManufacturerData', 'kCBAdvDataRxSecondaryPHY', 'kCBAdvDataTxPowerLevel', 'kCBAdvDataRxPrimaryPHY'])>) and Central: <CBCentralManager: 0x1598a2ca0>
2026-03-17 18:27:06,483 DEBUG bleak.backends.corebluetooth.CentralManagerDelegate Discovered device B4A69DF8-5194-1EC1-716B-F6342B8CB1DE: None @ RSSI: -58 (kCBAdvData <nsdict_keys(['kCBAdvDataIsConnectable', 'kCBAdvDataTimestamp', 'kCBAdvDataManufacturerData', 'kCBAdvDataRxSecondaryPHY', 'kCBAdvDataTxPowerLevel', 'kCBAdvDataRxPrimaryPHY'])>) and Central: <CBCentralManager: 0x1598a2ca0>
2026-03-17 18:27:06,486 DEBUG bleak.backends.corebluetooth.CentralManagerDelegate centralManager_didDiscoverPeripheral_advertisementData_RSSI_
2026-03-17 18:27:06,487 DEBUG bleak.backends.corebluetooth.CentralManagerDelegate Discovered device 97A9D8BE-4298-0A28-80C1-6F7213FE0D96: Noah’s iPhone @ RSSI: -38 (kCBAdvData <nsdict_keys(['kCBAdvDataIsConnectable', 'kCBAdvDataTimestamp', 'kCBAdvDataManufacturerData', 'kCBAdvDataRxSecondaryPHY', 'kCBAdvDataTxPowerLevel', 'kCBAdvDataRxPrimaryPHY'])>) and Central: <CBCentralManager: 0x1598a2ca0>
2026-03-17 18:27:06,487 DEBUG bleak.backends.corebluetooth.CentralManagerDelegate centralManager_didDiscoverPeripheral_advertisementData_RSSI_
2026-03-17 18:27:06,488 DEBUG bleak.backends.corebluetooth.CentralManagerDelegate Discovered device 97A9D8BE-4298-0A28-80C1-6F7213FE0D96: Noah’s iPhone @ RSSI: -37 (kCBAdvData <nsdict_keys(['kCBAdvDataIsConnectable', 'kCBAdvDataTimestamp', 'kCBAdvDataManufacturerData', 'kCBAdvDataRxSecondaryPHY', 'kCBAdvDataTxPowerLevel', 'kCBAdvDataRxPrimaryPHY'])>) and Central: <CBCentralManager: 0x1598a2ca0>
2026-03-17 18:27:06,783 DEBUG bleak.backends.corebluetooth.CentralManagerDelegate centralManager_didDiscoverPeripheral_advertisementData_RSSI_
2026-03-17 18:27:06,785 DEBUG bleak.backends.corebluetooth.CentralManagerDelegate Discovered device 7A5A2ADE-895B-A350-1F52-9469F42360A6: None @ RSSI: -45 (kCBAdvData <nsdict_keys(['kCBAdvDataIsConnectable', 'kCBAdvDataManufacturerData', 'kCBAdvDataRxSecondaryPHY', 'kCBAdvDataTimestamp', 'kCBAdvDataRxPrimaryPHY'])>) and Central: <CBCentralManager: 0x1598a2ca0>
2026-03-17 18:27:06,785 DEBUG bleak.backends.corebluetooth.CentralManagerDelegate centralManager_didDiscoverPeripheral_advertisementData_RSSI_
2026-03-17 18:27:06,786 DEBUG bleak.backends.corebluetooth.CentralManagerDelegate Discovered device 7A5A2ADE-895B-A350-1F52-9469F42360A6: None @ RSSI: -45 (kCBAdvData <nsdict_keys(['kCBAdvDataIsConnectable', 'kCBAdvDataManufacturerData', 'kCBAdvDataRxSecondaryPHY', 'kCBAdvDataTimestamp', 'kCBAdvDataRxPrimaryPHY'])>) and Central: <CBCentralManager: 0x1598a2ca0>
2026-03-17 18:27:06,786 DEBUG bleak.backends.corebluetooth.CentralManagerDelegate centralManager_didDiscoverPeripheral_advertisementData_RSSI_
2026-03-17 18:27:06,786 DEBUG bleak.backends.corebluetooth.CentralManagerDelegate Discovered device 8BE94512-03ED-57EC-707E-52F21E144866: None @ RSSI: -45 (kCBAdvData <nsdict_keys(['kCBAdvDataIsConnectable', 'kCBAdvDataManufacturerData', 'kCBAdvDataRxSecondaryPHY', 'kCBAdvDataTimestamp', 'kCBAdvDataRxPrimaryPHY'])>) and Central: <CBCentralManager: 0x1598a2ca0>
2026-03-17 18:27:06,787 DEBUG bleak.backends.corebluetooth.CentralManagerDelegate centralManager_didDiscoverPeripheral_advertisementData_RSSI_
2026-03-17 18:27:06,787 DEBUG bleak.backends.corebluetooth.CentralManagerDelegate Discovered device 8BE94512-03ED-57EC-707E-52F21E144866: None @ RSSI: -45 (kCBAdvData <nsdict_keys(['kCBAdvDataIsConnectable', 'kCBAdvDataManufacturerData', 'kCBAdvDataRxSecondaryPHY', 'kCBAdvDataTimestamp', 'kCBAdvDataRxPrimaryPHY'])>) and Central: <CBCentralManager: 0x1598a2ca0>
2026-03-17 18:27:07,387 DEBUG bleak.backends.corebluetooth.CentralManagerDelegate centralManager_didDiscoverPeripheral_advertisementData_RSSI_
2026-03-17 18:27:07,388 DEBUG bleak.backends.corebluetooth.CentralManagerDelegate Discovered device B6A4C030-266F-E8D3-C1B9-E1FA63A14A7C: None @ RSSI: -47 (kCBAdvData <nsdict_keys(['kCBAdvDataIsConnectable', 'kCBAdvDataManufacturerData', 'kCBAdvDataRxSecondaryPHY', 'kCBAdvDataTimestamp', 'kCBAdvDataRxPrimaryPHY'])>) and Central: <CBCentralManager: 0x1598a2ca0>
2026-03-17 18:27:07,400 DEBUG bleak.backends.corebluetooth.CentralManagerDelegate centralManager_didDiscoverPeripheral_advertisementData_RSSI_
2026-03-17 18:27:07,401 DEBUG bleak.backends.corebluetooth.CentralManagerDelegate centralManager_didDiscoverPeripheral_advertisementData_RSSI_
2026-03-17 18:27:07,402 DEBUG bleak.backends.corebluetooth.CentralManagerDelegate Discovered device 8BE94512-03ED-57EC-707E-52F21E144866: None @ RSSI: -47 (kCBAdvData <nsdict_keys(['kCBAdvDataIsConnectable', 'kCBAdvDataManufacturerData', 'kCBAdvDataRxSecondaryPHY', 'kCBAdvDataTimestamp', 'kCBAdvDataRxPrimaryPHY'])>) and Central: <CBCentralManager: 0x1598a2ca0>
2026-03-17 18:27:07,402 DEBUG bleak.backends.corebluetooth.CentralManagerDelegate centralManager_didDiscoverPeripheral_advertisementData_RSSI_
2026-03-17 18:27:07,403 DEBUG bleak.backends.corebluetooth.CentralManagerDelegate Discovered device 8BE94512-03ED-57EC-707E-52F21E144866: None @ RSSI: -47 (kCBAdvData <nsdict_keys(['kCBAdvDataIsConnectable', 'kCBAdvDataManufacturerData', 'kCBAdvDataRxSecondaryPHY', 'kCBAdvDataTimestamp', 'kCBAdvDataRxPrimaryPHY'])>) and Central: <CBCentralManager: 0x1598a2ca0>
2026-03-17 18:27:07,404 DEBUG bleak.backends.corebluetooth.CentralManagerDelegate Discovered device EDCA75F6-52BE-D2A5-0521-14C354B90132: None @ RSSI: -86 (kCBAdvData <nsdict_keys(['kCBAdvDataIsConnectable', 'kCBAdvDataTimestamp', 'kCBAdvDataManufacturerData', 'kCBAdvDataRxSecondaryPHY', 'kCBAdvDataTxPowerLevel', 'kCBAdvDataRxPrimaryPHY'])>) and Central: <CBCentralManager: 0x1598a2ca0>
2026-03-17 18:27:07,404 DEBUG bleak.backends.corebluetooth.CentralManagerDelegate centralManager_didDiscoverPeripheral_advertisementData_RSSI_
2026-03-17 18:27:07,405 DEBUG bleak.backends.corebluetooth.CentralManagerDelegate Discovered device EDCA75F6-52BE-D2A5-0521-14C354B90132: None @ RSSI: -86 (kCBAdvData <nsdict_keys(['kCBAdvDataIsConnectable', 'kCBAdvDataTimestamp', 'kCBAdvDataManufacturerData', 'kCBAdvDataRxSecondaryPHY', 'kCBAdvDataTxPowerLevel', 'kCBAdvDataRxPrimaryPHY'])>) and Central: <CBCentralManager: 0x1598a2ca0>
2026-03-17 18:27:07,679 DEBUG bleak.backends.corebluetooth.CentralManagerDelegate centralManager_didDiscoverPeripheral_advertisementData_RSSI_
2026-03-17 18:27:07,680 DEBUG bleak.backends.corebluetooth.CentralManagerDelegate centralManager_didDiscoverPeripheral_advertisementData_RSSI_
2026-03-17 18:27:07,681 DEBUG bleak.backends.corebluetooth.CentralManagerDelegate Discovered device 91500ADB-F357-BE00-E5E0-1DC52A29C89F: ELK-BLEDOM  0 @ RSSI: -70 (kCBAdvData <nsdict_keys(['kCBAdvDataLocalName', 'kCBAdvDataRxPrimaryPHY', 'kCBAdvDataRxSecondaryPHY', 'kCBAdvDataTimestamp', 'kCBAdvDataIsConnectable'])>) and Central: <CBCentralManager: 0x1598a2ca0>
2026-03-17 18:27:07,681 DEBUG bleak.backends.corebluetooth.CentralManagerDelegate Discovered device 91500ADB-F357-BE00-E5E0-1DC52A29C89F: ELK-BLEDOM  0 @ RSSI: -70 (kCBAdvData <nsdict_keys(['kCBAdvDataLocalName', 'kCBAdvDataRxPrimaryPHY', 'kCBAdvDataRxSecondaryPHY', 'kCBAdvDataTimestamp', 'kCBAdvDataIsConnectable'])>) and Central: <CBCentralManager: 0x1598a2ca0>
2026-03-17 18:27:07,989 DEBUG bleak.backends.corebluetooth.CentralManagerDelegate centralManager_didDiscoverPeripheral_advertisementData_RSSI_
2026-03-17 18:27:07,991 DEBUG bleak.backends.corebluetooth.CentralManagerDelegate centralManager_didDiscoverPeripheral_advertisementData_RSSI_
2026-03-17 18:27:07,991 DEBUG bleak.backends.corebluetooth.CentralManagerDelegate Discovered device 2F5BABE0-6430-5E5C-E161-0439CE765794: None @ RSSI: -79 (kCBAdvData <nsdict_keys(['kCBAdvDataIsConnectable', 'kCBAdvDataTimestamp', 'kCBAdvDataManufacturerData', 'kCBAdvDataRxSecondaryPHY', 'kCBAdvDataTxPowerLevel', 'kCBAdvDataRxPrimaryPHY'])>) and Central: <CBCentralManager: 0x1598a2ca0>
2026-03-17 18:27:07,993 DEBUG bleak.backends.corebluetooth.CentralManagerDelegate Discovered device 2F5BABE0-6430-5E5C-E161-0439CE765794: None @ RSSI: -79 (kCBAdvData <nsdict_keys(['kCBAdvDataIsConnectable', 'kCBAdvDataTimestamp', 'kCBAdvDataManufacturerData', 'kCBAdvDataRxSecondaryPHY', 'kCBAdvDataTxPowerLevel', 'kCBAdvDataRxPrimaryPHY'])>) and Central: <CBCentralManager: 0x1598a2ca0>
2026-03-17 18:27:07,995 DEBUG bleak.backends.corebluetooth.CentralManagerDelegate centralManager_didDiscoverPeripheral_advertisementData_RSSI_
2026-03-17 18:27:07,998 DEBUG bleak.backends.corebluetooth.CentralManagerDelegate Discovered device 91500ADB-F357-BE00-E5E0-1DC52A29C89F: ELK-BLEDOM  0 @ RSSI: -73 (kCBAdvData <nsdict_keys(['kCBAdvDataLocalName', 'kCBAdvDataRxPrimaryPHY', 'kCBAdvDataRxSecondaryPHY', 'kCBAdvDataTimestamp', 'kCBAdvDataIsConnectable'])>) and Central: <CBCentralManager: 0x1598a2ca0>
2026-03-17 18:27:07,999 DEBUG bleak.backends.corebluetooth.CentralManagerDelegate centralManager_didDiscoverPeripheral_advertisementData_RSSI_
2026-03-17 18:27:07,999 DEBUG bleak.backends.corebluetooth.CentralManagerDelegate Discovered device 91500ADB-F357-BE00-E5E0-1DC52A29C89F: ELK-BLEDOM  0 @ RSSI: -73 (kCBAdvData <nsdict_keys(['kCBAdvDataLocalName', 'kCBAdvDataRxPrimaryPHY', 'kCBAdvDataRxSecondaryPHY', 'kCBAdvDataTimestamp', 'kCBAdvDataIsConnectable'])>) and Central: <CBCentralManager: 0x1598a2ca0>
2026-03-17 18:27:08,867 DEBUG bleak.backends.corebluetooth.CentralManagerDelegate centralManager_didDiscoverPeripheral_advertisementData_RSSI_
2026-03-17 18:27:08,867 DEBUG bleak.backends.corebluetooth.CentralManagerDelegate centralManager_didDiscoverPeripheral_advertisementData_RSSI_
2026-03-17 18:27:08,868 DEBUG bleak.backends.corebluetooth.CentralManagerDelegate Discovered device 7A5A2ADE-895B-A350-1F52-9469F42360A6: None @ RSSI: -48 (kCBAdvData <nsdict_keys(['kCBAdvDataIsConnectable', 'kCBAdvDataManufacturerData', 'kCBAdvDataRxSecondaryPHY', 'kCBAdvDataTimestamp', 'kCBAdvDataRxPrimaryPHY'])>) and Central: <CBCentralManager: 0x1598a2ca0>
2026-03-17 18:27:08,868 DEBUG bleak.backends.corebluetooth.CentralManagerDelegate Discovered device 7A5A2ADE-895B-A350-1F52-9469F42360A6: None @ RSSI: -48 (kCBAdvData <nsdict_keys(['kCBAdvDataIsConnectable', 'kCBAdvDataManufacturerData', 'kCBAdvDataRxSecondaryPHY', 'kCBAdvDataTimestamp', 'kCBAdvDataRxPrimaryPHY'])>) and Central: <CBCentralManager: 0x1598a2ca0>
2026-03-17 18:27:08,878 DEBUG bleak.backends.corebluetooth.CentralManagerDelegate centralManager_didDiscoverPeripheral_advertisementData_RSSI_
2026-03-17 18:27:08,878 DEBUG bleak.backends.corebluetooth.CentralManagerDelegate Discovered device B6A4C030-266F-E8D3-C1B9-E1FA63A14A7C: None @ RSSI: -48 (kCBAdvData <nsdict_keys(['kCBAdvDataIsConnectable', 'kCBAdvDataManufacturerData', 'kCBAdvDataRxSecondaryPHY', 'kCBAdvDataTimestamp', 'kCBAdvDataRxPrimaryPHY'])>) and Central: <CBCentralManager: 0x1598a2ca0>
2026-03-17 18:27:08,899 DEBUG bleak.backends.corebluetooth.CentralManagerDelegate centralManager_didDiscoverPeripheral_advertisementData_RSSI_
2026-03-17 18:27:08,900 DEBUG bleak.backends.corebluetooth.CentralManagerDelegate Discovered device F4E42BA9-D690-8D9B-FCEF-24DE2A1DA70F: None @ RSSI: -82 (kCBAdvData <nsdict_keys(['kCBAdvDataIsConnectable', 'kCBAdvDataManufacturerData', 'kCBAdvDataRxSecondaryPHY', 'kCBAdvDataTimestamp', 'kCBAdvDataRxPrimaryPHY'])>) and Central: <CBCentralManager: 0x1598a2ca0>
2026-03-17 18:27:09,769 DEBUG bleak.backends.corebluetooth.CentralManagerDelegate centralManager_didDiscoverPeripheral_advertisementData_RSSI_
2026-03-17 18:27:09,770 DEBUG bleak.backends.corebluetooth.CentralManagerDelegate Discovered device 86DDA426-B077-D1DA-4A2D-66DB6A8A9755: [TV] Samsung 7 Series (49) @ RSSI: -101 (kCBAdvData <nsdict_keys(['kCBAdvDataManufacturerData', 'kCBAdvDataTimestamp', 'kCBAdvDataIsConnectable', 'kCBAdvDataRxPrimaryPHY', 'kCBAdvDataRxSecondaryPHY', 'kCBAdvDataLocalName', 'kCBAdvDataTxPowerLevel'])>) and Central: <CBCentralManager: 0x1598a2ca0>
2026-03-17 18:27:09,783 DEBUG bleak.backends.corebluetooth.CentralManagerDelegate centralManager_didDiscoverPeripheral_advertisementData_RSSI_
2026-03-17 18:27:09,784 DEBUG bleak.backends.corebluetooth.CentralManagerDelegate centralManager_didDiscoverPeripheral_advertisementData_RSSI_
2026-03-17 18:27:09,784 DEBUG bleak.backends.corebluetooth.CentralManagerDelegate Discovered device B4A69DF8-5194-1EC1-716B-F6342B8CB1DE: None @ RSSI: -50 (kCBAdvData <nsdict_keys(['kCBAdvDataIsConnectable', 'kCBAdvDataTimestamp', 'kCBAdvDataManufacturerData', 'kCBAdvDataRxSecondaryPHY', 'kCBAdvDataTxPowerLevel', 'kCBAdvDataRxPrimaryPHY'])>) and Central: <CBCentralManager: 0x1598a2ca0>
2026-03-17 18:27:09,785 DEBUG bleak.backends.corebluetooth.CentralManagerDelegate Discovered device B4A69DF8-5194-1EC1-716B-F6342B8CB1DE: None @ RSSI: -50 (kCBAdvData <nsdict_keys(['kCBAdvDataIsConnectable', 'kCBAdvDataTimestamp', 'kCBAdvDataManufacturerData', 'kCBAdvDataRxSecondaryPHY', 'kCBAdvDataTxPowerLevel', 'kCBAdvDataRxPrimaryPHY'])>) and Central: <CBCentralManager: 0x1598a2ca0>
2026-03-17 18:27:09,791 DEBUG bleak.backends.corebluetooth.CentralManagerDelegate centralManager_didDiscoverPeripheral_advertisementData_RSSI_
2026-03-17 18:27:09,791 DEBUG bleak.backends.corebluetooth.CentralManagerDelegate Discovered device FD637DAC-6AE0-6C4E-2B1B-E7CE689CEE24: None @ RSSI: -71 (kCBAdvData <nsdict_keys(['kCBAdvDataIsConnectable', 'kCBAdvDataTimestamp', 'kCBAdvDataManufacturerData', 'kCBAdvDataRxSecondaryPHY', 'kCBAdvDataTxPowerLevel', 'kCBAdvDataRxPrimaryPHY'])>) and Central: <CBCentralManager: 0x1598a2ca0>
2026-03-17 18:27:09,795 DEBUG bleak.backends.corebluetooth.CentralManagerDelegate centralManager_didDiscoverPeripheral_advertisementData_RSSI_
2026-03-17 18:27:09,795 DEBUG bleak.backends.corebluetooth.CentralManagerDelegate centralManager_didDiscoverPeripheral_advertisementData_RSSI_
2026-03-17 18:27:09,796 DEBUG bleak.backends.corebluetooth.CentralManagerDelegate Discovered device 7A5A2ADE-895B-A350-1F52-9469F42360A6: None @ RSSI: -48 (kCBAdvData <nsdict_keys(['kCBAdvDataIsConnectable', 'kCBAdvDataManufacturerData', 'kCBAdvDataRxSecondaryPHY', 'kCBAdvDataTimestamp', 'kCBAdvDataRxPrimaryPHY'])>) and Central: <CBCentralManager: 0x1598a2ca0>
2026-03-17 18:27:09,796 DEBUG bleak.backends.corebluetooth.CentralManagerDelegate Discovered device 7A5A2ADE-895B-A350-1F52-9469F42360A6: None @ RSSI: -48 (kCBAdvData <nsdict_keys(['kCBAdvDataIsConnectable', 'kCBAdvDataManufacturerData', 'kCBAdvDataRxSecondaryPHY', 'kCBAdvDataTimestamp', 'kCBAdvDataRxPrimaryPHY'])>) and Central: <CBCentralManager: 0x1598a2ca0>
2026-03-17 18:27:10,077 DEBUG bleak.backends.corebluetooth.CentralManagerDelegate centralManager_didDiscoverPeripheral_advertisementData_RSSI_
2026-03-17 18:27:10,078 DEBUG bleak.backends.corebluetooth.CentralManagerDelegate centralManager_didDiscoverPeripheral_advertisementData_RSSI_
2026-03-17 18:27:10,079 DEBUG bleak.backends.corebluetooth.CentralManagerDelegate Discovered device 97A9D8BE-4298-0A28-80C1-6F7213FE0D96: Noah’s iPhone @ RSSI: -44 (kCBAdvData <nsdict_keys(['kCBAdvDataIsConnectable', 'kCBAdvDataTimestamp', 'kCBAdvDataManufacturerData', 'kCBAdvDataRxSecondaryPHY', 'kCBAdvDataTxPowerLevel', 'kCBAdvDataRxPrimaryPHY'])>) and Central: <CBCentralManager: 0x1598a2ca0>
2026-03-17 18:27:10,079 DEBUG bleak.backends.corebluetooth.CentralManagerDelegate centralManager_didDiscoverPeripheral_advertisementData_RSSI_
2026-03-17 18:27:10,080 DEBUG bleak.backends.corebluetooth.CentralManagerDelegate Discovered device 97A9D8BE-4298-0A28-80C1-6F7213FE0D96: Noah’s iPhone @ RSSI: -45 (kCBAdvData <nsdict_keys(['kCBAdvDataIsConnectable', 'kCBAdvDataTimestamp', 'kCBAdvDataManufacturerData', 'kCBAdvDataRxSecondaryPHY', 'kCBAdvDataTxPowerLevel', 'kCBAdvDataRxPrimaryPHY'])>) and Central: <CBCentralManager: 0x1598a2ca0>
2026-03-17 18:27:10,081 DEBUG bleak.backends.corebluetooth.CentralManagerDelegate Discovered device 12268CD3-B6ED-69C4-0DBD-2F05796F3E05: [TV] TV @ RSSI: -72 (kCBAdvData <nsdict_keys(['kCBAdvDataIsConnectable', 'kCBAdvDataManufacturerData', 'kCBAdvDataRxSecondaryPHY', 'kCBAdvDataTimestamp', 'kCBAdvDataRxPrimaryPHY'])>) and Central: <CBCentralManager: 0x1598a2ca0>
2026-03-17 18:27:10,086 DEBUG bleak.backends.corebluetooth.CentralManagerDelegate centralManager_didDiscoverPeripheral_advertisementData_RSSI_
2026-03-17 18:27:10,087 DEBUG bleak.backends.corebluetooth.CentralManagerDelegate centralManager_didDiscoverPeripheral_advertisementData_RSSI_
2026-03-17 18:27:10,087 DEBUG bleak.backends.corebluetooth.CentralManagerDelegate Discovered device F64DEABE-F4AD-3CC0-0573-408759FB0400: Bangle.js ac0a @ RSSI: -53 (kCBAdvData <nsdict_keys(['kCBAdvDataManufacturerData', 'kCBAdvDataTimestamp', 'kCBAdvDataIsConnectable', 'kCBAdvDataRxPrimaryPHY', 'kCBAdvDataRxSecondaryPHY', 'kCBAdvDataLocalName', 'kCBAdvDataServiceUUIDs'])>) and Central: <CBCentralManager: 0x1598a2ca0>
2026-03-17 18:27:10,087 DEBUG bleak.backends.corebluetooth.CentralManagerDelegate Discovered device F64DEABE-F4AD-3CC0-0573-408759FB0400: Bangle.js ac0a @ RSSI: -53 (kCBAdvData <nsdict_keys(['kCBAdvDataManufacturerData', 'kCBAdvDataTimestamp', 'kCBAdvDataIsConnectable', 'kCBAdvDataRxPrimaryPHY', 'kCBAdvDataRxSecondaryPHY', 'kCBAdvDataLocalName', 'kCBAdvDataServiceUUIDs'])>) and Central: <CBCentralManager: 0x1598a2ca0>
2026-03-17 18:27:10,373 DEBUG bleak.backends.corebluetooth.CentralManagerDelegate centralManager_didDiscoverPeripheral_advertisementData_RSSI_
2026-03-17 18:27:10,375 DEBUG bleak.backends.corebluetooth.CentralManagerDelegate Discovered device B6A4C030-266F-E8D3-C1B9-E1FA63A14A7C: None @ RSSI: -45 (kCBAdvData <nsdict_keys(['kCBAdvDataIsConnectable', 'kCBAdvDataManufacturerData', 'kCBAdvDataRxSecondaryPHY', 'kCBAdvDataTimestamp', 'kCBAdvDataRxPrimaryPHY'])>) and Central: <CBCentralManager: 0x1598a2ca0>
2026-03-17 18:27:10,378 DEBUG bleak.backends.corebluetooth.CentralManagerDelegate centralManager_didDiscoverPeripheral_advertisementData_RSSI_
2026-03-17 18:27:10,378 DEBUG bleak.backends.corebluetooth.CentralManagerDelegate Discovered device 12268CD3-B6ED-69C4-0DBD-2F05796F3E05: [TV] TV @ RSSI: -63 (kCBAdvData <nsdict_keys(['kCBAdvDataIsConnectable', 'kCBAdvDataManufacturerData', 'kCBAdvDataRxSecondaryPHY', 'kCBAdvDataTimestamp', 'kCBAdvDataRxPrimaryPHY'])>) and Central: <CBCentralManager: 0x1598a2ca0>
2026-03-17 18:27:10,385 DEBUG bleak.backends.corebluetooth.CentralManagerDelegate centralManager_didDiscoverPeripheral_advertisementData_RSSI_
2026-03-17 18:27:10,385 DEBUG bleak.backends.corebluetooth.CentralManagerDelegate centralManager_didDiscoverPeripheral_advertisementData_RSSI_
2026-03-17 18:27:10,386 DEBUG bleak.backends.corebluetooth.CentralManagerDelegate Discovered device 8BE94512-03ED-57EC-707E-52F21E144866: None @ RSSI: -45 (kCBAdvData <nsdict_keys(['kCBAdvDataIsConnectable', 'kCBAdvDataManufacturerData', 'kCBAdvDataRxSecondaryPHY', 'kCBAdvDataTimestamp', 'kCBAdvDataRxPrimaryPHY'])>) and Central: <CBCentralManager: 0x1598a2ca0>
2026-03-17 18:27:10,386 DEBUG bleak.backends.corebluetooth.CentralManagerDelegate Discovered device 8BE94512-03ED-57EC-707E-52F21E144866: None @ RSSI: -45 (kCBAdvData <nsdict_keys(['kCBAdvDataIsConnectable', 'kCBAdvDataManufacturerData', 'kCBAdvDataRxSecondaryPHY', 'kCBAdvDataTimestamp', 'kCBAdvDataRxPrimaryPHY'])>) and Central: <CBCentralManager: 0x1598a2ca0>
2026-03-17 18:27:10,674 DEBUG bleak.backends.corebluetooth.CentralManagerDelegate centralManager_didDiscoverPeripheral_advertisementData_RSSI_
2026-03-17 18:27:10,675 DEBUG bleak.backends.corebluetooth.CentralManagerDelegate centralManager_didDiscoverPeripheral_advertisementData_RSSI_
2026-03-17 18:27:10,675 DEBUG bleak.backends.corebluetooth.CentralManagerDelegate Discovered device 7A5A2ADE-895B-A350-1F52-9469F42360A6: None @ RSSI: -48 (kCBAdvData <nsdict_keys(['kCBAdvDataIsConnectable', 'kCBAdvDataManufacturerData', 'kCBAdvDataRxSecondaryPHY', 'kCBAdvDataTimestamp', 'kCBAdvDataRxPrimaryPHY'])>) and Central: <CBCentralManager: 0x1598a2ca0>
2026-03-17 18:27:10,676 DEBUG bleak.backends.corebluetooth.CentralManagerDelegate Discovered device 7A5A2ADE-895B-A350-1F52-9469F42360A6: None @ RSSI: -48 (kCBAdvData <nsdict_keys(['kCBAdvDataIsConnectable', 'kCBAdvDataManufacturerData', 'kCBAdvDataRxSecondaryPHY', 'kCBAdvDataTimestamp', 'kCBAdvDataRxPrimaryPHY'])>) and Central: <CBCentralManager: 0x1598a2ca0>
2026-03-17 18:27:10,689 DEBUG bleak.backends.corebluetooth.CentralManagerDelegate centralManager_didDiscoverPeripheral_advertisementData_RSSI_
2026-03-17 18:27:10,690 DEBUG bleak.backends.corebluetooth.CentralManagerDelegate Discovered device 12268CD3-B6ED-69C4-0DBD-2F05796F3E05: [TV] TV @ RSSI: -66 (kCBAdvData <nsdict_keys(['kCBAdvDataIsConnectable', 'kCBAdvDataManufacturerData', 'kCBAdvDataRxSecondaryPHY', 'kCBAdvDataTimestamp', 'kCBAdvDataRxPrimaryPHY'])>) and Central: <CBCentralManager: 0x1598a2ca0>
2026-03-17 18:27:10,692 DEBUG bleak.backends.corebluetooth.CentralManagerDelegate centralManager_didDiscoverPeripheral_advertisementData_RSSI_
2026-03-17 18:27:10,693 DEBUG bleak.backends.corebluetooth.CentralManagerDelegate Discovered device B6A4C030-266F-E8D3-C1B9-E1FA63A14A7C: None @ RSSI: -48 (kCBAdvData <nsdict_keys(['kCBAdvDataIsConnectable', 'kCBAdvDataManufacturerData', 'kCBAdvDataRxSecondaryPHY', 'kCBAdvDataTimestamp', 'kCBAdvDataRxPrimaryPHY'])>) and Central: <CBCentralManager: 0x1598a2ca0>
2026-03-17 18:27:10,698 DEBUG bleak.backends.corebluetooth.CentralManagerDelegate centralManager_didDiscoverPeripheral_advertisementData_RSSI_
2026-03-17 18:27:10,699 DEBUG bleak.backends.corebluetooth.CentralManagerDelegate Discovered device EDCA75F6-52BE-D2A5-0521-14C354B90132: None @ RSSI: -95 (kCBAdvData <nsdict_keys(['kCBAdvDataIsConnectable', 'kCBAdvDataTimestamp', 'kCBAdvDataManufacturerData', 'kCBAdvDataRxSecondaryPHY', 'kCBAdvDataTxPowerLevel', 'kCBAdvDataRxPrimaryPHY'])>) and Central: <CBCentralManager: 0x1598a2ca0>
2026-03-17 18:27:10,703 DEBUG bleak.backends.corebluetooth.CentralManagerDelegate centralManager_didDiscoverPeripheral_advertisementData_RSSI_
2026-03-17 18:27:10,705 DEBUG bleak.backends.corebluetooth.CentralManagerDelegate Discovered device 21BCFEB2-0210-670E-82FA-90100C029665: None @ RSSI: -57 (kCBAdvData <nsdict_keys(['kCBAdvDataIsConnectable', 'kCBAdvDataManufacturerData', 'kCBAdvDataRxSecondaryPHY', 'kCBAdvDataTimestamp', 'kCBAdvDataRxPrimaryPHY'])>) and Central: <CBCentralManager: 0x1598a2ca0>
2026-03-17 18:27:10,978 DEBUG bleak.backends.corebluetooth.CentralManagerDelegate centralManager_didDiscoverPeripheral_advertisementData_RSSI_
2026-03-17 18:27:10,978 DEBUG bleak.backends.corebluetooth.CentralManagerDelegate centralManager_didDiscoverPeripheral_advertisementData_RSSI_
2026-03-17 18:27:10,979 DEBUG bleak.backends.corebluetooth.CentralManagerDelegate Discovered device EDCA75F6-52BE-D2A5-0521-14C354B90132: None @ RSSI: -86 (kCBAdvData <nsdict_keys(['kCBAdvDataIsConnectable', 'kCBAdvDataTimestamp', 'kCBAdvDataManufacturerData', 'kCBAdvDataRxSecondaryPHY', 'kCBAdvDataTxPowerLevel', 'kCBAdvDataRxPrimaryPHY'])>) and Central: <CBCentralManager: 0x1598a2ca0>
2026-03-17 18:27:10,980 DEBUG bleak.backends.corebluetooth.CentralManagerDelegate Discovered device EDCA75F6-52BE-D2A5-0521-14C354B90132: None @ RSSI: -87 (kCBAdvData <nsdict_keys(['kCBAdvDataIsConnectable', 'kCBAdvDataTimestamp', 'kCBAdvDataManufacturerData', 'kCBAdvDataRxSecondaryPHY', 'kCBAdvDataTxPowerLevel', 'kCBAdvDataRxPrimaryPHY'])>) and Central: <CBCentralManager: 0x1598a2ca0>
2026-03-17 18:27:10,983 DEBUG bleak.backends.corebluetooth.CentralManagerDelegate centralManager_didDiscoverPeripheral_advertisementData_RSSI_
2026-03-17 18:27:10,983 DEBUG bleak.backends.corebluetooth.CentralManagerDelegate Discovered device F4E42BA9-D690-8D9B-FCEF-24DE2A1DA70F: None @ RSSI: -73 (kCBAdvData <nsdict_keys(['kCBAdvDataIsConnectable', 'kCBAdvDataManufacturerData', 'kCBAdvDataRxSecondaryPHY', 'kCBAdvDataTimestamp', 'kCBAdvDataRxPrimaryPHY'])>) and Central: <CBCentralManager: 0x1598a2ca0>
2026-03-17 18:27:10,999 DEBUG bleak.backends.corebluetooth.CentralManagerDelegate centralManager_didDiscoverPeripheral_advertisementData_RSSI_
2026-03-17 18:27:11,000 DEBUG bleak.backends.corebluetooth.CentralManagerDelegate Discovered device 12268CD3-B6ED-69C4-0DBD-2F05796F3E05: [TV] TV @ RSSI: -61 (kCBAdvData <nsdict_keys(['kCBAdvDataIsConnectable', 'kCBAdvDataManufacturerData', 'kCBAdvDataRxSecondaryPHY', 'kCBAdvDataTimestamp', 'kCBAdvDataRxPrimaryPHY'])>) and Central: <CBCentralManager: 0x1598a2ca0>
2026-03-17 18:27:11,271 DEBUG bleak.backends.corebluetooth.CentralManagerDelegate centralManager_didDiscoverPeripheral_advertisementData_RSSI_
2026-03-17 18:27:11,272 DEBUG bleak.backends.corebluetooth.CentralManagerDelegate Discovered device 6BA50B33-2DE6-D1F7-4242-ECEF6E7C9823: None @ RSSI: -40 (kCBAdvData <nsdict_keys(['kCBAdvDataIsConnectable', 'kCBAdvDataManufacturerData', 'kCBAdvDataRxSecondaryPHY', 'kCBAdvDataTimestamp', 'kCBAdvDataRxPrimaryPHY'])>) and Central: <CBCentralManager: 0x1598a2ca0>
2026-03-17 18:27:11,282 DEBUG bleak.backends.corebluetooth.CentralManagerDelegate centralManager_didDiscoverPeripheral_advertisementData_RSSI_
2026-03-17 18:27:11,283 DEBUG bleak.backends.corebluetooth.CentralManagerDelegate Discovered device 4BBF08AB-A764-B224-950E-B323E33C6133: None @ RSSI: -40 (kCBAdvData <nsdict_keys(['kCBAdvDataIsConnectable', 'kCBAdvDataManufacturerData', 'kCBAdvDataRxSecondaryPHY', 'kCBAdvDataTimestamp', 'kCBAdvDataRxPrimaryPHY'])>) and Central: <CBCentralManager: 0x1598a2ca0>
2026-03-17 18:27:11,298 DEBUG bleak.backends.corebluetooth.CentralManagerDelegate centralManager_didDiscoverPeripheral_advertisementData_RSSI_
2026-03-17 18:27:11,298 DEBUG bleak.backends.corebluetooth.CentralManagerDelegate Discovered device 2F5BABE0-6430-5E5C-E161-0439CE765794: None @ RSSI: -77 (kCBAdvData <nsdict_keys(['kCBAdvDataIsConnectable', 'kCBAdvDataTimestamp', 'kCBAdvDataManufacturerData', 'kCBAdvDataRxSecondaryPHY', 'kCBAdvDataTxPowerLevel', 'kCBAdvDataRxPrimaryPHY'])>) and Central: <CBCentralManager: 0x1598a2ca0>
2026-03-17 18:27:11,299 DEBUG bleak.backends.corebluetooth.CentralManagerDelegate centralManager_didDiscoverPeripheral_advertisementData_RSSI_
2026-03-17 18:27:11,299 DEBUG bleak.backends.corebluetooth.CentralManagerDelegate Discovered device 2F5BABE0-6430-5E5C-E161-0439CE765794: None @ RSSI: -77 (kCBAdvData <nsdict_keys(['kCBAdvDataIsConnectable', 'kCBAdvDataTimestamp', 'kCBAdvDataManufacturerData', 'kCBAdvDataRxSecondaryPHY', 'kCBAdvDataTxPowerLevel', 'kCBAdvDataRxPrimaryPHY'])>) and Central: <CBCentralManager: 0x1598a2ca0>
2026-03-17 18:27:11,499 DEBUG bleak.backends.corebluetooth.CentralManagerDelegate centralManager_didDiscoverPeripheral_advertisementData_RSSI_
2026-03-17 18:27:11,500 DEBUG bleak.backends.corebluetooth.CentralManagerDelegate Discovered device F4E42BA9-D690-8D9B-FCEF-24DE2A1DA70F: None @ RSSI: -83 (kCBAdvData <nsdict_keys(['kCBAdvDataIsConnectable', 'kCBAdvDataManufacturerData', 'kCBAdvDataRxSecondaryPHY', 'kCBAdvDataTimestamp', 'kCBAdvDataRxPrimaryPHY'])>) and Central: <CBCentralManager: 0x1598a2ca0>
2026-03-17 18:27:11,506 DEBUG bleak.backends.corebluetooth.CentralManagerDelegate centralManager_didDiscoverPeripheral_advertisementData_RSSI_
2026-03-17 18:27:11,511 DEBUG bleak.backends.corebluetooth.CentralManagerDelegate centralManager_didDiscoverPeripheral_advertisementData_RSSI_
2026-03-17 18:27:11,511 DEBUG bleak.backends.corebluetooth.CentralManagerDelegate Discovered device 91500ADB-F357-BE00-E5E0-1DC52A29C89F: ELK-BLEDOM  0 @ RSSI: -73 (kCBAdvData <nsdict_keys(['kCBAdvDataLocalName', 'kCBAdvDataRxPrimaryPHY', 'kCBAdvDataRxSecondaryPHY', 'kCBAdvDataTimestamp', 'kCBAdvDataIsConnectable'])>) and Central: <CBCentralManager: 0x1598a2ca0>
2026-03-17 18:27:11,512 DEBUG bleak.backends.corebluetooth.CentralManagerDelegate Discovered device 91500ADB-F357-BE00-E5E0-1DC52A29C89F: ELK-BLEDOM  0 @ RSSI: -73 (kCBAdvData <nsdict_keys(['kCBAdvDataLocalName', 'kCBAdvDataRxPrimaryPHY', 'kCBAdvDataRxSecondaryPHY', 'kCBAdvDataTimestamp', 'kCBAdvDataIsConnectable'])>) and Central: <CBCentralManager: 0x1598a2ca0>
2026-03-17 18:27:11,784 DEBUG bleak.backends.corebluetooth.CentralManagerDelegate centralManager_didDiscoverPeripheral_advertisementData_RSSI_
2026-03-17 18:27:11,786 DEBUG bleak.backends.corebluetooth.CentralManagerDelegate Discovered device 12268CD3-B6ED-69C4-0DBD-2F05796F3E05: [TV] TV @ RSSI: -64 (kCBAdvData <nsdict_keys(['kCBAdvDataIsConnectable', 'kCBAdvDataManufacturerData', 'kCBAdvDataRxSecondaryPHY', 'kCBAdvDataTimestamp', 'kCBAdvDataRxPrimaryPHY'])>) and Central: <CBCentralManager: 0x1598a2ca0>
2026-03-17 18:27:11,809 DEBUG bleak.backends.corebluetooth.CentralManagerDelegate centralManager_didDiscoverPeripheral_advertisementData_RSSI_
2026-03-17 18:27:11,814 DEBUG bleak.backends.corebluetooth.CentralManagerDelegate Discovered device EDCA75F6-52BE-D2A5-0521-14C354B90132: None @ RSSI: -87 (kCBAdvData <nsdict_keys(['kCBAdvDataIsConnectable', 'kCBAdvDataTimestamp', 'kCBAdvDataManufacturerData', 'kCBAdvDataRxSecondaryPHY', 'kCBAdvDataTxPowerLevel', 'kCBAdvDataRxPrimaryPHY'])>) and Central: <CBCentralManager: 0x1598a2ca0>
2026-03-17 18:27:12,235 DEBUG bleak.backends.corebluetooth.CentralManagerDelegate 'isScanning' changed
2026-03-17 18:27:12,236 INFO sleep_receiver scan: selected Bangle.js ac0a (F64DEABE-F4AD-3CC0-0573-408759FB0400) rssi=-53
2026-03-17 18:27:12,236 INFO sleep_receiver ble: connecting to F64DEABE-F4AD-3CC0-0573-408759FB0400
2026-03-17 18:27:12,245 DEBUG bleak.backends.corebluetooth.client CentralManagerDelegate  at <CentralManagerDelegate: 0x159882990>
2026-03-17 18:27:12,245 DEBUG bleak.backends.corebluetooth.client Connecting to BLE device @ F64DEABE-F4AD-3CC0-0573-408759FB0400
2026-03-17 18:27:12,678 DEBUG bleak.backends.corebluetooth.CentralManagerDelegate centralManager_didConnectPeripheral_
2026-03-17 18:27:12,680 DEBUG bleak.backends.corebluetooth.client Retrieving services...
2026-03-17 18:27:12,720 DEBUG bleak.backends.corebluetooth.PeripheralDelegate peripheral_didDiscoverServices_
2026-03-17 18:27:12,722 DEBUG bleak.backends.corebluetooth.PeripheralDelegate Services discovered
2026-03-17 18:27:12,723 DEBUG bleak.backends.corebluetooth.client Retrieving characteristics for service 6E400001-B5A3-F393-E0A9-E50E24DCCA9E
2026-03-17 18:27:12,724 DEBUG bleak.backends.corebluetooth.PeripheralDelegate peripheral_didDiscoverCharacteristicsForService_error_
2026-03-17 18:27:12,726 DEBUG bleak.backends.corebluetooth.PeripheralDelegate Characteristics discovered
2026-03-17 18:27:12,726 DEBUG bleak.backends.corebluetooth.client Retrieving descriptors for characteristic 6E400002-B5A3-F393-E0A9-E50E24DCCA9E
2026-03-17 18:27:12,727 DEBUG bleak.backends.corebluetooth.PeripheralDelegate peripheral_didDiscoverDescriptorsForCharacteristic_error_
2026-03-17 18:27:12,727 DEBUG bleak.backends.corebluetooth.PeripheralDelegate Descriptor discovered 12
2026-03-17 18:27:12,729 DEBUG bleak.backends.corebluetooth.client Retrieving descriptors for characteristic 6E400003-B5A3-F393-E0A9-E50E24DCCA9E
2026-03-17 18:27:12,730 DEBUG bleak.backends.corebluetooth.PeripheralDelegate peripheral_didDiscoverDescriptorsForCharacteristic_error_
2026-03-17 18:27:12,730 DEBUG bleak.backends.corebluetooth.PeripheralDelegate Descriptor discovered 14
2026-03-17 18:27:12,731 DEBUG bleak.backends.corebluetooth.client Services resolved for BleakClientCoreBluetooth (F64DEABE-F4AD-3CC0-0573-408759FB0400)
2026-03-17 18:27:13,732 WARNING sleep_receiver ble: custom characteristic missing, falling back to UART notify (6e400003-b5a3-f393-e0a9-e50e24dcca9e)
2026-03-17 18:27:13,733 INFO sleep_receiver gatt: service 6e400001-b5a3-f393-e0a9-e50e24dcca9e
2026-03-17 18:27:13,733 INFO sleep_receiver gatt:   char 6e400002-b5a3-f393-e0a9-e50e24dcca9e props=write-without-response,write
2026-03-17 18:27:13,733 INFO sleep_receiver gatt:   char 6e400003-b5a3-f393-e0a9-e50e24dcca9e props=notify
2026-03-17 18:27:13,746 DEBUG bleak.backends.corebluetooth.PeripheralDelegate peripheral_didUpdateNotificationStateForCharacteristic_error_
2026-03-17 18:27:13,746 DEBUG bleak.backends.corebluetooth.PeripheralDelegate Character Notify Update
2026-03-17 18:27:13,746 INFO sleep_receiver ble: subscribed to UART fallback notifications
2026-03-17 18:27:19,109 DEBUG bleak.backends.corebluetooth.PeripheralDelegate peripheral_didUpdateValueForCharacteristic_error_
2026-03-17 18:27:19,111 INFO sleep_receiver uart-notify: seq=2 status=2 consecutive=1 source=0 ts=1773772083 bpm=72 movement=111
2026-03-17 18:27:19,118 DEBUG bleak.backends.corebluetooth.PeripheralDelegate peripheral_didUpdateValueForCharacteristic_error_
2026-03-17 18:27:19,251 DEBUG bleak.backends.corebluetooth.PeripheralDelegate peripheral_didUpdateValueForCharacteristic_error_
2026-03-17 18:28:12,449 DEBUG bleak.backends.corebluetooth.PeripheralDelegate peripheral_didUpdateNotificationStateForCharacteristic_error_
2026-03-17 18:28:12,450 DEBUG bleak.backends.corebluetooth.PeripheralDelegate Character Notify Update
2026-03-17 18:28:12,450 DEBUG bleak.backends.corebluetooth.CentralManagerDelegate centralManager_didDisconnectPeripheral_error_
2026-03-17 18:28:12,450 DEBUG bleak.backends.corebluetooth.CentralManagerDelegate Peripheral Device disconnected!
2026-03-17 18:28:12,450 WARNING sleep_receiver ble: disconnected
2026-03-17 18:28:21,341 INFO sleep_receiver scan: looking for name prefix 'Bangle'
2026-03-17 18:28:31,459 INFO sleep_receiver scan: selected Bangle.js ac0a (F64DEABE-F4AD-3CC0-0573-408759FB0400) rssi=-53
2026-03-17 18:28:31,460 INFO sleep_receiver ble: connecting to F64DEABE-F4AD-3CC0-0573-408759FB0400
2026-03-17 18:28:33,160 WARNING sleep_receiver ble: custom characteristic missing, falling back to UART notify (6e400003-b5a3-f393-e0a9-e50e24dcca9e)
2026-03-17 18:28:33,160 INFO sleep_receiver gatt: service 6e400001-b5a3-f393-e0a9-e50e24dcca9e
2026-03-17 18:28:33,161 INFO sleep_receiver gatt:   char 6e400002-b5a3-f393-e0a9-e50e24dcca9e props=write-without-response,write
2026-03-17 18:28:33,161 INFO sleep_receiver gatt:   char 6e400003-b5a3-f393-e0a9-e50e24dcca9e props=notify
2026-03-17 18:28:33,179 INFO sleep_receiver ble: subscribed to UART fallback notifications
2026-03-17 18:28:46,065 INFO sleep_receiver uart-notify: seq=3 status=2 consecutive=1 source=0 ts=1773772170 bpm=72 movement=111
2026-03-17 18:32:25,995 WARNING sleep_receiver ble: disconnected
2026-03-17 18:32:27,569 INFO sleep_receiver scan: looking for name prefix 'Bangle'
2026-03-17 18:32:37,714 INFO sleep_receiver scan: selected Bangle.js ac0a (F64DEABE-F4AD-3CC0-0573-408759FB0400) rssi=-49
2026-03-17 18:32:37,715 INFO sleep_receiver ble: connecting to F64DEABE-F4AD-3CC0-0573-408759FB0400
2026-03-17 18:32:39,107 WARNING sleep_receiver ble: custom characteristic missing, falling back to UART notify (6e400003-b5a3-f393-e0a9-e50e24dcca9e)
2026-03-17 18:32:39,107 INFO sleep_receiver gatt: service 6e400001-b5a3-f393-e0a9-e50e24dcca9e
2026-03-17 18:32:39,107 INFO sleep_receiver gatt:   char 6e400002-b5a3-f393-e0a9-e50e24dcca9e props=write-without-response,write
2026-03-17 18:32:39,107 INFO sleep_receiver gatt:   char 6e400003-b5a3-f393-e0a9-e50e24dcca9e props=notify
2026-03-17 18:32:39,123 INFO sleep_receiver ble: subscribed to UART fallback notifications
2026-03-17 18:34:54,381 WARNING sleep_receiver ble: disconnected
2026-03-17 18:39:12,378 INFO sleep_receiver scan: looking for name prefix 'Bangle'
2026-03-17 18:39:22,570 INFO sleep_receiver scan: selected Bangle.js ac0a (F64DEABE-F4AD-3CC0-0573-408759FB0400) rssi=-49
2026-03-17 18:39:22,572 INFO sleep_receiver ble: connecting to F64DEABE-F4AD-3CC0-0573-408759FB0400
2026-03-17 18:39:24,201 WARNING sleep_receiver ble: custom characteristic missing, falling back to UART notify (6e400003-b5a3-f393-e0a9-e50e24dcca9e)
2026-03-17 18:39:24,201 INFO sleep_receiver gatt: service 6e400001-b5a3-f393-e0a9-e50e24dcca9e
2026-03-17 18:39:24,201 INFO sleep_receiver gatt:   char 6e400002-b5a3-f393-e0a9-e50e24dcca9e props=write-without-response,write
2026-03-17 18:39:24,201 INFO sleep_receiver gatt:   char 6e400003-b5a3-f393-e0a9-e50e24dcca9e props=notify
2026-03-17 18:39:24,218 INFO sleep_receiver ble: subscribed to UART fallback notifications
2026-03-17 18:39:37,263 INFO sleep_receiver uart-notify: seq=3 status=2 consecutive=1 source=0 ts=1773772822 bpm=0 movement=336
2026-03-17 18:41:51,136 WARNING sleep_receiver ble: disconnected
2026-03-17 18:41:53,214 INFO sleep_receiver scan: looking for name prefix 'Bangle'
2026-03-17 18:42:03,353 INFO sleep_receiver scan: selected Bangle.js ac0a (F64DEABE-F4AD-3CC0-0573-408759FB0400) rssi=-53
2026-03-17 18:42:03,358 INFO sleep_receiver ble: connecting to F64DEABE-F4AD-3CC0-0573-408759FB0400
2026-03-17 18:42:05,006 WARNING sleep_receiver ble: custom characteristic missing, falling back to UART notify (6e400003-b5a3-f393-e0a9-e50e24dcca9e)
2026-03-17 18:42:05,007 INFO sleep_receiver gatt: service 6e400001-b5a3-f393-e0a9-e50e24dcca9e
2026-03-17 18:42:05,008 INFO sleep_receiver gatt:   char 6e400002-b5a3-f393-e0a9-e50e24dcca9e props=write-without-response,write
2026-03-17 18:42:05,008 INFO sleep_receiver gatt:   char 6e400003-b5a3-f393-e0a9-e50e24dcca9e props=notify
2026-03-17 18:42:05,024 INFO sleep_receiver ble: subscribed to UART fallback notifications
2026-03-17 18:42:17,565 INFO sleep_receiver uart-notify: seq=8 status=2 consecutive=1 source=0 ts=1773772982 bpm=0 movement=336
2026-03-17 18:42:19,942 INFO sleep_receiver uart-notify: seq=9 status=2 consecutive=1 source=0 ts=1773772984 bpm=0 movement=336
2026-03-17 18:42:21,189 INFO sleep_receiver uart-notify: seq=10 status=2 consecutive=1 source=0 ts=1773772986 bpm=0 movement=336
2026-03-17 18:42:21,735 INFO sleep_receiver uart-notify: seq=11 status=2 consecutive=1 source=0 ts=1773772986 bpm=0 movement=336
2026-03-17 18:42:22,328 INFO sleep_receiver uart-notify: seq=12 status=2 consecutive=1 source=0 ts=1773772987 bpm=0 movement=336
2026-03-17 18:42:23,340 INFO sleep_receiver uart-notify: seq=13 status=2 consecutive=1 source=0 ts=1773772988 bpm=0 movement=336
2026-03-17 18:42:28,104 INFO sleep_receiver uart-notify: seq=14 status=2 consecutive=1 source=0 ts=1773772992 bpm=0 movement=336
2026-03-17 18:44:26,815 WARNING sleep_receiver ble: disconnected
2026-03-17 18:50:32,064 INFO sleep_receiver scan: looking for name prefix 'Bangle'
2026-03-17 18:50:42,225 INFO sleep_receiver scan: selected Bangle.js ac0a (F64DEABE-F4AD-3CC0-0573-408759FB0400) rssi=-58
2026-03-17 18:50:42,227 INFO sleep_receiver ble: connecting to F64DEABE-F4AD-3CC0-0573-408759FB0400
2026-03-17 18:50:43,795 WARNING sleep_receiver ble: custom characteristic missing, falling back to UART notify (6e400003-b5a3-f393-e0a9-e50e24dcca9e)
2026-03-17 18:50:43,796 INFO sleep_receiver gatt: service 6e400001-b5a3-f393-e0a9-e50e24dcca9e
2026-03-17 18:50:43,796 INFO sleep_receiver gatt:   char 6e400002-b5a3-f393-e0a9-e50e24dcca9e props=write-without-response,write
2026-03-17 18:50:43,796 INFO sleep_receiver gatt:   char 6e400003-b5a3-f393-e0a9-e50e24dcca9e props=notify
2026-03-17 18:50:43,814 INFO sleep_receiver ble: subscribed to UART fallback notifications
2026-03-17 18:57:10,172 INFO sleep_receiver uart-notify: seq=1 status=2 consecutive=1 source=0 ts=1773773874 bpm=72 movement=111
2026-03-17 18:57:13,639 INFO sleep_receiver uart-notify: seq=2 status=2 consecutive=1 source=0 ts=1773773878 bpm=72 movement=111
2026-03-17 18:57:17,085 INFO sleep_receiver uart-notify: seq=3 status=2 consecutive=1 source=0 ts=1773773881 bpm=72 movement=111
2026-03-17 18:57:17,721 INFO sleep_receiver uart-notify: seq=4 status=2 consecutive=1 source=0 ts=1773773882 bpm=72 movement=111
2026-03-17 18:57:18,286 INFO sleep_receiver uart-notify: seq=5 status=2 consecutive=1 source=0 ts=1773773883 bpm=72 movement=111
2026-03-17 18:57:18,825 INFO sleep_receiver uart-notify: seq=6 status=2 consecutive=1 source=0 ts=1773773883 bpm=72 movement=111
2026-03-17 18:57:19,501 INFO sleep_receiver uart-notify: seq=7 status=2 consecutive=1 source=0 ts=1773773884 bpm=72 movement=111
2026-03-17 18:57:20,138 INFO sleep_receiver uart-notify: seq=8 status=2 consecutive=1 source=0 ts=1773773885 bpm=72 movement=111
2026-03-17 18:57:29,961 WARNING sleep_receiver ble: disconnected
2026-03-18 15:14:42,064 INFO sleep_receiver scan: looking for name prefix 'Bangle'
2026-03-18 15:14:52,455 INFO sleep_receiver scan: selected Bangle.js ac0a (F64DEABE-F4AD-3CC0-0573-408759FB0400) rssi=-64
2026-03-18 15:14:52,457 INFO sleep_receiver ble: connecting to F64DEABE-F4AD-3CC0-0573-408759FB0400
2026-03-18 15:14:54,927 WARNING sleep_receiver ble: custom characteristic missing, falling back to UART notify (6e400003-b5a3-f393-e0a9-e50e24dcca9e)
2026-03-18 15:14:54,928 INFO sleep_receiver gatt: service 6e400001-b5a3-f393-e0a9-e50e24dcca9e
2026-03-18 15:14:54,928 INFO sleep_receiver gatt:   char 6e400002-b5a3-f393-e0a9-e50e24dcca9e props=write-without-response,write
2026-03-18 15:14:54,928 INFO sleep_receiver gatt:   char 6e400003-b5a3-f393-e0a9-e50e24dcca9e props=notify
2026-03-18 15:14:54,943 INFO sleep_receiver ble: subscribed to UART fallback notifications
2026-03-18 15:19:14,525 INFO sleep_receiver uart-notify: seq=1 status=2 consecutive=0 source=0 ts=1773846600 bpm=56 movement=595
2026-03-18 15:29:14,835 INFO sleep_receiver uart-notify: seq=1 status=2 consecutive=0 source=0 ts=1773847200 bpm=101 movement=372
2026-03-18 15:29:14,836 WARNING sleep_receiver sequence gap: last=1 current=1
2026-03-18 15:36:25,028 WARNING sleep_receiver ble: disconnected
2026-04-12 23:21:36,007 INFO sleep_receiver scan: looking for name prefix 'Bangle'
2026-04-12 23:21:46,467 INFO sleep_receiver scan: selected Bangle.js ac0a (F64DEABE-F4AD-3CC0-0573-408759FB0400) rssi=-63
2026-04-12 23:21:46,469 INFO sleep_receiver ble: connecting to F64DEABE-F4AD-3CC0-0573-408759FB0400
2026-04-12 23:21:48,252 INFO sleep_receiver ble: subscribed to UART notifications
2026-04-12 23:22:05,767 INFO sleep_receiver uart: seq=98 status=3 consecutive=0 source=1 ts=1776032703 bpm=59 movement=24 sdhr=3
2026-04-12 23:23:05,771 INFO sleep_receiver uart: seq=99 status=3 consecutive=0 source=1 ts=1776032763 bpm=70 movement=42 sdhr=2.2
2026-04-12 23:24:05,772 INFO sleep_receiver uart: seq=100 status=3 consecutive=0 source=1 ts=1776032823 bpm=77 movement=87 sdhr=6.4
2026-04-12 23:25:05,737 INFO sleep_receiver uart: seq=101 status=3 consecutive=0 source=1 ts=1776032883 bpm=71 movement=44 sdhr=4.3
2026-04-12 23:26:05,724 INFO sleep_receiver uart: seq=102 status=3 consecutive=0 source=1 ts=1776032943 bpm=76 movement=59 sdhr=6
2026-04-12 23:27:01,742 INFO sleep_receiver uart: seq=103 status=3 consecutive=0 source=1 ts=1776032400 bpm=84 movement=729 sdhr=6
2026-04-12 23:27:05,764 INFO sleep_receiver uart: seq=104 status=3 consecutive=0 source=1 ts=1776033003 bpm=74 movement=14 sdhr=8.9
2026-04-12 23:28:05,751 INFO sleep_receiver uart: seq=105 status=3 consecutive=0 source=1 ts=1776033063 bpm=68 movement=44 sdhr=2.7
2026-04-12 23:29:05,737 INFO sleep_receiver uart: seq=106 status=3 consecutive=0 source=1 ts=1776033123 bpm=64 movement=13 sdhr=2.8
2026-04-12 23:30:05,726 INFO sleep_receiver uart: seq=107 status=3 consecutive=0 source=1 ts=1776033183 bpm=69 movement=32 sdhr=4.2
2026-04-12 23:31:05,736 INFO sleep_receiver uart: seq=108 status=3 consecutive=0 source=1 ts=1776033243 bpm=71 movement=11 sdhr=1.9
2026-04-12 23:32:05,746 INFO sleep_receiver uart: seq=109 status=3 consecutive=0 source=1 ts=1776033303 bpm=71 movement=23 sdhr=2.5
2026-04-12 23:33:05,755 INFO sleep_receiver uart: seq=110 status=3 consecutive=0 source=1 ts=1776033363 bpm=69 movement=17 sdhr=1.9
2026-04-12 23:34:05,741 INFO sleep_receiver uart: seq=111 status=3 consecutive=0 source=1 ts=1776033423 bpm=68 movement=17 sdhr=2.9
2026-04-12 23:35:05,758 INFO sleep_receiver uart: seq=112 status=3 consecutive=0 source=1 ts=1776033483 bpm=71 movement=18 sdhr=2.2
2026-04-12 23:36:05,726 INFO sleep_receiver uart: seq=113 status=3 consecutive=0 source=1 ts=1776033543 bpm=64 movement=19 sdhr=1.1
2026-04-12 23:37:01,690 INFO sleep_receiver uart: seq=114 status=3 consecutive=0 source=1 ts=1776033000 bpm=73 movement=258 sdhr=1.1
2026-04-12 23:37:05,719 INFO sleep_receiver uart: seq=115 status=3 consecutive=0 source=1 ts=1776033603 bpm=63 movement=19 sdhr=2.6
2026-04-12 23:38:05,721 INFO sleep_receiver uart: seq=116 status=3 consecutive=0 source=1 ts=1776033663 bpm=67 movement=18 sdhr=2.4
2026-04-12 23:39:05,725 INFO sleep_receiver uart: seq=117 status=3 consecutive=0 source=1 ts=1776033723 bpm=74 movement=25 sdhr=4.9
2026-04-12 23:40:05,721 INFO sleep_receiver uart: seq=118 status=3 consecutive=0 source=1 ts=1776033783 bpm=63 movement=17 sdhr=1.8
2026-04-12 23:41:05,715 INFO sleep_receiver uart: seq=119 status=3 consecutive=0 source=1 ts=1776033843 bpm=64 movement=25 sdhr=1.7
2026-04-12 23:42:05,708 INFO sleep_receiver uart: seq=120 status=3 consecutive=0 source=1 ts=1776033903 bpm=76 movement=26 sdhr=8.9
2026-04-12 23:43:05,710 INFO sleep_receiver uart: seq=121 status=3 consecutive=0 source=1 ts=1776033963 bpm=61 movement=14 sdhr=2.8
2026-04-12 23:44:05,683 INFO sleep_receiver uart: seq=122 status=3 consecutive=0 source=1 ts=1776034023 bpm=68 movement=16 sdhr=4.4
2026-04-12 23:45:05,685 INFO sleep_receiver uart: seq=123 status=3 consecutive=0 source=1 ts=1776034083 bpm=70 movement=15 sdhr=3.1
2026-04-12 23:46:05,704 INFO sleep_receiver uart: seq=124 status=3 consecutive=0 source=1 ts=1776034143 bpm=66 movement=14 sdhr=2
2026-04-12 23:47:01,624 INFO sleep_receiver uart: seq=125 status=3 consecutive=0 source=1 ts=1776033600 bpm=69 movement=240 sdhr=2
2026-04-12 23:47:05,696 INFO sleep_receiver uart: seq=126 status=3 consecutive=0 source=1 ts=1776034203 bpm=66 movement=17 sdhr=3.3
2026-04-12 23:48:05,701 INFO sleep_receiver uart: seq=127 status=3 consecutive=0 source=1 ts=1776034263 bpm=68 movement=15 sdhr=2.9
2026-04-12 23:49:05,678 INFO sleep_receiver uart: seq=128 status=3 consecutive=0 source=1 ts=1776034323 bpm=64 movement=15 sdhr=1.9
2026-04-12 23:50:05,672 INFO sleep_receiver uart: seq=129 status=3 consecutive=0 source=1 ts=1776034383 bpm=64 movement=36 sdhr=4
2026-04-12 23:51:05,669 INFO sleep_receiver uart: seq=130 status=3 consecutive=0 source=1 ts=1776034443 bpm=70 movement=29 sdhr=2.5
2026-04-12 23:52:05,635 INFO sleep_receiver uart: seq=131 status=3 consecutive=0 source=1 ts=1776034503 bpm=71 movement=55 sdhr=5.6
2026-04-12 23:53:05,629 INFO sleep_receiver uart: seq=132 status=2 consecutive=1 source=1 ts=1776034563 bpm=93 movement=63 sdhr=4.3
2026-04-12 23:54:05,655 INFO sleep_receiver uart: seq=133 status=2 consecutive=1 source=1 ts=1776034623 bpm=75 movement=18 sdhr=2.6
2026-04-12 23:55:05,664 INFO sleep_receiver uart: seq=134 status=2 consecutive=1 source=1 ts=1776034683 bpm=70 movement=17 sdhr=6.2
2026-04-12 23:56:05,673 INFO sleep_receiver uart: seq=135 status=2 consecutive=1 source=1 ts=1776034743 bpm=70 movement=15 sdhr=6.2
2026-04-12 23:57:01,655 INFO sleep_receiver uart: seq=136 status=2 consecutive=1 source=1 ts=1776034200 bpm=80 movement=391 sdhr=6.2
2026-04-12 23:57:05,645 INFO sleep_receiver uart: seq=137 status=2 consecutive=1 source=1 ts=1776034803 bpm=75 movement=19 sdhr=2.5
2026-04-12 23:58:05,640 INFO sleep_receiver uart: seq=138 status=2 consecutive=1 source=1 ts=1776034863 bpm=84 movement=18 sdhr=2.7
2026-04-12 23:59:05,628 INFO sleep_receiver uart: seq=139 status=2 consecutive=1 source=1 ts=1776034923 bpm=77 movement=16 sdhr=4
2026-04-13 00:00:05,654 INFO sleep_receiver uart: seq=140 status=2 consecutive=1 source=1 ts=1776034983 bpm=65 movement=17 sdhr=2.6
2026-04-13 00:01:05,633 INFO sleep_receiver uart: seq=141 status=2 consecutive=1 source=1 ts=1776035043 bpm=63 movement=14 sdhr=3.3
2026-04-13 00:02:05,636 INFO sleep_receiver uart: seq=142 status=2 consecutive=1 source=1 ts=1776035103 bpm=64 movement=34 sdhr=3.1
2026-04-13 00:03:05,598 INFO sleep_receiver uart: seq=143 status=2 consecutive=1 source=1 ts=1776035163 bpm=96 movement=77 sdhr=7.4
2026-04-13 00:04:05,593 INFO sleep_receiver uart: seq=144 status=2 consecutive=1 source=1 ts=1776035223 bpm=94 movement=65 sdhr=3.1
2026-04-13 00:05:05,602 INFO sleep_receiver uart: seq=145 status=2 consecutive=1 source=1 ts=1776035283 bpm=96 movement=77 sdhr=3.4
2026-04-13 00:06:05,606 INFO sleep_receiver uart: seq=146 status=2 consecutive=1 source=1 ts=1776035343 bpm=76 movement=17 sdhr=5.8
2026-04-13 00:07:01,595 INFO sleep_receiver uart: seq=147 status=2 consecutive=1 source=1 ts=1776034800 bpm=74 movement=566 sdhr=5.8
2026-04-13 00:07:05,616 INFO sleep_receiver uart: seq=148 status=2 consecutive=1 source=1 ts=1776035403 bpm=70 movement=16 sdhr=2.4
2026-04-13 00:08:05,596 INFO sleep_receiver uart: seq=149 status=2 consecutive=1 source=1 ts=1776035463 bpm=64 movement=12 sdhr=2.3
2026-04-13 00:09:05,615 INFO sleep_receiver uart: seq=150 status=2 consecutive=1 source=1 ts=1776035523 bpm=66 movement=12 sdhr=4.1
2026-04-13 00:10:05,607 INFO sleep_receiver uart: seq=151 status=2 consecutive=1 source=1 ts=1776035583 bpm=69 movement=13 sdhr=3
2026-04-13 00:11:05,603 INFO sleep_receiver uart: seq=152 status=2 consecutive=1 source=1 ts=1776035643 bpm=68 movement=10 sdhr=2.9
2026-04-13 00:12:05,612 INFO sleep_receiver uart: seq=153 status=2 consecutive=1 source=1 ts=1776035703 bpm=69 movement=12 sdhr=4.3
2026-04-13 00:13:05,599 INFO sleep_receiver uart: seq=154 status=2 consecutive=1 source=1 ts=1776035763 bpm=64 movement=13 sdhr=2.8
2026-04-13 00:14:05,594 INFO sleep_receiver uart: seq=155 status=2 consecutive=1 source=1 ts=1776035823 bpm=63 movement=16 sdhr=2.6
2026-04-13 00:15:05,605 INFO sleep_receiver uart: seq=156 status=2 consecutive=1 source=1 ts=1776035883 bpm=64 movement=10 sdhr=2.4
2026-04-13 00:16:05,569 INFO sleep_receiver uart: seq=157 status=2 consecutive=1 source=1 ts=1776035943 bpm=63 movement=10 sdhr=1.6
2026-04-13 00:17:01,543 INFO sleep_receiver uart: seq=158 status=2 consecutive=1 source=1 ts=1776035400 bpm=71 movement=192 sdhr=1.6
2026-04-13 00:17:05,558 INFO sleep_receiver uart: seq=159 status=2 consecutive=1 source=1 ts=1776036003 bpm=65 movement=10 sdhr=0.9
2026-04-13 00:18:05,566 INFO sleep_receiver uart: seq=160 status=2 consecutive=1 source=1 ts=1776036063 bpm=63 movement=11 sdhr=1.6
2026-04-13 00:19:05,568 INFO sleep_receiver uart: seq=161 status=2 consecutive=1 source=1 ts=1776036123 bpm=67 movement=14 sdhr=2.4
2026-04-13 00:20:05,570 INFO sleep_receiver uart: seq=162 status=2 consecutive=1 source=1 ts=1776036183 bpm=68 movement=12 sdhr=4.2
2026-04-13 00:21:05,580 INFO sleep_receiver uart: seq=163 status=2 consecutive=1 source=1 ts=1776036243 bpm=69 movement=11 sdhr=3.8
2026-04-13 00:22:05,575 INFO sleep_receiver uart: seq=164 status=2 consecutive=1 source=1 ts=1776036303 bpm=61 movement=11 sdhr=1
2026-04-13 00:23:05,564 INFO sleep_receiver uart: seq=165 status=2 consecutive=1 source=1 ts=1776036363 bpm=64 movement=12 sdhr=3.2
2026-04-13 00:24:05,543 INFO sleep_receiver uart: seq=166 status=2 consecutive=1 source=1 ts=1776036423 bpm=65 movement=14 sdhr=2.2
2026-04-13 00:25:05,559 INFO sleep_receiver uart: seq=167 status=2 consecutive=1 source=1 ts=1776036483 bpm=71 movement=17 sdhr=1.5
2026-04-13 00:26:05,556 INFO sleep_receiver uart: seq=168 status=2 consecutive=1 source=1 ts=1776036543 bpm=65 movement=15 sdhr=1.9
2026-04-13 00:27:01,482 INFO sleep_receiver uart: seq=169 status=2 consecutive=1 source=1 ts=1776036000 bpm=70 movement=193 sdhr=1.9
2026-04-13 00:27:05,533 INFO sleep_receiver uart: seq=170 status=2 consecutive=1 source=1 ts=1776036603 bpm=67 movement=15 sdhr=0.7
2026-04-13 00:28:05,545 INFO sleep_receiver uart: seq=171 status=2 consecutive=1 source=1 ts=1776036663 bpm=66 movement=18 sdhr=1.5
2026-04-13 00:29:05,547 INFO sleep_receiver uart: seq=172 status=2 consecutive=1 source=1 ts=1776036723 bpm=71 movement=20 sdhr=4.8
2026-04-13 00:30:05,518 INFO sleep_receiver uart: seq=173 status=2 consecutive=1 source=1 ts=1776036783 bpm=63 movement=17 sdhr=0.8
2026-04-13 00:31:05,530 INFO sleep_receiver uart: seq=174 status=2 consecutive=1 source=1 ts=1776036843 bpm=68 movement=20 sdhr=2.4
2026-04-13 00:32:05,544 INFO sleep_receiver uart: seq=175 status=5 consecutive=1 source=1 ts=1776036903 bpm=70 movement=16 sdhr=2.8
2026-04-13 00:33:05,528 INFO sleep_receiver uart: seq=176 status=2 consecutive=0 source=1 ts=1776036963 bpm=62 movement=13 sdhr=2.6
2026-04-13 00:34:05,535 INFO sleep_receiver uart: seq=177 status=2 consecutive=1 source=1 ts=1776037023 bpm=70 movement=14 sdhr=2
2026-04-13 00:35:05,514 INFO sleep_receiver uart: seq=178 status=2 consecutive=1 source=1 ts=1776037083 bpm=67 movement=12 sdhr=2.4
2026-04-13 00:36:05,336 INFO sleep_receiver uart: seq=179 status=2 consecutive=1 source=1 ts=1776037143 bpm=63 movement=12 sdhr=2
2026-04-13 00:37:01,313 INFO sleep_receiver uart: seq=180 status=2 consecutive=1 source=1 ts=1776036600 bpm=79 movement=194 sdhr=2
2026-04-13 00:37:05,336 INFO sleep_receiver uart: seq=181 status=2 consecutive=1 source=1 ts=1776037203 bpm=60 movement=15 sdhr=1.5
2026-04-13 00:38:05,319 INFO sleep_receiver uart: seq=182 status=2 consecutive=1 source=1 ts=1776037263 bpm=67 movement=16 sdhr=3
2026-04-13 00:39:05,328 INFO sleep_receiver uart: seq=183 status=2 consecutive=1 source=1 ts=1776037323 bpm=68 movement=13 sdhr=2.7
2026-04-13 00:40:05,304 INFO sleep_receiver uart: seq=184 status=2 consecutive=1 source=1 ts=1776037383 bpm=65 movement=14 sdhr=2.7
2026-04-13 00:41:05,305 INFO sleep_receiver uart: seq=185 status=2 consecutive=1 source=1 ts=1776037443 bpm=66 movement=14 sdhr=3.8
2026-04-13 00:42:05,310 INFO sleep_receiver uart: seq=186 status=2 consecutive=1 source=1 ts=1776037503 bpm=67 movement=14 sdhr=2
2026-04-13 00:43:05,298 INFO sleep_receiver uart: seq=187 status=2 consecutive=1 source=1 ts=1776037563 bpm=73 movement=11 sdhr=2.3
2026-04-13 00:44:05,289 INFO sleep_receiver uart: seq=188 status=2 consecutive=1 source=1 ts=1776037623 bpm=65 movement=11 sdhr=1.8
2026-04-13 00:45:05,274 INFO sleep_receiver uart: seq=189 status=2 consecutive=1 source=1 ts=1776037683 bpm=68 movement=11 sdhr=1.6
2026-04-13 00:46:05,284 INFO sleep_receiver uart: seq=190 status=5 consecutive=1 source=1 ts=1776037743 bpm=71 movement=15 sdhr=2.8
2026-04-13 00:47:01,239 INFO sleep_receiver uart: seq=191 status=5 consecutive=1 source=1 ts=1776037200 bpm=70 movement=201 sdhr=2.8
2026-04-13 00:47:05,267 INFO sleep_receiver uart: seq=192 status=2 consecutive=0 source=1 ts=1776037803 bpm=70 movement=21 sdhr=1.4
2026-04-13 00:48:05,267 INFO sleep_receiver uart: seq=193 status=5 consecutive=0 source=1 ts=1776037863 bpm=71 movement=32 sdhr=2.1
2026-04-13 00:49:05,261 INFO sleep_receiver uart: seq=194 status=5 consecutive=0 source=1 ts=1776037923 bpm=72 movement=37 sdhr=3.8
2026-04-13 00:50:05,249 INFO sleep_receiver uart: seq=195 status=5 consecutive=0 source=1 ts=1776037983 bpm=73 movement=20 sdhr=5.5
2026-04-13 00:51:05,221 INFO sleep_receiver uart: seq=196 status=2 consecutive=1 source=1 ts=1776038043 bpm=70 movement=34 sdhr=1.7
2026-04-13 00:52:05,231 INFO sleep_receiver uart: seq=197 status=2 consecutive=1 source=1 ts=1776038103 bpm=69 movement=25 sdhr=1.4
2026-04-13 00:53:05,245 INFO sleep_receiver uart: seq=198 status=5 consecutive=1 source=1 ts=1776038163 bpm=74 movement=29 sdhr=4.4
2026-04-13 00:54:05,232 INFO sleep_receiver uart: seq=199 status=5 consecutive=1 source=1 ts=1776038223 bpm=72 movement=33 sdhr=2.9
2026-04-13 00:55:05,210 INFO sleep_receiver uart: seq=200 status=5 consecutive=1 source=1 ts=1776038283 bpm=70 movement=31 sdhr=4.7
2026-04-13 00:56:05,222 INFO sleep_receiver uart: seq=201 status=2 consecutive=0 source=1 ts=1776038343 bpm=66 movement=15 sdhr=2.6
2026-04-13 00:57:01,163 INFO sleep_receiver uart: seq=202 status=2 consecutive=1 source=1 ts=1776037800 bpm=77 movement=397 sdhr=2.6
2026-04-13 00:57:05,199 INFO sleep_receiver uart: seq=203 status=2 consecutive=1 source=1 ts=1776038403 bpm=63 movement=16 sdhr=1.2
2026-04-13 00:58:05,199 INFO sleep_receiver uart: seq=204 status=2 consecutive=1 source=1 ts=1776038463 bpm=64 movement=15 sdhr=2
2026-04-13 00:59:05,191 INFO sleep_receiver uart: seq=205 status=2 consecutive=1 source=1 ts=1776038523 bpm=64 movement=15 sdhr=1.7
2026-04-13 01:00:05,192 INFO sleep_receiver uart: seq=206 status=2 consecutive=1 source=1 ts=1776038583 bpm=63 movement=18 sdhr=1
2026-04-13 01:01:05,202 INFO sleep_receiver uart: seq=207 status=2 consecutive=1 source=1 ts=1776038643 bpm=61 movement=17 sdhr=3.5
2026-04-13 01:02:05,180 INFO sleep_receiver uart: seq=208 status=2 consecutive=1 source=1 ts=1776038703 bpm=63 movement=24 sdhr=4.1
2026-04-13 01:03:05,171 INFO sleep_receiver uart: seq=209 status=2 consecutive=1 source=1 ts=1776038763 bpm=70 movement=21 sdhr=4.3
2026-04-13 01:04:05,166 INFO sleep_receiver uart: seq=210 status=2 consecutive=1 source=1 ts=1776038823 bpm=65 movement=13 sdhr=4.5
2026-04-13 01:05:05,172 INFO sleep_receiver uart: seq=211 status=5 consecutive=1 source=1 ts=1776038883 bpm=70 movement=14 sdhr=4.4
2026-04-13 01:06:05,162 INFO sleep_receiver uart: seq=212 status=2 consecutive=0 source=1 ts=1776038943 bpm=71 movement=17 sdhr=1.3
2026-04-13 01:07:01,088 INFO sleep_receiver uart: seq=213 status=2 consecutive=1 source=1 ts=1776038400 bpm=72 movement=248 sdhr=1.3
2026-04-13 01:07:05,158 INFO sleep_receiver uart: seq=214 status=2 consecutive=1 source=1 ts=1776039003 bpm=67 movement=32 sdhr=4
2026-04-13 01:08:05,148 INFO sleep_receiver uart: seq=215 status=2 consecutive=1 source=1 ts=1776039063 bpm=66 movement=26 sdhr=3.8
2026-04-13 01:09:05,140 INFO sleep_receiver uart: seq=216 status=2 consecutive=1 source=1 ts=1776039123 bpm=72 movement=26 sdhr=2.9
2026-04-13 01:10:05,120 INFO sleep_receiver uart: seq=217 status=2 consecutive=1 source=1 ts=1776039183 bpm=68 movement=48 sdhr=2.2
2026-04-13 01:11:05,073 INFO sleep_receiver uart: seq=218 status=2 consecutive=1 source=1 ts=1776039243 bpm=75 movement=83 sdhr=2.5
2026-04-13 01:12:05,095 INFO sleep_receiver uart: seq=219 status=5 consecutive=1 source=1 ts=1776039303 bpm=70 movement=37 sdhr=3
2026-04-13 01:13:05,119 INFO sleep_receiver uart: seq=220 status=2 consecutive=0 source=1 ts=1776039363 bpm=65 movement=14 sdhr=2.4
2026-04-13 01:14:05,113 INFO sleep_receiver uart: seq=221 status=2 consecutive=1 source=1 ts=1776039423 bpm=65 movement=17 sdhr=2.6
2026-04-13 01:15:05,095 INFO sleep_receiver uart: seq=222 status=2 consecutive=1 source=1 ts=1776039483 bpm=63 movement=17 sdhr=2.1
2026-04-13 01:16:05,096 INFO sleep_receiver uart: seq=223 status=2 consecutive=1 source=1 ts=1776039543 bpm=59 movement=11 sdhr=2.3
2026-04-13 01:17:01,083 INFO sleep_receiver uart: seq=224 status=2 consecutive=1 source=1 ts=1776039000 bpm=72 movement=420 sdhr=2.3
2026-04-13 01:17:05,111 INFO sleep_receiver uart: seq=225 status=4 consecutive=0 source=1 ts=1776039603 bpm=59 movement=12 sdhr=1.6
2026-04-13 01:18:05,083 INFO sleep_receiver uart: seq=226 status=4 consecutive=0 source=1 ts=1776039663 bpm=62 movement=11 sdhr=4.1
2026-04-13 01:19:05,072 INFO sleep_receiver uart: seq=227 status=4 consecutive=0 source=1 ts=1776039723 bpm=59 movement=14 sdhr=2.9
2026-04-13 01:20:05,082 INFO sleep_receiver uart: seq=228 status=4 consecutive=0 source=1 ts=1776039783 bpm=60 movement=19 sdhr=0.6
2026-04-13 01:21:05,081 INFO sleep_receiver uart: seq=229 status=3 consecutive=0 source=1 ts=1776039843 bpm=63 movement=19 sdhr=3
2026-04-13 01:22:05,072 INFO sleep_receiver uart: seq=230 status=4 consecutive=0 source=1 ts=1776039903 bpm=54 movement=18 sdhr=5.1
2026-04-13 01:23:05,050 INFO sleep_receiver uart: seq=231 status=3 consecutive=0 source=1 ts=1776039963 bpm=64 movement=41 sdhr=6.3
2026-04-13 01:24:05,051 INFO sleep_receiver uart: seq=232 status=3 consecutive=0 source=1 ts=1776040023 bpm=63 movement=19 sdhr=5.2
2026-04-13 01:25:05,034 INFO sleep_receiver uart: seq=233 status=4 consecutive=0 source=1 ts=1776040083 bpm=55 movement=13 sdhr=0.5
2026-04-13 01:26:05,029 INFO sleep_receiver uart: seq=234 status=4 consecutive=0 source=1 ts=1776040143 bpm=57 movement=15 sdhr=1.6
2026-04-13 01:27:00,999 INFO sleep_receiver uart: seq=235 status=4 consecutive=0 source=1 ts=1776039600 bpm=59 movement=256 sdhr=1.6
2026-04-13 01:27:05,035 INFO sleep_receiver uart: seq=236 status=3 consecutive=0 source=1 ts=1776040203 bpm=63 movement=18 sdhr=4.5
2026-04-13 01:28:05,027 INFO sleep_receiver uart: seq=237 status=3 consecutive=0 source=1 ts=1776040263 bpm=64 movement=19 sdhr=3.6
2026-04-13 01:29:05,027 INFO sleep_receiver uart: seq=238 status=4 consecutive=0 source=1 ts=1776040323 bpm=57 movement=12 sdhr=2.1
2026-04-13 01:30:05,020 INFO sleep_receiver uart: seq=239 status=4 consecutive=0 source=1 ts=1776040383 bpm=55 movement=12 sdhr=1.5
2026-04-13 01:31:05,022 INFO sleep_receiver uart: seq=240 status=3 consecutive=0 source=1 ts=1776040443 bpm=60 movement=12 sdhr=1.5
2026-04-13 01:32:04,998 INFO sleep_receiver uart: seq=241 status=4 consecutive=0 source=1 ts=1776040503 bpm=56 movement=12 sdhr=2
2026-04-13 01:33:05,006 INFO sleep_receiver uart: seq=242 status=4 consecutive=0 source=1 ts=1776040563 bpm=55 movement=11 sdhr=1.1
2026-04-13 01:34:05,000 INFO sleep_receiver uart: seq=243 status=3 consecutive=0 source=1 ts=1776040623 bpm=62 movement=18 sdhr=3.6
2026-04-13 01:35:04,990 INFO sleep_receiver uart: seq=244 status=3 consecutive=0 source=1 ts=1776040683 bpm=63 movement=22 sdhr=6
2026-04-13 01:36:04,968 INFO sleep_receiver uart: seq=245 status=4 consecutive=0 source=1 ts=1776040743 bpm=55 movement=19 sdhr=1
2026-04-13 01:37:00,911 INFO sleep_receiver uart: seq=246 status=4 consecutive=0 source=1 ts=1776040200 bpm=54 movement=219 sdhr=1
2026-04-13 01:37:04,976 INFO sleep_receiver uart: seq=247 status=3 consecutive=0 source=1 ts=1776040803 bpm=55 movement=21 sdhr=0.9
2026-04-13 01:38:04,968 INFO sleep_receiver uart: seq=248 status=3 consecutive=0 source=1 ts=1776040863 bpm=54 movement=24 sdhr=2.1
2026-04-13 01:39:04,963 INFO sleep_receiver uart: seq=249 status=4 consecutive=0 source=1 ts=1776040923 bpm=53 movement=20 sdhr=1.8
2026-04-13 01:40:04,953 INFO sleep_receiver uart: seq=250 status=4 consecutive=0 source=1 ts=1776040983 bpm=54 movement=20 sdhr=1.1
2026-04-13 01:41:04,953 INFO sleep_receiver uart: seq=251 status=4 consecutive=0 source=1 ts=1776041043 bpm=54 movement=17 sdhr=1.2
2026-04-13 01:42:04,939 INFO sleep_receiver uart: seq=252 status=4 consecutive=0 source=1 ts=1776041103 bpm=55 movement=14 sdhr=0.8
2026-04-13 01:43:04,932 INFO sleep_receiver uart: seq=253 status=3 consecutive=0 source=1 ts=1776041163 bpm=55 movement=24 sdhr=1.6
2026-04-13 01:44:04,931 INFO sleep_receiver uart: seq=254 status=4 consecutive=0 source=1 ts=1776041223 bpm=56 movement=17 sdhr=1.6
2026-04-13 01:45:04,931 INFO sleep_receiver uart: seq=255 status=4 consecutive=0 source=1 ts=1776041283 bpm=56 movement=18 sdhr=0.8
2026-04-13 01:46:05,011 INFO sleep_receiver uart: seq=256 status=3 consecutive=0 source=1 ts=1776041343 bpm=57 movement=20 sdhr=2
2026-04-13 01:47:00,940 INFO sleep_receiver uart: seq=257 status=3 consecutive=0 source=1 ts=1776040800 bpm=58 movement=175 sdhr=2
2026-04-13 01:47:05,021 INFO sleep_receiver uart: seq=258 status=3 consecutive=0 source=1 ts=1776041403 bpm=56 movement=22 sdhr=1.2
2026-04-13 01:48:05,006 INFO sleep_receiver uart: seq=259 status=4 consecutive=2 source=1 ts=1776041463 bpm=56 movement=18 sdhr=0.4
2026-04-13 01:49:05,022 INFO sleep_receiver uart: seq=260 status=4 consecutive=2 source=1 ts=1776041523 bpm=58 movement=18 sdhr=1.5
2026-04-13 01:50:05,038 INFO sleep_receiver uart: seq=261 status=3 consecutive=2 source=1 ts=1776041583 bpm=57 movement=22 sdhr=1.9
2026-04-13 01:51:05,003 INFO sleep_receiver uart: seq=262 status=3 consecutive=2 source=1 ts=1776041643 bpm=59 movement=23 sdhr=0.5
2026-04-13 01:52:05,010 INFO sleep_receiver uart: seq=263 status=4 consecutive=2 source=1 ts=1776041703 bpm=58 movement=19 sdhr=0.5
2026-04-13 01:53:05,006 INFO sleep_receiver uart: seq=264 status=3 consecutive=2 source=1 ts=1776041763 bpm=59 movement=22 sdhr=0.8
2026-04-13 01:54:05,007 INFO sleep_receiver uart: seq=265 status=3 consecutive=2 source=1 ts=1776041823 bpm=58 movement=23 sdhr=2.2
2026-04-13 01:55:05,001 INFO sleep_receiver uart: seq=266 status=4 consecutive=2 source=1 ts=1776041883 bpm=58 movement=19 sdhr=1.2
2026-04-13 01:56:04,995 INFO sleep_receiver uart: seq=267 status=3 consecutive=2 source=1 ts=1776041943 bpm=59 movement=20 sdhr=1.5
2026-04-13 01:57:00,969 INFO sleep_receiver uart: seq=268 status=3 consecutive=2 source=1 ts=1776041400 bpm=60 movement=191 sdhr=1.5
2026-04-13 01:57:04,989 INFO sleep_receiver uart: seq=269 status=3 consecutive=2 source=1 ts=1776042003 bpm=59 movement=15 sdhr=3.3
2026-04-13 01:58:04,968 INFO sleep_receiver uart: seq=270 status=3 consecutive=2 source=1 ts=1776042063 bpm=66 movement=28 sdhr=9
2026-04-13 01:59:04,977 INFO sleep_receiver uart: seq=271 status=3 consecutive=2 source=1 ts=1776042123 bpm=54 movement=22 sdhr=1.8
2026-04-13 02:00:04,979 INFO sleep_receiver uart: seq=272 status=3 consecutive=2 source=1 ts=1776042183 bpm=56 movement=18 sdhr=1.1
2026-04-13 02:01:04,977 INFO sleep_receiver uart: seq=273 status=4 consecutive=2 source=1 ts=1776042243 bpm=55 movement=20 sdhr=1.8
2026-04-13 02:02:04,966 INFO sleep_receiver uart: seq=274 status=3 consecutive=2 source=1 ts=1776042303 bpm=57 movement=26 sdhr=1.4
2026-04-13 02:03:04,945 INFO sleep_receiver uart: seq=275 status=3 consecutive=2 source=1 ts=1776042363 bpm=55 movement=21 sdhr=2.2
2026-04-13 02:04:04,953 INFO sleep_receiver uart: seq=276 status=3 consecutive=2 source=1 ts=1776042423 bpm=55 movement=21 sdhr=3.1
2026-04-13 02:05:04,962 INFO sleep_receiver uart: seq=277 status=3 consecutive=2 source=1 ts=1776042483 bpm=55 movement=21 sdhr=1.6
2026-04-13 02:06:04,950 INFO sleep_receiver uart: seq=278 status=3 consecutive=2 source=1 ts=1776042543 bpm=56 movement=22 sdhr=1.2
2026-04-13 02:07:00,899 INFO sleep_receiver uart: seq=279 status=3 consecutive=2 source=1 ts=1776042000 bpm=53 movement=198 sdhr=1.2
2026-04-13 02:07:04,935 INFO sleep_receiver uart: seq=280 status=3 consecutive=2 source=1 ts=1776042603 bpm=58 movement=20 sdhr=0.5
2026-04-13 02:08:04,990 INFO sleep_receiver uart: seq=281 status=3 consecutive=2 source=1 ts=1776042664 bpm=58 movement=21 sdhr=1.3
2026-04-13 02:09:04,930 INFO sleep_receiver uart: seq=282 status=3 consecutive=2 source=1 ts=1776042723 bpm=57 movement=20 sdhr=0.9
2026-04-13 02:10:04,918 INFO sleep_receiver uart: seq=283 status=3 consecutive=2 source=1 ts=1776042783 bpm=56 movement=22 sdhr=1
2026-04-13 02:11:04,927 INFO sleep_receiver uart: seq=284 status=3 consecutive=2 source=1 ts=1776042843 bpm=58 movement=22 sdhr=0.6
2026-04-13 02:12:04,935 INFO sleep_receiver uart: seq=285 status=3 consecutive=2 source=1 ts=1776042903 bpm=57 movement=21 sdhr=0.8
2026-04-13 02:13:04,913 INFO sleep_receiver uart: seq=286 status=3 consecutive=2 source=1 ts=1776042963 bpm=58 movement=21 sdhr=0.5
2026-04-13 02:14:04,908 INFO sleep_receiver uart: seq=287 status=3 consecutive=2 source=1 ts=1776043023 bpm=58 movement=23 sdhr=1.4
2026-04-13 02:15:04,904 INFO sleep_receiver uart: seq=288 status=3 consecutive=2 source=1 ts=1776043083 bpm=58 movement=19 sdhr=0.4
2026-04-13 02:16:04,895 INFO sleep_receiver uart: seq=289 status=3 consecutive=2 source=1 ts=1776043143 bpm=58 movement=24 sdhr=1.1
2026-04-13 02:17:00,842 INFO sleep_receiver uart: seq=290 status=3 consecutive=2 source=1 ts=1776042600 bpm=55 movement=187 sdhr=1.1
2026-04-13 02:17:04,904 INFO sleep_receiver uart: seq=291 status=4 consecutive=2 source=1 ts=1776043203 bpm=58 movement=20 sdhr=2.4
2026-04-13 02:18:04,890 INFO sleep_receiver uart: seq=292 status=3 consecutive=2 source=1 ts=1776043263 bpm=55 movement=21 sdhr=2.8
2026-04-13 02:19:04,907 INFO sleep_receiver uart: seq=293 status=4 consecutive=2 source=1 ts=1776043323 bpm=58 movement=19 sdhr=1.7
2026-04-13 02:20:04,893 INFO sleep_receiver uart: seq=294 status=3 consecutive=2 source=1 ts=1776043383 bpm=59 movement=22 sdhr=1.3
2026-04-13 02:21:04,903 INFO sleep_receiver uart: seq=295 status=4 consecutive=2 source=1 ts=1776043443 bpm=57 movement=17 sdhr=0.8
2026-04-13 02:22:04,880 INFO sleep_receiver uart: seq=296 status=4 consecutive=2 source=1 ts=1776043503 bpm=56 movement=18 sdhr=1.2
2026-04-13 02:23:04,882 INFO sleep_receiver uart: seq=297 status=3 consecutive=2 source=1 ts=1776043563 bpm=57 movement=20 sdhr=0.9
2026-04-13 02:24:04,869 INFO sleep_receiver uart: seq=298 status=3 consecutive=2 source=1 ts=1776043623 bpm=58 movement=21 sdhr=1.3
2026-04-13 02:25:04,871 INFO sleep_receiver uart: seq=299 status=3 consecutive=2 source=1 ts=1776043683 bpm=59 movement=20 sdhr=1.9
2026-04-13 02:26:04,864 INFO sleep_receiver uart: seq=300 status=3 consecutive=2 source=1 ts=1776043743 bpm=57 movement=19 sdhr=0.9
2026-04-13 02:27:00,853 INFO sleep_receiver uart: seq=301 status=3 consecutive=2 source=1 ts=1776043200 bpm=57 movement=174 sdhr=0.9
2026-04-13 02:27:04,858 INFO sleep_receiver uart: seq=302 status=3 consecutive=2 source=1 ts=1776043803 bpm=59 movement=18 sdhr=1.7
2026-04-13 02:28:04,859 INFO sleep_receiver uart: seq=303 status=4 consecutive=2 source=1 ts=1776043863 bpm=57 movement=19 sdhr=2.8
2026-04-13 02:29:04,846 INFO sleep_receiver uart: seq=304 status=4 consecutive=2 source=1 ts=1776043923 bpm=57 movement=20 sdhr=4.9
2026-04-13 02:30:04,846 INFO sleep_receiver uart: seq=305 status=3 consecutive=2 source=1 ts=1776043983 bpm=59 movement=21 sdhr=1.8
2026-04-13 02:31:04,834 INFO sleep_receiver uart: seq=306 status=3 consecutive=2 source=1 ts=1776044043 bpm=61 movement=31 sdhr=1.1
2026-04-13 02:32:04,843 INFO sleep_receiver uart: seq=307 status=3 consecutive=2 source=1 ts=1776044103 bpm=69 movement=19 sdhr=4.7
2026-04-13 02:33:04,814 INFO sleep_receiver uart: seq=308 status=3 consecutive=2 source=1 ts=1776044163 bpm=75 movement=7 sdhr=1.5
2026-04-13 02:34:04,824 INFO sleep_receiver uart: seq=309 status=3 consecutive=2 source=1 ts=1776044223 bpm=69 movement=11 sdhr=1
2026-04-13 02:35:04,821 INFO sleep_receiver uart: seq=310 status=3 consecutive=2 source=1 ts=1776044283 bpm=67 movement=28 sdhr=1.7
2026-04-13 02:36:04,819 INFO sleep_receiver uart: seq=311 status=3 consecutive=2 source=1 ts=1776044343 bpm=63 movement=24 sdhr=1.5
2026-04-13 02:37:00,776 INFO sleep_receiver uart: seq=312 status=3 consecutive=2 source=1 ts=1776043800 bpm=75 movement=169 sdhr=1.5
2026-04-13 02:37:04,804 INFO sleep_receiver uart: seq=313 status=3 consecutive=2 source=1 ts=1776044403 bpm=63 movement=12 sdhr=2.7
2026-04-13 02:38:04,805 INFO sleep_receiver uart: seq=314 status=3 consecutive=2 source=1 ts=1776044463 bpm=60 movement=20 sdhr=2.8
2026-04-13 02:39:04,808 INFO sleep_receiver uart: seq=315 status=3 consecutive=2 source=1 ts=1776044523 bpm=59 movement=19 sdhr=1.6
2026-04-13 02:40:04,793 INFO sleep_receiver uart: seq=316 status=3 consecutive=2 source=1 ts=1776044583 bpm=62 movement=20 sdhr=3.6
2026-04-13 02:41:04,789 INFO sleep_receiver uart: seq=317 status=3 consecutive=2 source=1 ts=1776044643 bpm=67 movement=17 sdhr=0.7
2026-04-13 02:42:04,797 INFO sleep_receiver uart: seq=318 status=3 consecutive=2 source=1 ts=1776044703 bpm=67 movement=22 sdhr=3
2026-04-13 02:43:04,783 INFO sleep_receiver uart: seq=319 status=3 consecutive=2 source=1 ts=1776044763 bpm=67 movement=25 sdhr=1.9
2026-04-13 02:44:04,784 INFO sleep_receiver uart: seq=320 status=5 consecutive=2 source=1 ts=1776044823 bpm=69 movement=32 sdhr=6.5
2026-04-13 02:45:04,779 INFO sleep_receiver uart: seq=321 status=3 consecutive=2 source=1 ts=1776044883 bpm=60 movement=19 sdhr=9.2
2026-04-13 02:46:04,772 INFO sleep_receiver uart: seq=322 status=3 consecutive=2 source=1 ts=1776044943 bpm=57 movement=19 sdhr=0.9
2026-04-13 02:47:00,714 INFO sleep_receiver uart: seq=323 status=3 consecutive=2 source=1 ts=1776044400 bpm=58 movement=203 sdhr=0.9
2026-04-13 02:47:04,773 INFO sleep_receiver uart: seq=324 status=5 consecutive=2 source=1 ts=1776045003 bpm=68 movement=14 sdhr=6.9
2026-04-13 02:48:04,773 INFO sleep_receiver uart: seq=325 status=4 consecutive=2 source=1 ts=1776045063 bpm=58 movement=11 sdhr=1.9
2026-04-13 02:49:04,761 INFO sleep_receiver uart: seq=326 status=4 consecutive=2 source=1 ts=1776045123 bpm=57 movement=10 sdhr=1
2026-04-13 02:50:04,772 INFO sleep_receiver uart: seq=327 status=4 consecutive=2 source=1 ts=1776045183 bpm=57 movement=10 sdhr=1.1
2026-04-13 02:51:04,748 INFO sleep_receiver uart: seq=328 status=4 consecutive=2 source=1 ts=1776045243 bpm=57 movement=11 sdhr=1.9
2026-04-13 02:52:04,749 INFO sleep_receiver uart: seq=329 status=3 consecutive=2 source=1 ts=1776045303 bpm=59 movement=11 sdhr=1.4
2026-04-13 02:53:04,739 INFO sleep_receiver uart: seq=330 status=3 consecutive=2 source=1 ts=1776045363 bpm=59 movement=12 sdhr=2.5
2026-04-13 02:54:04,729 INFO sleep_receiver uart: seq=331 status=3 consecutive=2 source=1 ts=1776045423 bpm=58 movement=12 sdhr=1.2
2026-04-13 02:55:04,715 INFO sleep_receiver uart: seq=332 status=3 consecutive=2 source=1 ts=1776045483 bpm=59 movement=11 sdhr=0.9
2026-04-13 02:56:04,718 INFO sleep_receiver uart: seq=333 status=3 consecutive=2 source=1 ts=1776045543 bpm=58 movement=11 sdhr=1.1
2026-04-13 02:57:00,653 INFO sleep_receiver uart: seq=334 status=3 consecutive=2 source=1 ts=1776045000 bpm=57 movement=188 sdhr=1.1
2026-04-13 02:57:04,719 INFO sleep_receiver uart: seq=335 status=3 consecutive=2 source=1 ts=1776045603 bpm=59 movement=10 sdhr=0.5
2026-04-13 02:58:04,713 INFO sleep_receiver uart: seq=336 status=3 consecutive=2 source=1 ts=1776045663 bpm=59 movement=12 sdhr=1.1
2026-04-13 02:59:04,698 INFO sleep_receiver uart: seq=337 status=3 consecutive=2 source=1 ts=1776045723 bpm=59 movement=11 sdhr=0.4
2026-04-13 03:00:04,693 INFO sleep_receiver uart: seq=338 status=3 consecutive=2 source=1 ts=1776045783 bpm=58 movement=11 sdhr=0.9
2026-04-13 03:01:04,702 INFO sleep_receiver uart: seq=339 status=3 consecutive=2 source=1 ts=1776045843 bpm=58 movement=9 sdhr=1.1
2026-04-13 03:02:04,709 INFO sleep_receiver uart: seq=340 status=4 consecutive=2 source=1 ts=1776045903 bpm=57 movement=10 sdhr=1.5
2026-04-13 03:03:04,696 INFO sleep_receiver uart: seq=341 status=3 consecutive=2 source=1 ts=1776045963 bpm=59 movement=12 sdhr=1.8
2026-04-13 03:04:04,683 INFO sleep_receiver uart: seq=342 status=3 consecutive=2 source=1 ts=1776046023 bpm=60 movement=11 sdhr=0.9
2026-04-13 03:05:04,677 INFO sleep_receiver uart: seq=343 status=3 consecutive=2 source=1 ts=1776046083 bpm=60 movement=11 sdhr=1.2
2026-04-13 03:06:04,680 INFO sleep_receiver uart: seq=344 status=3 consecutive=2 source=1 ts=1776046143 bpm=58 movement=10 sdhr=0.4
2026-04-13 03:07:00,667 INFO sleep_receiver uart: seq=345 status=3 consecutive=2 source=1 ts=1776045600 bpm=60 movement=182 sdhr=0.4
2026-04-13 03:07:04,686 INFO sleep_receiver uart: seq=346 status=3 consecutive=2 source=1 ts=1776046203 bpm=59 movement=9 sdhr=1.1
2026-04-13 03:08:04,668 INFO sleep_receiver uart: seq=347 status=4 consecutive=2 source=1 ts=1776046263 bpm=58 movement=11 sdhr=2.6
2026-04-13 03:09:04,644 INFO sleep_receiver uart: seq=348 status=3 consecutive=2 source=1 ts=1776046323 bpm=67 movement=20 sdhr=8.8
2026-04-13 03:10:04,655 INFO sleep_receiver uart: seq=349 status=3 consecutive=2 source=1 ts=1776046383 bpm=61 movement=25 sdhr=3
2026-04-13 03:11:04,641 INFO sleep_receiver uart: seq=350 status=3 consecutive=2 source=1 ts=1776046443 bpm=59 movement=20 sdhr=1
2026-04-13 03:12:04,648 INFO sleep_receiver uart: seq=351 status=3 consecutive=2 source=1 ts=1776046503 bpm=56 movement=18 sdhr=2
2026-04-13 03:13:04,642 INFO sleep_receiver uart: seq=352 status=3 consecutive=2 source=1 ts=1776046563 bpm=57 movement=21 sdhr=2
2026-04-13 03:14:04,646 INFO sleep_receiver uart: seq=353 status=3 consecutive=2 source=1 ts=1776046623 bpm=58 movement=21 sdhr=2.2
2026-04-13 03:15:04,645 INFO sleep_receiver uart: seq=354 status=4 consecutive=2 source=1 ts=1776046683 bpm=58 movement=19 sdhr=1.3
2026-04-13 03:16:04,638 INFO sleep_receiver uart: seq=355 status=3 consecutive=2 source=1 ts=1776046743 bpm=57 movement=20 sdhr=1.8
2026-04-13 03:17:00,599 INFO sleep_receiver uart: seq=356 status=3 consecutive=2 source=1 ts=1776046200 bpm=58 movement=197 sdhr=1.8
2026-04-13 03:17:04,626 INFO sleep_receiver uart: seq=357 status=3 consecutive=2 source=1 ts=1776046803 bpm=57 movement=24 sdhr=1.3
2026-04-13 03:18:04,635 INFO sleep_receiver uart: seq=358 status=4 consecutive=2 source=1 ts=1776046863 bpm=58 movement=19 sdhr=1.6
2026-04-13 03:19:04,621 INFO sleep_receiver uart: seq=359 status=3 consecutive=2 source=1 ts=1776046923 bpm=56 movement=21 sdhr=1.6
2026-04-13 03:20:04,614 INFO sleep_receiver uart: seq=360 status=3 consecutive=2 source=1 ts=1776046983 bpm=68 movement=22 sdhr=9.9
2026-04-13 03:21:04,622 INFO sleep_receiver uart: seq=361 status=3 consecutive=2 source=1 ts=1776047043 bpm=60 movement=18 sdhr=11.6
2026-04-13 03:22:04,604 INFO sleep_receiver uart: seq=362 status=3 consecutive=2 source=1 ts=1776047103 bpm=56 movement=17 sdhr=1.4
2026-04-13 03:23:04,604 INFO sleep_receiver uart: seq=363 status=4 consecutive=2 source=1 ts=1776047163 bpm=56 movement=19 sdhr=1.8
2026-04-13 03:24:04,590 INFO sleep_receiver uart: seq=364 status=4 consecutive=2 source=1 ts=1776047223 bpm=58 movement=17 sdhr=1.9
2026-04-13 03:25:04,608 INFO sleep_receiver uart: seq=365 status=3 consecutive=2 source=1 ts=1776047283 bpm=58 movement=19 sdhr=2.8
2026-04-13 03:26:04,578 INFO sleep_receiver uart: seq=366 status=4 consecutive=2 source=1 ts=1776047343 bpm=58 movement=20 sdhr=3.1
2026-04-13 03:27:00,529 INFO sleep_receiver uart: seq=367 status=4 consecutive=2 source=1 ts=1776046800 bpm=54 movement=184 sdhr=3.1
2026-04-13 03:27:04,573 INFO sleep_receiver uart: seq=368 status=4 consecutive=2 source=1 ts=1776047403 bpm=57 movement=18 sdhr=1.9
2026-04-13 03:28:04,597 INFO sleep_receiver uart: seq=369 status=3 consecutive=2 source=1 ts=1776047463 bpm=58 movement=16 sdhr=1.9
2026-04-13 03:29:04,582 INFO sleep_receiver uart: seq=370 status=3 consecutive=2 source=1 ts=1776047523 bpm=58 movement=17 sdhr=2.1
2026-04-13 03:30:04,560 INFO sleep_receiver uart: seq=371 status=3 consecutive=2 source=1 ts=1776047583 bpm=59 movement=17 sdhr=2
2026-04-13 03:31:04,539 INFO sleep_receiver uart: seq=372 status=3 consecutive=2 source=1 ts=1776047643 bpm=59 movement=21 sdhr=1.5
2026-04-13 03:32:04,555 INFO sleep_receiver uart: seq=373 status=3 consecutive=2 source=1 ts=1776047703 bpm=58 movement=17 sdhr=0.6
2026-04-13 03:33:04,550 INFO sleep_receiver uart: seq=374 status=3 consecutive=2 source=1 ts=1776047763 bpm=59 movement=18 sdhr=1.5
2026-04-13 03:34:04,536 INFO sleep_receiver uart: seq=375 status=3 consecutive=2 source=1 ts=1776047823 bpm=60 movement=19 sdhr=0.9
2026-04-13 03:35:04,627 INFO sleep_receiver uart: seq=376 status=3 consecutive=2 source=1 ts=1776047884 bpm=59 movement=23 sdhr=2.3
2026-04-13 03:36:04,539 INFO sleep_receiver uart: seq=377 status=3 consecutive=2 source=1 ts=1776047943 bpm=60 movement=18 sdhr=0.6
2026-04-13 03:37:00,458 INFO sleep_receiver uart: seq=378 status=3 consecutive=2 source=1 ts=1776047400 bpm=59 movement=183 sdhr=0.6
2026-04-13 03:37:04,534 INFO sleep_receiver uart: seq=379 status=3 consecutive=2 source=1 ts=1776048003 bpm=60 movement=19 sdhr=1.3
2026-04-13 03:38:04,518 INFO sleep_receiver uart: seq=380 status=3 consecutive=2 source=1 ts=1776048063 bpm=60 movement=18 sdhr=1.1
2026-04-13 03:39:04,520 INFO sleep_receiver uart: seq=381 status=3 consecutive=2 source=1 ts=1776048123 bpm=58 movement=15 sdhr=1.6
2026-04-13 03:40:04,514 INFO sleep_receiver uart: seq=382 status=3 consecutive=2 source=1 ts=1776048183 bpm=58 movement=20 sdhr=1.2
2026-04-13 03:41:04,523 INFO sleep_receiver uart: seq=383 status=3 consecutive=2 source=1 ts=1776048243 bpm=59 movement=20 sdhr=0.9
2026-04-13 03:42:04,509 INFO sleep_receiver uart: seq=384 status=3 consecutive=2 source=1 ts=1776048303 bpm=58 movement=20 sdhr=0.6
2026-04-13 03:43:04,496 INFO sleep_receiver uart: seq=385 status=3 consecutive=2 source=1 ts=1776048363 bpm=61 movement=17 sdhr=1.3
2026-04-13 03:44:04,497 INFO sleep_receiver uart: seq=386 status=3 consecutive=2 source=1 ts=1776048423 bpm=59 movement=20 sdhr=1.5
2026-04-13 03:45:04,492 INFO sleep_receiver uart: seq=387 status=3 consecutive=2 source=1 ts=1776048483 bpm=59 movement=17 sdhr=1.3
2026-04-13 03:46:04,500 INFO sleep_receiver uart: seq=388 status=3 consecutive=2 source=1 ts=1776048543 bpm=60 movement=19 sdhr=1.1
2026-04-13 03:47:00,472 INFO sleep_receiver uart: seq=389 status=3 consecutive=2 source=1 ts=1776048000 bpm=58 movement=180 sdhr=1.1
2026-04-13 03:47:04,478 INFO sleep_receiver uart: seq=390 status=3 consecutive=2 source=1 ts=1776048603 bpm=60 movement=18 sdhr=1.1
2026-04-13 03:48:04,472 INFO sleep_receiver uart: seq=391 status=3 consecutive=2 source=1 ts=1776048663 bpm=59 movement=14 sdhr=1
2026-04-13 03:49:04,474 INFO sleep_receiver uart: seq=392 status=3 consecutive=2 source=1 ts=1776048723 bpm=59 movement=20 sdhr=0.8
2026-04-13 03:50:04,453 INFO sleep_receiver uart: seq=393 status=3 consecutive=2 source=1 ts=1776048783 bpm=58 movement=20 sdhr=2.2
2026-04-13 03:51:04,462 INFO sleep_receiver uart: seq=394 status=3 consecutive=2 source=1 ts=1776048843 bpm=58 movement=19 sdhr=0.8
2026-04-13 03:52:04,463 INFO sleep_receiver uart: seq=395 status=3 consecutive=2 source=1 ts=1776048903 bpm=58 movement=19 sdhr=1.9
2026-04-13 03:53:04,599 INFO sleep_receiver uart: seq=396 status=3 consecutive=2 source=1 ts=1776048963 bpm=59 movement=18 sdhr=1.5
2026-04-13 03:54:04,602 INFO sleep_receiver uart: seq=397 status=4 consecutive=2 source=1 ts=1776049023 bpm=57 movement=18 sdhr=1.6
2026-04-13 03:55:04,594 INFO sleep_receiver uart: seq=398 status=3 consecutive=2 source=1 ts=1776049083 bpm=58 movement=22 sdhr=0.9
2026-04-13 03:56:04,585 INFO sleep_receiver uart: seq=399 status=3 consecutive=2 source=1 ts=1776049143 bpm=58 movement=21 sdhr=1.7
2026-04-13 03:57:00,550 INFO sleep_receiver uart: seq=400 status=3 consecutive=2 source=1 ts=1776048600 bpm=58 movement=182 sdhr=1.7
2026-04-13 03:57:04,602 INFO sleep_receiver uart: seq=401 status=4 consecutive=2 source=1 ts=1776049203 bpm=58 movement=15 sdhr=1.5
2026-04-13 03:58:04,580 INFO sleep_receiver uart: seq=402 status=3 consecutive=2 source=1 ts=1776049263 bpm=58 movement=22 sdhr=4.1
2026-04-13 03:59:04,589 INFO sleep_receiver uart: seq=403 status=3 consecutive=2 source=1 ts=1776049323 bpm=66 movement=19 sdhr=13.9
2026-04-13 04:00:04,584 INFO sleep_receiver uart: seq=404 status=3 consecutive=2 source=1 ts=1776049383 bpm=49 movement=20 sdhr=1.3
2026-04-13 04:01:04,581 INFO sleep_receiver uart: seq=405 status=3 consecutive=2 source=1 ts=1776049443 bpm=50 movement=20 sdhr=1.2
2026-04-13 04:02:04,566 INFO sleep_receiver uart: seq=406 status=3 consecutive=2 source=1 ts=1776049503 bpm=52 movement=25 sdhr=1.4
2026-04-13 04:03:04,555 INFO sleep_receiver uart: seq=407 status=4 consecutive=2 source=1 ts=1776049563 bpm=54 movement=19 sdhr=2
2026-04-13 04:04:04,558 INFO sleep_receiver uart: seq=408 status=3 consecutive=2 source=1 ts=1776049623 bpm=59 movement=15 sdhr=1.6
2026-04-13 04:05:04,570 INFO sleep_receiver uart: seq=409 status=3 consecutive=2 source=1 ts=1776049683 bpm=57 movement=20 sdhr=4.6
2026-04-13 04:06:04,547 INFO sleep_receiver uart: seq=410 status=3 consecutive=2 source=1 ts=1776049743 bpm=54 movement=23 sdhr=3.8
2026-04-13 04:07:00,493 INFO sleep_receiver uart: seq=411 status=3 consecutive=2 source=1 ts=1776049200 bpm=49 movement=198 sdhr=3.8
2026-04-13 04:07:04,550 INFO sleep_receiver uart: seq=412 status=3 consecutive=2 source=1 ts=1776049803 bpm=59 movement=19 sdhr=2.4
2026-04-13 04:08:04,556 INFO sleep_receiver uart: seq=413 status=3 consecutive=2 source=1 ts=1776049863 bpm=63 movement=19 sdhr=2.3
2026-04-13 04:09:04,538 INFO sleep_receiver uart: seq=414 status=3 consecutive=2 source=1 ts=1776049923 bpm=64 movement=19 sdhr=1.6
2026-04-13 04:10:04,549 INFO sleep_receiver uart: seq=415 status=5 consecutive=2 source=1 ts=1776049983 bpm=63 movement=21 sdhr=4.8
2026-04-13 04:11:04,538 INFO sleep_receiver uart: seq=416 status=5 consecutive=2 source=1 ts=1776050043 bpm=66 movement=21 sdhr=9.2
2026-04-13 04:12:04,533 INFO sleep_receiver uart: seq=417 status=3 consecutive=2 source=1 ts=1776050103 bpm=61 movement=16 sdhr=2.2
2026-04-13 04:13:04,542 INFO sleep_receiver uart: seq=418 status=5 consecutive=2 source=1 ts=1776050163 bpm=63 movement=18 sdhr=3.9
2026-04-13 04:14:04,576 INFO sleep_receiver uart: seq=419 status=5 consecutive=2 source=1 ts=1776050224 bpm=65 movement=17 sdhr=2.4
2026-04-13 04:15:04,525 INFO sleep_receiver uart: seq=420 status=3 consecutive=2 source=1 ts=1776050283 bpm=66 movement=14 sdhr=1.4
2026-04-13 04:16:04,513 INFO sleep_receiver uart: seq=421 status=3 consecutive=2 source=1 ts=1776050343 bpm=66 movement=20 sdhr=1.2
2026-04-13 04:17:00,442 INFO sleep_receiver uart: seq=422 status=3 consecutive=2 source=1 ts=1776049800 bpm=68 movement=179 sdhr=1.2
2026-04-13 04:17:04,530 INFO sleep_receiver uart: seq=423 status=5 consecutive=2 source=1 ts=1776050403 bpm=66 movement=17 sdhr=5.2
2026-04-13 04:18:04,562 INFO sleep_receiver uart: seq=424 status=3 consecutive=2 source=1 ts=1776050464 bpm=66 movement=20 sdhr=1.7
2026-04-13 04:19:04,507 INFO sleep_receiver uart: seq=425 status=5 consecutive=2 source=1 ts=1776050523 bpm=69 movement=18 sdhr=2.7
2026-04-13 04:20:04,515 INFO sleep_receiver uart: seq=426 status=3 consecutive=2 source=1 ts=1776050583 bpm=71 movement=21 sdhr=0.9
2026-04-13 04:21:04,503 INFO sleep_receiver uart: seq=427 status=3 consecutive=2 source=1 ts=1776050643 bpm=67 movement=18 sdhr=1.6
2026-04-13 04:22:04,519 INFO sleep_receiver uart: seq=428 status=5 consecutive=2 source=1 ts=1776050703 bpm=68 movement=20 sdhr=3.2
2026-04-13 04:23:04,500 INFO sleep_receiver uart: seq=429 status=3 consecutive=2 source=1 ts=1776050763 bpm=70 movement=19 sdhr=1.4
2026-04-13 04:24:04,488 INFO sleep_receiver uart: seq=430 status=3 consecutive=2 source=1 ts=1776050823 bpm=69 movement=21 sdhr=1.4
2026-04-13 04:25:04,490 INFO sleep_receiver uart: seq=431 status=3 consecutive=2 source=1 ts=1776050883 bpm=68 movement=17 sdhr=1.7
2026-04-13 04:26:04,470 INFO sleep_receiver uart: seq=432 status=3 consecutive=2 source=1 ts=1776050943 bpm=71 movement=17 sdhr=1.8
2026-04-13 04:27:00,466 INFO sleep_receiver uart: seq=433 status=3 consecutive=2 source=1 ts=1776050400 bpm=73 movement=189 sdhr=1.8
2026-04-13 04:27:04,479 INFO sleep_receiver uart: seq=434 status=3 consecutive=2 source=1 ts=1776051003 bpm=72 movement=22 sdhr=2.8
2026-04-13 04:28:04,461 INFO sleep_receiver uart: seq=435 status=5 consecutive=2 source=1 ts=1776051063 bpm=66 movement=35 sdhr=4.4
2026-04-13 04:29:04,486 INFO sleep_receiver uart: seq=436 status=3 consecutive=2 source=1 ts=1776051123 bpm=58 movement=15 sdhr=2.5
2026-04-13 04:30:04,463 INFO sleep_receiver uart: seq=437 status=3 consecutive=2 source=1 ts=1776051183 bpm=59 movement=12 sdhr=0.8
2026-04-13 04:31:04,459 INFO sleep_receiver uart: seq=438 status=3 consecutive=2 source=1 ts=1776051243 bpm=59 movement=12 sdhr=1.2
2026-04-13 04:32:04,471 INFO sleep_receiver uart: seq=439 status=3 consecutive=2 source=1 ts=1776051303 bpm=56 movement=12 sdhr=1.2
2026-04-13 04:33:04,466 INFO sleep_receiver uart: seq=440 status=3 consecutive=2 source=1 ts=1776051363 bpm=54 movement=14 sdhr=1.5
2026-04-13 04:34:04,466 INFO sleep_receiver uart: seq=441 status=3 consecutive=2 source=1 ts=1776051423 bpm=56 movement=14 sdhr=1.6
2026-04-13 04:35:04,455 INFO sleep_receiver uart: seq=442 status=3 consecutive=2 source=1 ts=1776051483 bpm=55 movement=11 sdhr=4.2
2026-04-13 04:36:04,465 INFO sleep_receiver uart: seq=443 status=4 consecutive=2 source=1 ts=1776051543 bpm=53 movement=14 sdhr=0.7
2026-04-13 04:37:00,402 INFO sleep_receiver uart: seq=444 status=4 consecutive=2 source=1 ts=1776051000 bpm=52 movement=209 sdhr=0.7
2026-04-13 04:37:04,445 INFO sleep_receiver uart: seq=445 status=3 consecutive=2 source=1 ts=1776051603 bpm=57 movement=13 sdhr=1.4
2026-04-13 04:38:04,454 INFO sleep_receiver uart: seq=446 status=3 consecutive=2 source=1 ts=1776051663 bpm=56 movement=12 sdhr=1.6
2026-04-13 04:39:04,441 INFO sleep_receiver uart: seq=447 status=4 consecutive=2 source=1 ts=1776051723 bpm=53 movement=13 sdhr=1.7
2026-04-13 04:40:04,430 INFO sleep_receiver uart: seq=448 status=3 consecutive=2 source=1 ts=1776051783 bpm=56 movement=13 sdhr=1
2026-04-13 04:41:04,424 INFO sleep_receiver uart: seq=449 status=3 consecutive=2 source=1 ts=1776051843 bpm=55 movement=13 sdhr=1.5
2026-04-13 04:42:04,441 INFO sleep_receiver uart: seq=450 status=4 consecutive=2 source=1 ts=1776051903 bpm=54 movement=12 sdhr=2.2
2026-04-13 04:43:04,424 INFO sleep_receiver uart: seq=451 status=3 consecutive=2 source=1 ts=1776051963 bpm=57 movement=13 sdhr=1.3
2026-04-13 04:44:04,417 INFO sleep_receiver uart: seq=452 status=3 consecutive=2 source=1 ts=1776052023 bpm=57 movement=14 sdhr=1.4
2026-04-13 04:45:04,428 INFO sleep_receiver uart: seq=453 status=3 consecutive=2 source=1 ts=1776052083 bpm=55 movement=14 sdhr=3.2
2026-04-13 04:46:04,422 INFO sleep_receiver uart: seq=454 status=3 consecutive=2 source=1 ts=1776052143 bpm=58 movement=13 sdhr=0.8
2026-04-13 04:47:00,352 INFO sleep_receiver uart: seq=455 status=3 consecutive=2 source=1 ts=1776051600 bpm=58 movement=181 sdhr=0.8
2026-04-13 04:47:04,409 INFO sleep_receiver uart: seq=456 status=3 consecutive=2 source=1 ts=1776052203 bpm=58 movement=13 sdhr=0.8
2026-04-13 04:48:04,404 INFO sleep_receiver uart: seq=457 status=3 consecutive=2 source=1 ts=1776052263 bpm=57 movement=13 sdhr=1.3
2026-04-13 04:49:04,399 INFO sleep_receiver uart: seq=458 status=3 consecutive=2 source=1 ts=1776052323 bpm=57 movement=11 sdhr=1.7
2026-04-13 04:50:04,395 INFO sleep_receiver uart: seq=459 status=3 consecutive=2 source=1 ts=1776052383 bpm=55 movement=12 sdhr=0.8
2026-04-13 04:51:04,398 INFO sleep_receiver uart: seq=460 status=3 consecutive=2 source=1 ts=1776052443 bpm=56 movement=11 sdhr=0.3
2026-04-13 04:52:04,401 INFO sleep_receiver uart: seq=461 status=3 consecutive=2 source=1 ts=1776052503 bpm=57 movement=13 sdhr=1
2026-04-13 04:53:04,381 INFO sleep_receiver uart: seq=462 status=3 consecutive=2 source=1 ts=1776052563 bpm=58 movement=14 sdhr=1.2
2026-04-13 04:54:04,382 INFO sleep_receiver uart: seq=463 status=3 consecutive=2 source=1 ts=1776052623 bpm=56 movement=13 sdhr=1
2026-04-13 04:55:04,384 INFO sleep_receiver uart: seq=464 status=3 consecutive=2 source=1 ts=1776052683 bpm=56 movement=13 sdhr=2.6
2026-04-13 04:56:04,381 INFO sleep_receiver uart: seq=465 status=3 consecutive=2 source=1 ts=1776052743 bpm=57 movement=12 sdhr=1
2026-04-13 04:57:00,287 INFO sleep_receiver uart: seq=466 status=3 consecutive=2 source=1 ts=1776052200 bpm=56 movement=179 sdhr=1
2026-04-13 04:57:04,366 INFO sleep_receiver uart: seq=467 status=3 consecutive=2 source=1 ts=1776052803 bpm=57 movement=12 sdhr=0.9
2026-04-13 04:58:04,363 INFO sleep_receiver uart: seq=468 status=3 consecutive=2 source=1 ts=1776052863 bpm=57 movement=12 sdhr=1
2026-04-13 04:59:04,357 INFO sleep_receiver uart: seq=469 status=3 consecutive=2 source=1 ts=1776052923 bpm=58 movement=12 sdhr=1.1
2026-04-13 05:00:04,351 INFO sleep_receiver uart: seq=470 status=3 consecutive=2 source=1 ts=1776052983 bpm=56 movement=13 sdhr=0.7
2026-04-13 05:01:04,355 INFO sleep_receiver uart: seq=471 status=3 consecutive=2 source=1 ts=1776053043 bpm=57 movement=13 sdhr=0.7
2026-04-13 05:02:04,349 INFO sleep_receiver uart: seq=472 status=3 consecutive=2 source=1 ts=1776053103 bpm=58 movement=12 sdhr=1.1
2026-04-13 05:03:04,356 INFO sleep_receiver uart: seq=473 status=3 consecutive=2 source=1 ts=1776053163 bpm=57 movement=13 sdhr=0.9
2026-04-13 05:04:04,340 INFO sleep_receiver uart: seq=474 status=3 consecutive=2 source=1 ts=1776053223 bpm=57 movement=13 sdhr=0.9
2026-04-13 05:05:04,341 INFO sleep_receiver uart: seq=475 status=3 consecutive=2 source=1 ts=1776053283 bpm=58 movement=11 sdhr=0.6
2026-04-13 05:06:04,344 INFO sleep_receiver uart: seq=476 status=3 consecutive=2 source=1 ts=1776053343 bpm=58 movement=14 sdhr=0.6
2026-04-13 05:07:00,327 INFO sleep_receiver uart: seq=477 status=3 consecutive=2 source=1 ts=1776052800 bpm=54 movement=179 sdhr=0.6
2026-04-13 05:07:04,332 INFO sleep_receiver uart: seq=478 status=3 consecutive=2 source=1 ts=1776053403 bpm=55 movement=12 sdhr=0.8
2026-04-13 05:08:04,348 INFO sleep_receiver uart: seq=479 status=3 consecutive=2 source=1 ts=1776053463 bpm=57 movement=15 sdhr=1.5
2026-04-13 05:09:04,338 INFO sleep_receiver uart: seq=480 status=3 consecutive=2 source=1 ts=1776053523 bpm=57 movement=11 sdhr=1.3
2026-04-13 05:10:04,332 INFO sleep_receiver uart: seq=481 status=3 consecutive=2 source=1 ts=1776053583 bpm=58 movement=11 sdhr=1
2026-04-13 05:11:04,328 INFO sleep_receiver uart: seq=482 status=3 consecutive=2 source=1 ts=1776053643 bpm=58 movement=12 sdhr=0.6
2026-04-13 05:12:04,339 INFO sleep_receiver uart: seq=483 status=3 consecutive=2 source=1 ts=1776053703 bpm=58 movement=14 sdhr=0.3
2026-04-13 05:13:04,323 INFO sleep_receiver uart: seq=484 status=3 consecutive=2 source=1 ts=1776053763 bpm=57 movement=12 sdhr=0.5
2026-04-13 05:14:04,304 INFO sleep_receiver uart: seq=485 status=3 consecutive=2 source=1 ts=1776053823 bpm=58 movement=13 sdhr=1.7
2026-04-13 05:15:04,313 INFO sleep_receiver uart: seq=486 status=3 consecutive=2 source=1 ts=1776053883 bpm=56 movement=15 sdhr=0.8
2026-04-13 05:16:04,317 INFO sleep_receiver uart: seq=487 status=3 consecutive=2 source=1 ts=1776053943 bpm=57 movement=13 sdhr=0.8
2026-04-13 05:17:00,268 INFO sleep_receiver uart: seq=488 status=3 consecutive=2 source=1 ts=1776053400 bpm=56 movement=184 sdhr=0.8
2026-04-13 05:17:04,305 INFO sleep_receiver uart: seq=489 status=3 consecutive=2 source=1 ts=1776054003 bpm=58 movement=12 sdhr=0.7
2026-04-13 05:18:04,301 INFO sleep_receiver uart: seq=490 status=3 consecutive=2 source=1 ts=1776054063 bpm=56 movement=12 sdhr=0.9
2026-04-13 05:19:04,414 INFO sleep_receiver uart: seq=491 status=3 consecutive=2 source=1 ts=1776054124 bpm=64 movement=16 sdhr=9
2026-04-13 05:20:04,299 INFO sleep_receiver uart: seq=492 status=3 consecutive=2 source=1 ts=1776054183 bpm=58 movement=17 sdhr=5.3
2026-04-13 05:21:04,298 INFO sleep_receiver uart: seq=493 status=3 consecutive=2 source=1 ts=1776054243 bpm=58 movement=14 sdhr=1.8
2026-04-13 05:22:04,296 INFO sleep_receiver uart: seq=494 status=3 consecutive=2 source=1 ts=1776054303 bpm=57 movement=13 sdhr=1.6
2026-04-13 05:23:04,299 INFO sleep_receiver uart: seq=495 status=3 consecutive=2 source=1 ts=1776054363 bpm=58 movement=16 sdhr=0.5
2026-04-13 05:24:04,285 INFO sleep_receiver uart: seq=496 status=3 consecutive=2 source=1 ts=1776054423 bpm=59 movement=15 sdhr=2.6
2026-04-13 05:25:04,279 INFO sleep_receiver uart: seq=497 status=3 consecutive=2 source=1 ts=1776054483 bpm=56 movement=15 sdhr=2.2
2026-04-13 05:26:04,284 INFO sleep_receiver uart: seq=498 status=3 consecutive=2 source=1 ts=1776054543 bpm=58 movement=15 sdhr=0.9
2026-04-13 05:27:00,210 INFO sleep_receiver uart: seq=499 status=3 consecutive=2 source=1 ts=1776054000 bpm=58 movement=191 sdhr=0.9
2026-04-13 05:27:04,277 INFO sleep_receiver uart: seq=500 status=3 consecutive=2 source=1 ts=1776054603 bpm=58 movement=17 sdhr=1.5
2026-04-13 05:28:04,272 INFO sleep_receiver uart: seq=501 status=3 consecutive=2 source=1 ts=1776054663 bpm=59 movement=14 sdhr=1.9
2026-04-13 05:29:04,259 INFO sleep_receiver uart: seq=502 status=3 consecutive=2 source=1 ts=1776054723 bpm=59 movement=16 sdhr=1.8
2026-04-13 05:30:04,256 INFO sleep_receiver uart: seq=503 status=3 consecutive=2 source=1 ts=1776054783 bpm=59 movement=14 sdhr=0.9
2026-04-13 05:31:04,247 INFO sleep_receiver uart: seq=504 status=3 consecutive=2 source=1 ts=1776054843 bpm=70 movement=26 sdhr=11.5
2026-04-13 05:32:04,267 INFO sleep_receiver uart: seq=505 status=3 consecutive=2 source=1 ts=1776054903 bpm=60 movement=20 sdhr=4.6
2026-04-13 05:33:04,268 INFO sleep_receiver uart: seq=506 status=5 consecutive=2 source=1 ts=1776054963 bpm=62 movement=17 sdhr=7.5
2026-04-13 05:34:04,250 INFO sleep_receiver uart: seq=507 status=3 consecutive=2 source=1 ts=1776055023 bpm=57 movement=19 sdhr=1.2
2026-04-13 05:35:04,243 INFO sleep_receiver uart: seq=508 status=3 consecutive=2 source=1 ts=1776055083 bpm=55 movement=17 sdhr=1.3
2026-04-13 05:36:04,240 INFO sleep_receiver uart: seq=509 status=3 consecutive=2 source=1 ts=1776055143 bpm=56 movement=15 sdhr=1.2
2026-04-13 05:37:00,159 INFO sleep_receiver uart: seq=510 status=3 consecutive=2 source=1 ts=1776054600 bpm=53 movement=194 sdhr=1.2
2026-04-13 05:37:04,240 INFO sleep_receiver uart: seq=511 status=3 consecutive=2 source=1 ts=1776055203 bpm=56 movement=15 sdhr=2.6
2026-04-13 05:38:04,248 INFO sleep_receiver uart: seq=512 status=3 consecutive=2 source=1 ts=1776055263 bpm=58 movement=17 sdhr=2.5
2026-04-13 05:39:04,256 INFO sleep_receiver uart: seq=513 status=3 consecutive=2 source=1 ts=1776055323 bpm=59 movement=18 sdhr=1.6
2026-04-13 05:40:04,226 INFO sleep_receiver uart: seq=514 status=3 consecutive=2 source=1 ts=1776055383 bpm=60 movement=15 sdhr=3.2
2026-04-13 05:41:04,235 INFO sleep_receiver uart: seq=515 status=3 consecutive=2 source=1 ts=1776055443 bpm=66 movement=19 sdhr=2.9
2026-04-13 05:42:04,300 INFO sleep_receiver uart: seq=516 status=5 consecutive=2 source=1 ts=1776055504 bpm=68 movement=22 sdhr=7.4
2026-04-13 05:43:04,235 INFO sleep_receiver uart: seq=517 status=3 consecutive=2 source=1 ts=1776055563 bpm=59 movement=19 sdhr=1.6
2026-04-13 05:44:04,213 INFO sleep_receiver uart: seq=518 status=3 consecutive=2 source=1 ts=1776055623 bpm=60 movement=22 sdhr=4.3
2026-04-13 05:45:04,201 INFO sleep_receiver uart: seq=519 status=3 consecutive=2 source=1 ts=1776055683 bpm=63 movement=20 sdhr=1.3
2026-04-13 05:46:04,228 INFO sleep_receiver uart: seq=520 status=3 consecutive=2 source=1 ts=1776055743 bpm=64 movement=17 sdhr=1.6
2026-04-13 05:47:00,185 INFO sleep_receiver uart: seq=521 status=3 consecutive=2 source=1 ts=1776055200 bpm=62 movement=191 sdhr=1.6
2026-04-13 05:47:04,221 INFO sleep_receiver uart: seq=522 status=3 consecutive=2 source=1 ts=1776055803 bpm=64 movement=22 sdhr=2.2
2026-04-13 05:48:04,211 INFO sleep_receiver uart: seq=523 status=3 consecutive=2 source=1 ts=1776055863 bpm=57 movement=19 sdhr=4.9
2026-04-13 05:49:04,202 INFO sleep_receiver uart: seq=524 status=3 consecutive=2 source=1 ts=1776055923 bpm=59 movement=20 sdhr=1.9
2026-04-13 05:50:04,208 INFO sleep_receiver uart: seq=525 status=3 consecutive=2 source=1 ts=1776055983 bpm=60 movement=20 sdhr=2.9
2026-04-13 05:51:04,209 INFO sleep_receiver uart: seq=526 status=3 consecutive=2 source=1 ts=1776056043 bpm=61 movement=20 sdhr=3.2
2026-04-13 05:52:04,195 INFO sleep_receiver uart: seq=527 status=3 consecutive=2 source=1 ts=1776056103 bpm=64 movement=18 sdhr=3
2026-04-13 05:53:04,197 INFO sleep_receiver uart: seq=528 status=5 consecutive=2 source=1 ts=1776056163 bpm=67 movement=21 sdhr=2.8
2026-04-13 05:54:04,187 INFO sleep_receiver uart: seq=529 status=3 consecutive=2 source=1 ts=1776056223 bpm=59 movement=17 sdhr=1.2
2026-04-13 05:55:04,181 INFO sleep_receiver uart: seq=530 status=3 consecutive=2 source=1 ts=1776056283 bpm=60 movement=20 sdhr=2.1
2026-04-13 05:56:04,176 INFO sleep_receiver uart: seq=531 status=3 consecutive=2 source=1 ts=1776056343 bpm=61 movement=26 sdhr=7.8
2026-04-13 05:57:00,128 INFO sleep_receiver uart: seq=532 status=3 consecutive=2 source=1 ts=1776055800 bpm=53 movement=203 sdhr=7.8
2026-04-13 05:57:04,170 INFO sleep_receiver uart: seq=533 status=3 consecutive=2 source=1 ts=1776056403 bpm=55 movement=17 sdhr=1.2
2026-04-13 05:58:04,173 INFO sleep_receiver uart: seq=534 status=3 consecutive=2 source=1 ts=1776056463 bpm=58 movement=17 sdhr=1.5
2026-04-13 05:59:04,184 INFO sleep_receiver uart: seq=535 status=3 consecutive=2 source=1 ts=1776056523 bpm=58 movement=16 sdhr=4
2026-04-13 06:00:04,170 INFO sleep_receiver uart: seq=536 status=3 consecutive=2 source=1 ts=1776056583 bpm=57 movement=16 sdhr=4.1
2026-04-13 06:01:04,150 INFO sleep_receiver uart: seq=537 status=3 consecutive=2 source=1 ts=1776056643 bpm=64 movement=19 sdhr=10.4
2026-04-13 06:02:04,161 INFO sleep_receiver uart: seq=538 status=3 consecutive=2 source=1 ts=1776056703 bpm=56 movement=10 sdhr=3.3
2026-04-13 06:03:04,170 INFO sleep_receiver uart: seq=539 status=5 consecutive=2 source=1 ts=1776056763 bpm=63 movement=20 sdhr=7
2026-04-13 06:04:04,157 INFO sleep_receiver uart: seq=540 status=3 consecutive=2 source=1 ts=1776056823 bpm=60 movement=18 sdhr=7.9
2026-04-13 06:05:04,154 INFO sleep_receiver uart: seq=541 status=3 consecutive=2 source=1 ts=1776056883 bpm=56 movement=16 sdhr=2.1
2026-04-13 06:06:04,156 INFO sleep_receiver uart: seq=542 status=3 consecutive=2 source=1 ts=1776056943 bpm=58 movement=18 sdhr=1.2
2026-04-13 06:07:00,076 INFO sleep_receiver uart: seq=543 status=3 consecutive=2 source=1 ts=1776056400 bpm=52 movement=205 sdhr=1.2
2026-04-13 06:07:04,143 INFO sleep_receiver uart: seq=544 status=3 consecutive=2 source=1 ts=1776057003 bpm=56 movement=17 sdhr=1.6
2026-04-13 06:08:04,153 INFO sleep_receiver uart: seq=545 status=3 consecutive=2 source=1 ts=1776057063 bpm=54 movement=18 sdhr=2
2026-04-13 06:09:04,125 INFO sleep_receiver uart: seq=546 status=3 consecutive=2 source=1 ts=1776057123 bpm=59 movement=32 sdhr=9.6
2026-04-13 06:10:04,158 INFO sleep_receiver uart: seq=547 status=4 consecutive=2 source=1 ts=1776057183 bpm=52 movement=16 sdhr=2.3
2026-04-13 06:11:04,144 INFO sleep_receiver uart: seq=548 status=4 consecutive=2 source=1 ts=1776057243 bpm=52 movement=19 sdhr=1.2
2026-04-13 06:12:04,141 INFO sleep_receiver uart: seq=549 status=4 consecutive=2 source=1 ts=1776057303 bpm=53 movement=18 sdhr=1.5
2026-04-13 06:13:04,120 INFO sleep_receiver uart: seq=550 status=4 consecutive=2 source=1 ts=1776057363 bpm=54 movement=20 sdhr=1.5
2026-04-13 06:14:04,130 INFO sleep_receiver uart: seq=551 status=4 consecutive=2 source=1 ts=1776057423 bpm=53 movement=16 sdhr=1.7
2026-04-13 06:15:04,111 INFO sleep_receiver uart: seq=552 status=4 consecutive=2 source=1 ts=1776057483 bpm=53 movement=16 sdhr=0.5
2026-04-13 06:16:04,127 INFO sleep_receiver uart: seq=553 status=3 consecutive=2 source=1 ts=1776057543 bpm=60 movement=17 sdhr=6.2
2026-04-13 06:17:00,025 INFO sleep_receiver uart: seq=554 status=3 consecutive=2 source=1 ts=1776057000 bpm=54 movement=212 sdhr=6.2
2026-04-13 06:17:04,139 INFO sleep_receiver uart: seq=555 status=4 consecutive=2 source=1 ts=1776057603 bpm=52 movement=16 sdhr=2.3
2026-04-13 06:18:01,891 INFO sleep_receiver uart: seq=556 status=4 consecutive=2 source=1 ts=1776057663 bpm=53 movement=14 sdhr=1.1
2026-04-13 06:19:01,885 INFO sleep_receiver uart: seq=557 status=4 consecutive=2 source=1 ts=1776057723 bpm=51 movement=15 sdhr=1.1
2026-04-13 06:20:01,898 INFO sleep_receiver uart: seq=558 status=4 consecutive=2 source=1 ts=1776057783 bpm=53 movement=17 sdhr=2.4
2026-04-13 06:21:01,874 INFO sleep_receiver uart: seq=559 status=4 consecutive=2 source=1 ts=1776057843 bpm=54 movement=15 sdhr=1.6
2026-04-13 06:22:01,884 INFO sleep_receiver uart: seq=560 status=3 consecutive=2 source=1 ts=1776057903 bpm=56 movement=16 sdhr=2.2
2026-04-13 06:23:01,857 INFO sleep_receiver uart: seq=561 status=3 consecutive=2 source=1 ts=1776057963 bpm=56 movement=15 sdhr=1.4
2026-04-13 06:24:01,884 INFO sleep_receiver uart: seq=562 status=3 consecutive=2 source=1 ts=1776058023 bpm=56 movement=14 sdhr=1.2
2026-04-13 06:25:01,855 INFO sleep_receiver uart: seq=563 status=3 consecutive=2 source=1 ts=1776058083 bpm=57 movement=15 sdhr=1.2
2026-04-13 06:26:01,865 INFO sleep_receiver uart: seq=564 status=3 consecutive=2 source=1 ts=1776058143 bpm=58 movement=17 sdhr=1.3
2026-04-13 06:26:57,945 INFO sleep_receiver uart: seq=565 status=3 consecutive=2 source=1 ts=1776057600 bpm=55 movement=194 sdhr=1.3
2026-04-13 06:27:01,868 INFO sleep_receiver uart: seq=566 status=3 consecutive=2 source=1 ts=1776058203 bpm=60 movement=20 sdhr=6.3
2026-04-13 06:28:01,876 INFO sleep_receiver uart: seq=567 status=3 consecutive=2 source=1 ts=1776058263 bpm=63 movement=19 sdhr=10.3
2026-04-13 06:29:01,859 INFO sleep_receiver uart: seq=568 status=3 consecutive=2 source=1 ts=1776058323 bpm=54 movement=19 sdhr=3.3
2026-04-13 06:30:01,849 INFO sleep_receiver uart: seq=569 status=3 consecutive=2 source=1 ts=1776058383 bpm=56 movement=20 sdhr=1.6
2026-04-13 06:31:01,840 INFO sleep_receiver uart: seq=570 status=3 consecutive=2 source=1 ts=1776058443 bpm=55 movement=17 sdhr=0.8
2026-04-13 06:32:01,858 INFO sleep_receiver uart: seq=571 status=4 consecutive=2 source=1 ts=1776058503 bpm=54 movement=18 sdhr=1.8
2026-04-13 06:33:01,844 INFO sleep_receiver uart: seq=572 status=4 consecutive=2 source=1 ts=1776058563 bpm=53 movement=20 sdhr=1.8
2026-04-13 06:34:01,832 INFO sleep_receiver uart: seq=573 status=3 consecutive=2 source=1 ts=1776058623 bpm=56 movement=19 sdhr=1.7
2026-04-13 06:35:01,827 INFO sleep_receiver uart: seq=574 status=3 consecutive=2 source=1 ts=1776058683 bpm=55 movement=15 sdhr=1.5
2026-04-13 06:36:01,823 INFO sleep_receiver uart: seq=575 status=3 consecutive=2 source=1 ts=1776058743 bpm=56 movement=15 sdhr=0.8
2026-04-13 06:36:57,774 INFO sleep_receiver uart: seq=576 status=3 consecutive=2 source=1 ts=1776058200 bpm=57 movement=180 sdhr=0.8
2026-04-13 06:37:01,825 INFO sleep_receiver uart: seq=577 status=3 consecutive=2 source=1 ts=1776058803 bpm=58 movement=18 sdhr=1.7
2026-04-13 06:38:01,813 INFO sleep_receiver uart: seq=578 status=3 consecutive=2 source=1 ts=1776058863 bpm=58 movement=19 sdhr=1.7
2026-04-13 06:39:01,814 INFO sleep_receiver uart: seq=579 status=3 consecutive=2 source=1 ts=1776058923 bpm=57 movement=15 sdhr=1.2
2026-04-13 06:40:01,817 INFO sleep_receiver uart: seq=580 status=3 consecutive=2 source=1 ts=1776058983 bpm=58 movement=19 sdhr=1.3
2026-04-13 06:41:01,819 INFO sleep_receiver uart: seq=581 status=3 consecutive=2 source=1 ts=1776059043 bpm=56 movement=19 sdhr=2.1
2026-04-13 06:42:01,800 INFO sleep_receiver uart: seq=582 status=3 consecutive=2 source=1 ts=1776059103 bpm=56 movement=18 sdhr=1.1
2026-04-13 06:43:01,802 INFO sleep_receiver uart: seq=583 status=3 consecutive=2 source=1 ts=1776059163 bpm=56 movement=18 sdhr=1.3
2026-04-13 06:44:01,790 INFO sleep_receiver uart: seq=584 status=3 consecutive=2 source=1 ts=1776059223 bpm=57 movement=19 sdhr=1.3
2026-04-13 06:45:01,791 INFO sleep_receiver uart: seq=585 status=3 consecutive=2 source=1 ts=1776059283 bpm=57 movement=21 sdhr=1.2
2026-04-13 06:46:01,796 INFO sleep_receiver uart: seq=586 status=3 consecutive=2 source=1 ts=1776059343 bpm=57 movement=19 sdhr=0.8
2026-04-13 06:46:57,716 INFO sleep_receiver uart: seq=587 status=3 consecutive=2 source=1 ts=1776058800 bpm=57 movement=187 sdhr=0.8
2026-04-13 06:47:01,798 INFO sleep_receiver uart: seq=588 status=3 consecutive=2 source=1 ts=1776059403 bpm=57 movement=17 sdhr=1.5
2026-04-13 06:48:01,793 INFO sleep_receiver uart: seq=589 status=3 consecutive=2 source=1 ts=1776059463 bpm=57 movement=18 sdhr=1
2026-04-13 06:49:01,794 INFO sleep_receiver uart: seq=590 status=3 consecutive=2 source=1 ts=1776059523 bpm=57 movement=19 sdhr=0.9
2026-04-13 06:50:01,775 INFO sleep_receiver uart: seq=591 status=3 consecutive=2 source=1 ts=1776059583 bpm=57 movement=19 sdhr=1.7
2026-04-13 06:51:01,771 INFO sleep_receiver uart: seq=592 status=3 consecutive=2 source=1 ts=1776059643 bpm=56 movement=19 sdhr=1.3
2026-04-13 06:52:01,774 INFO sleep_receiver uart: seq=593 status=3 consecutive=2 source=1 ts=1776059703 bpm=58 movement=16 sdhr=1.5
2026-04-13 06:53:01,766 INFO sleep_receiver uart: seq=594 status=3 consecutive=2 source=1 ts=1776059763 bpm=57 movement=19 sdhr=1.6
2026-04-13 06:54:01,770 INFO sleep_receiver uart: seq=595 status=3 consecutive=2 source=1 ts=1776059823 bpm=57 movement=20 sdhr=1.1
2026-04-13 06:55:01,750 INFO sleep_receiver uart: seq=596 status=3 consecutive=2 source=1 ts=1776059883 bpm=58 movement=18 sdhr=0.5
2026-04-13 06:56:01,761 INFO sleep_receiver uart: seq=597 status=3 consecutive=2 source=1 ts=1776059943 bpm=57 movement=20 sdhr=1.6
2026-04-13 06:56:57,741 INFO sleep_receiver uart: seq=598 status=3 consecutive=2 source=1 ts=1776059400 bpm=57 movement=185 sdhr=1.6
2026-04-13 06:57:01,768 INFO sleep_receiver uart: seq=599 status=3 consecutive=2 source=1 ts=1776060003 bpm=58 movement=20 sdhr=0.7
2026-04-13 06:58:01,758 INFO sleep_receiver uart: seq=600 status=3 consecutive=2 source=1 ts=1776060063 bpm=57 movement=16 sdhr=2.2
2026-04-13 06:59:01,768 INFO sleep_receiver uart: seq=601 status=3 consecutive=2 source=1 ts=1776060123 bpm=58 movement=17 sdhr=1.2
2026-04-13 07:00:01,747 INFO sleep_receiver uart: seq=602 status=3 consecutive=2 source=1 ts=1776060183 bpm=57 movement=21 sdhr=1.7
2026-04-13 07:01:01,750 INFO sleep_receiver uart: seq=603 status=3 consecutive=2 source=1 ts=1776060243 bpm=57 movement=18 sdhr=0.8
2026-04-13 07:02:01,745 INFO sleep_receiver uart: seq=604 status=3 consecutive=2 source=1 ts=1776060303 bpm=59 movement=18 sdhr=0.7
2026-04-13 07:03:01,725 INFO sleep_receiver uart: seq=605 status=3 consecutive=2 source=1 ts=1776060363 bpm=57 movement=19 sdhr=0.8
2026-04-13 07:04:01,734 INFO sleep_receiver uart: seq=606 status=3 consecutive=2 source=1 ts=1776060423 bpm=58 movement=18 sdhr=1
2026-04-13 07:05:01,739 INFO sleep_receiver uart: seq=607 status=3 consecutive=2 source=1 ts=1776060483 bpm=58 movement=16 sdhr=1
2026-04-13 07:06:01,724 INFO sleep_receiver uart: seq=608 status=3 consecutive=2 source=1 ts=1776060543 bpm=57 movement=18 sdhr=0.7
2026-04-13 07:06:57,684 INFO sleep_receiver uart: seq=609 status=3 consecutive=2 source=1 ts=1776060000 bpm=56 movement=183 sdhr=0.7
2026-04-13 07:07:01,727 INFO sleep_receiver uart: seq=610 status=3 consecutive=2 source=1 ts=1776060603 bpm=57 movement=20 sdhr=1
2026-04-13 07:08:01,722 INFO sleep_receiver uart: seq=611 status=3 consecutive=2 source=1 ts=1776060663 bpm=58 movement=16 sdhr=1.4
2026-04-13 07:09:01,724 INFO sleep_receiver uart: seq=612 status=3 consecutive=2 source=1 ts=1776060723 bpm=66 movement=22 sdhr=11.9
2026-04-13 07:10:01,719 INFO sleep_receiver uart: seq=613 status=3 consecutive=2 source=1 ts=1776060783 bpm=60 movement=13 sdhr=8.8
2026-04-13 07:11:01,723 INFO sleep_receiver uart: seq=614 status=3 consecutive=2 source=1 ts=1776060843 bpm=60 movement=11 sdhr=3.2
2026-04-13 07:12:01,709 INFO sleep_receiver uart: seq=615 status=3 consecutive=2 source=1 ts=1776060903 bpm=59 movement=15 sdhr=1.3
2026-04-13 07:13:01,697 INFO sleep_receiver uart: seq=616 status=3 consecutive=2 source=1 ts=1776060963 bpm=70 movement=12 sdhr=3.7
2026-04-13 07:14:01,684 INFO sleep_receiver uart: seq=617 status=3 consecutive=2 source=1 ts=1776061023 bpm=70 movement=12 sdhr=1.5
2026-04-13 07:15:01,687 INFO sleep_receiver uart: seq=618 status=3 consecutive=2 source=1 ts=1776061083 bpm=72 movement=12 sdhr=1.1
2026-04-13 07:16:01,689 INFO sleep_receiver uart: seq=619 status=3 consecutive=2 source=1 ts=1776061143 bpm=75 movement=13 sdhr=1.5
2026-04-13 07:16:57,635 INFO sleep_receiver uart: seq=620 status=3 consecutive=2 source=1 ts=1776060600 bpm=74 movement=193 sdhr=1.5
2026-04-13 07:17:01,706 INFO sleep_receiver uart: seq=621 status=3 consecutive=2 source=1 ts=1776061203 bpm=71 movement=13 sdhr=2.3
2026-04-13 07:18:06,067 INFO sleep_receiver uart: seq=622 status=3 consecutive=2 source=1 ts=1776061263 bpm=71 movement=11 sdhr=2
2026-04-13 07:19:06,094 INFO sleep_receiver uart: seq=623 status=5 consecutive=2 source=1 ts=1776061323 bpm=73 movement=13 sdhr=2.3
2026-04-13 07:20:06,083 INFO sleep_receiver uart: seq=624 status=5 consecutive=2 source=1 ts=1776061383 bpm=68 movement=23 sdhr=4.5
2026-04-13 07:21:06,070 INFO sleep_receiver uart: seq=625 status=5 consecutive=2 source=1 ts=1776061443 bpm=63 movement=18 sdhr=2
2026-04-13 07:22:06,072 INFO sleep_receiver uart: seq=626 status=5 consecutive=2 source=1 ts=1776061503 bpm=66 movement=17 sdhr=4.1
2026-04-13 07:23:06,056 INFO sleep_receiver uart: seq=627 status=5 consecutive=2 source=1 ts=1776061563 bpm=65 movement=15 sdhr=5.4
2026-04-13 07:24:06,066 INFO sleep_receiver uart: seq=628 status=5 consecutive=2 source=1 ts=1776061623 bpm=70 movement=16 sdhr=2.9
2026-04-13 07:25:06,062 INFO sleep_receiver uart: seq=629 status=5 consecutive=2 source=1 ts=1776061683 bpm=66 movement=25 sdhr=3.5
2026-04-13 07:26:06,046 INFO sleep_receiver uart: seq=630 status=5 consecutive=2 source=1 ts=1776061743 bpm=66 movement=18 sdhr=7.6
2026-04-13 07:27:01,974 INFO sleep_receiver uart: seq=631 status=5 consecutive=2 source=1 ts=1776061200 bpm=72 movement=221 sdhr=7.6
2026-04-13 07:27:06,024 INFO sleep_receiver uart: seq=632 status=5 consecutive=2 source=1 ts=1776061803 bpm=63 movement=30 sdhr=4.7
2026-04-13 07:28:06,058 INFO sleep_receiver uart: seq=633 status=5 consecutive=2 source=1 ts=1776061863 bpm=61 movement=18 sdhr=2.4
2026-04-13 07:29:06,045 INFO sleep_receiver uart: seq=634 status=3 consecutive=2 source=1 ts=1776061923 bpm=61 movement=22 sdhr=2.8
2026-04-13 07:30:06,031 INFO sleep_receiver uart: seq=635 status=3 consecutive=2 source=1 ts=1776061983 bpm=59 movement=21 sdhr=1.2
2026-04-13 07:31:06,034 INFO sleep_receiver uart: seq=636 status=3 consecutive=2 source=1 ts=1776062043 bpm=55 movement=21 sdhr=1.5
2026-04-13 07:32:06,036 INFO sleep_receiver uart: seq=637 status=3 consecutive=2 source=1 ts=1776062103 bpm=54 movement=20 sdhr=1
2026-04-13 07:33:06,016 INFO sleep_receiver uart: seq=638 status=3 consecutive=2 source=1 ts=1776062163 bpm=56 movement=19 sdhr=2
2026-04-13 07:34:06,005 INFO sleep_receiver uart: seq=639 status=3 consecutive=2 source=1 ts=1776062223 bpm=55 movement=20 sdhr=2.2
2026-04-13 07:35:06,014 INFO sleep_receiver uart: seq=640 status=3 consecutive=2 source=1 ts=1776062283 bpm=56 movement=40 sdhr=0.5
2026-04-13 07:36:06,024 INFO sleep_receiver uart: seq=641 status=3 consecutive=2 source=1 ts=1776062343 bpm=65 movement=20 sdhr=10.6
2026-04-13 07:37:01,992 INFO sleep_receiver uart: seq=642 status=3 consecutive=2 source=1 ts=1776061800 bpm=59 movement=220 sdhr=10.6
2026-04-13 07:37:06,020 INFO sleep_receiver uart: seq=643 status=5 consecutive=2 source=1 ts=1776062403 bpm=62 movement=16 sdhr=5.4
2026-04-13 07:38:06,031 INFO sleep_receiver uart: seq=644 status=3 consecutive=2 source=1 ts=1776062463 bpm=58 movement=14 sdhr=3.5
2026-04-13 07:39:06,009 INFO sleep_receiver uart: seq=645 status=3 consecutive=2 source=1 ts=1776062523 bpm=56 movement=17 sdhr=1.5
2026-04-13 07:40:06,005 INFO sleep_receiver uart: seq=646 status=3 consecutive=2 source=1 ts=1776062583 bpm=58 movement=16 sdhr=1.2
2026-04-13 07:41:06,000 INFO sleep_receiver uart: seq=647 status=3 consecutive=2 source=1 ts=1776062643 bpm=57 movement=17 sdhr=1.2
2026-04-13 07:42:06,010 INFO sleep_receiver uart: seq=648 status=3 consecutive=2 source=1 ts=1776062703 bpm=58 movement=14 sdhr=3
2026-04-13 07:43:05,997 INFO sleep_receiver uart: seq=649 status=3 consecutive=2 source=1 ts=1776062763 bpm=60 movement=16 sdhr=0.8
2026-04-13 07:44:05,998 INFO sleep_receiver uart: seq=650 status=3 consecutive=2 source=1 ts=1776062823 bpm=70 movement=26 sdhr=10.7
2026-04-13 07:45:05,992 INFO sleep_receiver uart: seq=651 status=3 consecutive=2 source=1 ts=1776062883 bpm=53 movement=22 sdhr=3
2026-04-13 07:46:05,966 INFO sleep_receiver uart: seq=652 status=3 consecutive=2 source=1 ts=1776062943 bpm=58 movement=21 sdhr=1.3
2026-04-13 07:47:01,940 INFO sleep_receiver uart: seq=653 status=3 consecutive=2 source=1 ts=1776062400 bpm=49 movement=188 sdhr=1.3
2026-04-13 07:47:05,974 INFO sleep_receiver uart: seq=654 status=3 consecutive=2 source=1 ts=1776063003 bpm=54 movement=21 sdhr=2
2026-04-13 07:48:05,980 INFO sleep_receiver uart: seq=655 status=3 consecutive=2 source=1 ts=1776063063 bpm=57 movement=21 sdhr=2.2
2026-04-13 07:49:05,953 INFO sleep_receiver uart: seq=656 status=3 consecutive=2 source=1 ts=1776063123 bpm=62 movement=34 sdhr=5.9
2026-04-13 07:50:05,975 INFO sleep_receiver uart: seq=657 status=3 consecutive=2 source=1 ts=1776063183 bpm=56 movement=18 sdhr=2.1
2026-04-13 07:51:05,971 INFO sleep_receiver uart: seq=658 status=3 consecutive=2 source=1 ts=1776063243 bpm=54 movement=17 sdhr=2.1
2026-04-13 07:52:05,975 INFO sleep_receiver uart: seq=659 status=3 consecutive=2 source=1 ts=1776063303 bpm=55 movement=12 sdhr=2.4
2026-04-13 07:53:05,968 INFO sleep_receiver uart: seq=660 status=3 consecutive=2 source=1 ts=1776063363 bpm=51 movement=24 sdhr=1.4
2026-04-13 07:54:05,971 INFO sleep_receiver uart: seq=661 status=3 consecutive=2 source=1 ts=1776063423 bpm=67 movement=20 sdhr=11.4
2026-04-13 07:55:05,953 INFO sleep_receiver uart: seq=662 status=3 consecutive=2 source=1 ts=1776063483 bpm=59 movement=20 sdhr=2.1
2026-04-13 07:56:05,948 INFO sleep_receiver uart: seq=663 status=3 consecutive=2 source=1 ts=1776063543 bpm=56 movement=15 sdhr=2.6
2026-04-13 07:57:01,891 INFO sleep_receiver uart: seq=664 status=3 consecutive=2 source=1 ts=1776063000 bpm=51 movement=218 sdhr=2.6
2026-04-13 07:57:05,949 INFO sleep_receiver uart: seq=665 status=3 consecutive=2 source=1 ts=1776063603 bpm=55 movement=17 sdhr=0.9
2026-04-13 07:58:05,936 INFO sleep_receiver uart: seq=666 status=3 consecutive=2 source=1 ts=1776063663 bpm=55 movement=20 sdhr=1.2
2026-04-13 07:59:05,938 INFO sleep_receiver uart: seq=667 status=3 consecutive=2 source=1 ts=1776063723 bpm=55 movement=16 sdhr=1.9
2026-04-13 08:00:05,925 INFO sleep_receiver uart: seq=668 status=3 consecutive=2 source=1 ts=1776063783 bpm=55 movement=15 sdhr=2.4
2026-04-13 08:01:05,928 INFO sleep_receiver uart: seq=669 status=3 consecutive=2 source=1 ts=1776063843 bpm=55 movement=17 sdhr=1.4
2026-04-13 08:02:05,931 INFO sleep_receiver uart: seq=670 status=3 consecutive=2 source=1 ts=1776063903 bpm=58 movement=16 sdhr=1.8
2026-04-13 08:03:05,932 INFO sleep_receiver uart: seq=671 status=3 consecutive=2 source=1 ts=1776063963 bpm=57 movement=16 sdhr=1.8
2026-04-13 08:04:03,715 INFO sleep_receiver uart: seq=672 status=3 consecutive=2 source=1 ts=1776064023 bpm=56 movement=18 sdhr=2.5
2026-04-13 08:05:03,718 INFO sleep_receiver uart: seq=673 status=3 consecutive=2 source=1 ts=1776064083 bpm=55 movement=16 sdhr=1.6
2026-04-13 08:06:03,720 INFO sleep_receiver uart: seq=674 status=3 consecutive=2 source=1 ts=1776064143 bpm=56 movement=17 sdhr=0.9
2026-04-13 08:06:59,635 INFO sleep_receiver uart: seq=675 status=3 consecutive=2 source=1 ts=1776063600 bpm=55 movement=188 sdhr=0.9
2026-04-13 08:07:03,723 INFO sleep_receiver uart: seq=676 status=3 consecutive=2 source=1 ts=1776064203 bpm=57 movement=21 sdhr=1
2026-04-13 08:08:03,703 INFO sleep_receiver uart: seq=677 status=3 consecutive=2 source=1 ts=1776064263 bpm=57 movement=19 sdhr=0.5
2026-04-13 08:09:03,706 INFO sleep_receiver uart: seq=678 status=3 consecutive=2 source=1 ts=1776064323 bpm=57 movement=17 sdhr=2.4
2026-04-13 08:10:03,707 INFO sleep_receiver uart: seq=679 status=3 consecutive=2 source=1 ts=1776064383 bpm=66 movement=15 sdhr=4.8
2026-04-13 08:11:03,708 INFO sleep_receiver uart: seq=680 status=5 consecutive=2 source=1 ts=1776064443 bpm=74 movement=26 sdhr=13.6
2026-04-13 08:12:03,713 INFO sleep_receiver uart: seq=681 status=5 consecutive=2 source=1 ts=1776064503 bpm=62 movement=19 sdhr=6.2
2026-04-13 08:13:03,709 INFO sleep_receiver uart: seq=682 status=3 consecutive=2 source=1 ts=1776064563 bpm=58 movement=20 sdhr=1.8
2026-04-13 08:14:03,695 INFO sleep_receiver uart: seq=683 status=3 consecutive=2 source=1 ts=1776064623 bpm=58 movement=19 sdhr=2.9
2026-04-13 08:15:03,697 INFO sleep_receiver uart: seq=684 status=3 consecutive=2 source=1 ts=1776064683 bpm=61 movement=19 sdhr=1.3
2026-04-13 08:16:03,692 INFO sleep_receiver uart: seq=685 status=3 consecutive=2 source=1 ts=1776064743 bpm=58 movement=18 sdhr=2
2026-04-13 08:16:59,651 INFO sleep_receiver uart: seq=686 status=3 consecutive=2 source=1 ts=1776064200 bpm=55 movement=198 sdhr=2
2026-04-13 08:17:03,688 INFO sleep_receiver uart: seq=687 status=3 consecutive=2 source=1 ts=1776064803 bpm=60 movement=17 sdhr=2.8
2026-04-13 08:18:03,680 INFO sleep_receiver uart: seq=688 status=3 consecutive=2 source=1 ts=1776064863 bpm=60 movement=17 sdhr=1.2
2026-04-13 08:19:03,685 INFO sleep_receiver uart: seq=689 status=3 consecutive=2 source=1 ts=1776064923 bpm=59 movement=17 sdhr=1.6
2026-04-13 08:20:03,673 INFO sleep_receiver uart: seq=690 status=3 consecutive=2 source=1 ts=1776064983 bpm=70 movement=20 sdhr=6.4
2026-04-13 08:21:03,667 INFO sleep_receiver uart: seq=691 status=5 consecutive=2 source=1 ts=1776065043 bpm=71 movement=25 sdhr=8.9
2026-04-13 08:22:03,662 INFO sleep_receiver uart: seq=692 status=5 consecutive=2 source=1 ts=1776065103 bpm=72 movement=28 sdhr=4.1
2026-04-13 08:23:03,676 INFO sleep_receiver uart: seq=693 status=3 consecutive=2 source=1 ts=1776065163 bpm=61 movement=13 sdhr=1.5
2026-04-13 08:24:03,663 INFO sleep_receiver uart: seq=694 status=5 consecutive=2 source=1 ts=1776065223 bpm=66 movement=18 sdhr=7.2
2026-04-13 08:25:03,647 INFO sleep_receiver uart: seq=695 status=5 consecutive=2 source=1 ts=1776065283 bpm=81 movement=14 sdhr=4.8
2026-04-13 08:26:03,633 INFO sleep_receiver uart: seq=696 status=5 consecutive=2 source=1 ts=1776065343 bpm=72 movement=17 sdhr=3.3
2026-04-13 08:26:59,603 INFO sleep_receiver uart: seq=697 status=5 consecutive=2 source=1 ts=1776064800 bpm=62 movement=250 sdhr=3.3
2026-04-13 08:27:03,629 INFO sleep_receiver uart: seq=698 status=5 consecutive=2 source=1 ts=1776065403 bpm=65 movement=15 sdhr=4.5
2026-04-13 08:28:03,634 INFO sleep_receiver uart: seq=699 status=5 consecutive=2 source=1 ts=1776065463 bpm=79 movement=16 sdhr=5.8
2026-04-13 08:29:03,618 INFO sleep_receiver uart: seq=700 status=5 consecutive=2 source=1 ts=1776065523 bpm=75 movement=15 sdhr=2.4
2026-04-13 08:30:03,613 INFO sleep_receiver uart: seq=701 status=5 consecutive=2 source=1 ts=1776065583 bpm=72 movement=17 sdhr=3.6
2026-04-13 08:31:03,609 INFO sleep_receiver uart: seq=702 status=5 consecutive=2 source=1 ts=1776065643 bpm=72 movement=26 sdhr=4.4
2026-04-13 08:32:03,634 INFO sleep_receiver uart: seq=703 status=5 consecutive=2 source=1 ts=1776065703 bpm=73 movement=17 sdhr=6.4
2026-04-13 08:33:03,591 INFO sleep_receiver uart: seq=704 status=5 consecutive=2 source=1 ts=1776065763 bpm=72 movement=17 sdhr=3.4
2026-04-13 08:34:03,587 INFO sleep_receiver uart: seq=705 status=2 consecutive=0 source=1 ts=1776065823 bpm=90 movement=26 sdhr=8.5
2026-04-13 08:35:03,561 INFO sleep_receiver uart: seq=706 status=2 consecutive=0 source=1 ts=1776065883 bpm=87 movement=72 sdhr=8.5
2026-04-13 08:36:03,574 INFO sleep_receiver uart: seq=707 status=2 consecutive=0 source=1 ts=1776065943 bpm=86 movement=13 sdhr=9.1
2026-04-13 08:36:59,532 INFO sleep_receiver uart: seq=708 status=2 consecutive=0 source=1 ts=1776065400 bpm=70 movement=349 sdhr=9.1
2026-04-13 08:37:03,620 INFO sleep_receiver uart: seq=709 status=5 consecutive=0 source=1 ts=1776066004 bpm=66 movement=15 sdhr=4.6
2026-04-13 08:38:03,605 INFO sleep_receiver uart: seq=710 status=5 consecutive=0 source=1 ts=1776066063 bpm=66 movement=16 sdhr=4
2026-04-13 08:39:03,577 INFO sleep_receiver uart: seq=711 status=5 consecutive=0 source=1 ts=1776066123 bpm=62 movement=15 sdhr=2.7
2026-04-13 08:40:03,574 INFO sleep_receiver uart: seq=712 status=3 consecutive=0 source=1 ts=1776066183 bpm=57 movement=13 sdhr=3.1
2026-04-13 08:41:03,561 INFO sleep_receiver uart: seq=713 status=5 consecutive=0 source=1 ts=1776066243 bpm=62 movement=14 sdhr=9.6
2026-04-13 08:42:03,578 INFO sleep_receiver uart: seq=714 status=5 consecutive=0 source=1 ts=1776066303 bpm=69 movement=17 sdhr=4.2
2026-04-13 08:43:03,558 INFO sleep_receiver uart: seq=715 status=5 consecutive=0 source=1 ts=1776066363 bpm=71 movement=30 sdhr=6.2
2026-04-13 08:44:03,546 INFO sleep_receiver uart: seq=716 status=5 consecutive=0 source=1 ts=1776066423 bpm=67 movement=21 sdhr=5.2
2026-04-13 08:45:03,540 INFO sleep_receiver uart: seq=717 status=3 consecutive=0 source=1 ts=1776066483 bpm=66 movement=71 sdhr=11.4
2026-04-13 08:46:03,564 INFO sleep_receiver uart: seq=718 status=5 consecutive=0 source=1 ts=1776066543 bpm=74 movement=37 sdhr=2.2
2026-04-13 08:46:59,480 INFO sleep_receiver uart: seq=719 status=5 consecutive=0 source=1 ts=1776066000 bpm=77 movement=420 sdhr=2.2
2026-04-13 08:47:03,544 INFO sleep_receiver uart: seq=720 status=3 consecutive=0 source=1 ts=1776066603 bpm=80 movement=118 sdhr=8.7
2026-04-13 08:47:55,795 WARNING sleep_receiver ble: disconnected
